source_form,university,semester_raw,recent_sgpa_raw,cgpa_raw,result_satisfaction,attendance,weekly_study_time,study_style,topic_clarity,sleep_duration,stress_frequency,weekly_responsibilities,desired_department_match,distraction_frequency,study_environment,support_level,admission_satisfaction,career_expectation,routine_manageability,department,department_grouped,cgpa_band,recent_sgpa_band,recent_sgpa_imputed,admission_satisfaction_code,desired_department_match_code,result_satisfaction_code,attendance_code,weekly_study_time_code,study_style_code,topic_clarity_code,sleep_duration_code,stress_frequency_code,weekly_responsibilities_code,distraction_frequency_code,study_environment_code,support_level_code,routine_manageability_code,career_expectation_code,target_code,recent_sgpa_code,cgpa_midpoint,academic_progress,academic_year,discipline_index,wellbeing_index,environment_index,motivation_index,effective_study,focus_balance,load_pressure
multi_uni,CUET,7.0,3.5+,3.5+,Neutral,75-89%,More than 15 hrs,Regularly but not every day,About half,6-7 hrs,Rarely,6-10 hrs,"Yes, exactly what I wanted",Sometimes,Neither good nor bad,Good support,Satisfied,Mostly,Mostly manageable,EEE,EEE,C2_3_50_to_3_74,C2_3_50_to_3_74,False,3,4,2,3,4,2,2,2,1,2,2,2,3,3,3,2,2,3.62,0.875,4,0.688,0.667,0.625,0.833,0.5,0.5,0.0
multi_uni,CUET,7.0,3.2+,3.2+,Neutral,75-89%,11-15 hrs,Mostly just before exams,Most of it,6-7 hrs,Sometimes,11-15 hrs,"Yes, exactly what I wanted",Sometimes,Neither good nor bad,Some support,Neutral,Mostly,Mostly manageable,EEE,EEE,C1_3_20_to_3_49,C1_3_20_to_3_49,False,2,4,2,3,3,1,3,2,2,3,2,2,2,3,3,1,1,3.35,0.875,4,0.562,0.583,0.5,0.75,0.562,0.25,0.25
multi_uni,CUET,7.0,3.75+,3.5+,Satisfied,75-89%,More than 15 hrs,Mostly consistent routine,Most of it,5-6 hrs,Rarely,6-10 hrs,"Yes, exactly what I wanted",Rarely,Mostly suitable,Good support,Neutral,Somewhat,Mostly manageable,EEE,EEE,C2_3_50_to_3_74,C3_3_75_plus,False,2,4,3,3,4,3,3,1,1,2,1,3,3,3,2,2,3,3.62,0.875,4,0.812,0.583,0.75,0.667,0.75,0.75,0.0
multi_uni,CUET,7.0,3.5+,3.2+,Satisfied,60-74%,11-15 hrs,Regularly but not every day,About half,5-6 hrs,Rarely,11-15 hrs,"Yes, exactly what I wanted",Sometimes,Somewhat distracting,Good support,Satisfied,Somewhat,Average,EEE,EEE,C1_3_20_to_3_49,C2_3_50_to_3_74,False,3,4,3,2,3,2,2,1,1,3,2,1,3,2,2,1,2,3.35,0.875,4,0.562,0.5,0.5,0.75,0.375,0.25,0.25
multi_uni,CUET,7.0,3.5+,3.5+,Neutral,75-89%,11-15 hrs,Regularly but not every day,About half,5-6 hrs,Rarely,11-15 hrs,"Yes, exactly what I wanted",Sometimes,Mostly suitable,Good support,Satisfied,Somewhat,Average,EEE,EEE,C2_3_50_to_3_74,C2_3_50_to_3_74,False,3,4,2,3,3,2,2,1,1,3,2,3,3,2,2,2,2,3.62,0.875,4,0.625,0.5,0.75,0.75,0.375,0.25,0.25
multi_uni,CUET,7.0,3.5+,3.5+,Neutral,75-89%,More than 15 hrs,Regularly but not every day,About half,6-7 hrs,Rarely,11-15 hrs,"Yes, exactly what I wanted",Sometimes,Neither good nor bad,Good support,Satisfied,Somewhat,Mostly manageable,Unknown,Unknown,C2_3_50_to_3_74,C2_3_50_to_3_74,False,3,4,2,3,4,2,2,2,1,3,2,2,3,3,2,2,2,3.62,0.875,4,0.688,0.667,0.625,0.75,0.5,0.5,0.125
multi_uni,CUET,7.0,3.2+,3.5+,Dissatisfied,75-89%,11-15 hrs,Regularly but not every day,Most of it,6-7 hrs,Rarely,11-15 hrs,"Yes, exactly what I wanted",Sometimes,Neither good nor bad,Good support,Neutral,Mostly,Average,EEE,EEE,C2_3_50_to_3_74,C1_3_20_to_3_49,False,2,4,1,3,3,2,3,2,1,3,2,2,3,2,3,2,1,3.62,0.875,4,0.625,0.583,0.625,0.75,0.562,0.25,0.25
multi_uni,CUET,7.0,3.5+,3.2+,Satisfied,75-89%,More than 15 hrs,Regularly but not every day,Most of it,5-6 hrs,Rarely,None,"Yes, exactly what I wanted",Sometimes,Mostly suitable,Good support,Neutral,Somewhat,Mostly manageable,CSE,CSE,C1_3_20_to_3_49,C2_3_50_to_3_74,False,2,4,3,3,4,2,3,1,1,0,2,3,3,3,2,1,2,3.35,0.875,4,0.688,0.583,0.75,0.667,0.75,0.5,-0.25
multi_uni,CUET,7.0,3.5+,3.5+,Neutral,75-89%,More than 15 hrs,Regularly but not every day,Most of it,6-7 hrs,Rarely,None,"Yes, exactly what I wanted",Sometimes,Mostly suitable,Good support,Neutral,Somewhat,Average,CSE,CSE,C2_3_50_to_3_74,C2_3_50_to_3_74,False,2,4,2,3,4,2,3,2,1,0,2,3,3,2,2,2,2,3.62,0.875,4,0.688,0.583,0.75,0.667,0.75,0.5,-0.125
multi_uni,BRAC,11.0,3.5+,3.5+,Very dissatisfied,90% or more,3-6 hrs,Occasionally when necessary,Most of it,6-7 hrs,Often,1-5 hrs,"Yes, exactly what I wanted",Often,Mostly suitable,Good support,Very dissatisfied,Mostly,Average,CSE,CSE,C2_3_50_to_3_74,C2_3_50_to_3_74,False,0,4,0,4,1,0,3,2,3,1,3,3,3,2,3,2,2,3.62,0.917,4,0.375,0.417,0.75,0.583,0.188,-0.5,0.25
multi_uni,BRAC,11.0,3.75+,3.5+,Very satisfied,75-89%,7-10 hrs,Regularly but not every day,About half,5-6 hrs,Sometimes,6-10 hrs,Close to what I wanted,Sometimes,Excellent for focused study,Strong support,Very satisfied,Mostly,Mostly manageable,CSE,CSE,C2_3_50_to_3_74,C3_3_75_plus,False,4,3,4,3,2,2,2,1,2,2,2,4,4,3,3,2,3,3.62,0.917,4,0.562,0.5,1.0,0.833,0.25,0.0,0.125
multi_uni,BRAC,10.0,3.2+,3.2+,Neutral,75-89%,3-6 hrs,Mostly just before exams,A little,6-7 hrs,Often,None,"Yes, exactly what I wanted",Almost every day,Mostly suitable,Some support,Very dissatisfied,Somewhat,Difficult to manage,CSE,CSE,C1_3_20_to_3_49,C1_3_20_to_3_49,False,0,4,2,3,1,1,1,2,3,0,4,3,2,1,2,1,1,3.35,0.833,4,0.312,0.333,0.625,0.5,0.062,-0.75,0.25
multi_uni,BRAC,10.0,3.5+,3.2+,Very dissatisfied,90% or more,Less than 3 hrs,Occasionally when necessary,About half,5-6 hrs,Sometimes,1-5 hrs,Somewhat different,Often,Neither good nor bad,Good support,Neutral,Somewhat,Average,CSE,CSE,C1_3_20_to_3_49,C2_3_50_to_3_74,False,2,2,0,4,0,0,2,1,2,1,3,2,3,2,2,1,2,3.35,0.833,4,0.312,0.417,0.625,0.5,0.0,-0.75,0.125
multi_uni,BRAC,10.0,3.9+,3.75+,Very dissatisfied,75-89%,7-10 hrs,Mostly just before exams,Most of it,6-7 hrs,Often,6-10 hrs,"Yes, exactly what I wanted",Sometimes,Mostly suitable,Some support,Very dissatisfied,Completely,Difficult to manage,CSE,CSE,C3_3_75_plus,C3_3_75_plus,False,0,4,0,3,2,1,3,2,3,2,2,3,2,1,4,3,3,3.87,0.833,4,0.5,0.333,0.625,0.667,0.375,0.0,0.5
multi_uni,BRAC,11.0,3.75+,3.75+,Neutral,90% or more,3-6 hrs,Occasionally when necessary,About half,7-8 hrs,Sometimes,1-5 hrs,Close to what I wanted,Often,Excellent for focused study,Good support,Very satisfied,Mostly,Mostly manageable,CSE,CSE,C3_3_75_plus,C3_3_75_plus,False,4,3,2,4,1,0,2,3,2,1,3,4,3,3,3,3,3,3.87,0.917,4,0.375,0.667,0.875,0.833,0.125,-0.5,0.0
multi_uni,BRAC,11.0,3.2+,3.5+,Very dissatisfied,75-89%,11-15 hrs,Regularly but not every day,A little,5-6 hrs,Almost always,11-15 hrs,"Yes, exactly what I wanted",Often,Somewhat distracting,Strong support,Very dissatisfied,Mostly,Difficult to manage,CSE,CSE,C2_3_50_to_3_74,C1_3_20_to_3_49,False,0,4,0,3,3,2,1,1,4,3,3,1,4,1,3,2,1,3.62,0.917,4,0.562,0.167,0.625,0.583,0.188,0.0,0.75
multi_uni,BRAC,10.0,3.0+,3.2+,Neutral,60-74%,7-10 hrs,Occasionally when necessary,About half,6-7 hrs,Sometimes,6-10 hrs,Mostly different,Sometimes,Mostly suitable,Some support,Neutral,Slightly,Average,CSE,CSE,C1_3_20_to_3_49,C0_below_3_20,False,2,1,2,2,2,0,2,2,2,2,2,3,2,2,1,1,0,3.35,0.833,4,0.375,0.5,0.625,0.333,0.25,0.0,0.25
multi_uni,BRAC,10.0,3.5+,3.5+,Very dissatisfied,90% or more,3-6 hrs,Regularly but not every day,Most of it,5-6 hrs,Often,More than 15 hrs,"Yes, exactly what I wanted",Almost every day,Mostly suitable,Good support,Very dissatisfied,Mostly,Difficult to manage,CSE,CSE,C2_3_50_to_3_74,C2_3_50_to_3_74,False,0,4,0,4,1,2,3,1,3,4,4,3,3,1,3,2,2,3.62,0.833,4,0.438,0.25,0.75,0.583,0.188,-0.75,0.75
multi_uni,BRAC,11.0,3.9+,3.75+,Very satisfied,90% or more,11-15 hrs,Occasionally when necessary,Most of it,6-7 hrs,Sometimes,None,"Yes, exactly what I wanted",Often,Excellent for focused study,Strong support,Very satisfied,Completely,Average,CSE,CSE,C3_3_75_plus,C3_3_75_plus,False,4,4,4,4,3,0,3,2,2,0,3,4,4,2,4,3,3,3.87,0.917,4,0.5,0.5,1.0,1.0,0.562,0.0,0.0
multi_uni,BRAC,11.0,3.5+,3.5+,Neutral,75-89%,7-10 hrs,Mostly just before exams,A little,5-6 hrs,Often,1-5 hrs,Close to what I wanted,Almost every day,Neither good nor bad,Good support,Very dissatisfied,Somewhat,Difficult to manage,CSE,CSE,C2_3_50_to_3_74,C2_3_50_to_3_74,False,0,3,2,3,2,1,1,1,3,1,4,2,3,1,2,2,2,3.62,0.917,4,0.375,0.25,0.625,0.417,0.125,-0.5,0.375
multi_uni,BRAC,10.0,3.2+,3.0+,Very dissatisfied,90% or more,3-6 hrs,Regularly but not every day,About half,7-8 hrs,Rarely,6-10 hrs,Somewhat different,Sometimes,Mostly suitable,Some support,Neutral,Mostly,Mostly manageable,CSE,CSE,C0_below_3_20,C1_3_20_to_3_49,False,2,2,0,4,1,2,2,3,1,2,2,3,2,3,3,0,1,3.0,0.833,4,0.562,0.75,0.625,0.583,0.125,-0.25,0.0
multi_uni,BRAC,10.0,3.75+,3.75+,Very dissatisfied,75-89%,Less than 3 hrs,Mostly just before exams,Most of it,5-6 hrs,Often,11-15 hrs,"Yes, exactly what I wanted",Rarely,Somewhat distracting,Very little support,Very dissatisfied,Somewhat,Difficult to manage,CSE,CSE,C3_3_75_plus,C3_3_75_plus,False,0,4,0,3,0,1,3,1,3,3,1,1,1,1,2,3,3,3.87,0.833,4,0.438,0.25,0.25,0.5,0.0,-0.25,0.625
multi_uni,BRAC,11.0,3.5+,3.2+,Very dissatisfied,90% or more,7-10 hrs,Mostly consistent routine,About half,6-7 hrs,Sometimes,1-5 hrs,Close to what I wanted,Often,Excellent for focused study,Good support,Very satisfied,Mostly,Mostly manageable,CSE,CSE,C1_3_20_to_3_49,C2_3_50_to_3_74,False,4,3,0,4,2,3,2,2,2,1,3,4,3,3,3,1,2,3.35,0.917,4,0.625,0.583,0.875,0.833,0.25,-0.25,0.0
multi_uni,BRAC,10.0,3.0+,3.0+,Very dissatisfied,75-89%,3-6 hrs,Occasionally when necessary,A little,Less than 5 hrs,Almost always,6-10 hrs,"Yes, exactly what I wanted",Almost every day,Mostly suitable,Strong support,Neutral,Slightly,Difficult to manage,CSE,CSE,C0_below_3_20,C0_below_3_20,False,2,4,0,3,1,0,1,0,4,2,4,3,4,1,1,0,0,3.0,0.833,4,0.25,0.083,0.875,0.583,0.062,-0.75,0.625
multi_uni,BRAC,11.0,3.75+,3.5+,Very satisfied,90% or more,7-10 hrs,Regularly but not every day,Most of it,7-8 hrs,Rarely,None,"Yes, exactly what I wanted",Sometimes,Neither good nor bad,Some support,Very dissatisfied,Completely,Mostly manageable,CSE,CSE,C2_3_50_to_3_74,C3_3_75_plus,False,0,4,4,4,2,2,3,3,1,0,2,2,2,3,4,2,3,3.62,0.917,4,0.625,0.75,0.5,0.667,0.375,0.0,-0.25
multi_uni,BRAC,10.0,3.2+,3.2+,Neutral,60-74%,11-15 hrs,Mostly consistent routine,About half,6-7 hrs,Often,More than 15 hrs,Somewhat different,Often,Somewhat distracting,Good support,Very dissatisfied,Mostly,Average,CSE,CSE,C1_3_20_to_3_49,C1_3_20_to_3_49,False,0,2,2,2,3,3,2,2,3,4,3,1,3,2,3,1,1,3.35,0.833,4,0.562,0.417,0.5,0.417,0.375,0.0,0.625
multi_uni,BRAC,10.0,3.5+,3.2+,Neutral,75-89%,3-6 hrs,Regularly but not every day,Most of it,7-8 hrs,Rarely,More than 15 hrs,Close to what I wanted,Almost every day,Neither good nor bad,Very little support,Very dissatisfied,Somewhat,Difficult to manage,CSE,CSE,C1_3_20_to_3_49,C2_3_50_to_3_74,False,0,3,2,3,1,2,3,3,1,4,4,2,1,1,2,1,2,3.35,0.833,4,0.375,0.583,0.375,0.417,0.188,-0.75,0.5
multi_uni,BRAC,11.0,3.5+,3.75+,Neutral,90% or more,7-10 hrs,Occasionally when necessary,A little,More than 8 hrs,Never,More than 15 hrs,Somewhat different,Sometimes,Neither good nor bad,Good support,Very satisfied,Somewhat,Average,CSE,CSE,C3_3_75_plus,C2_3_50_to_3_74,False,4,2,2,4,2,0,1,4,0,4,2,2,3,2,2,3,2,3.87,0.917,4,0.5,0.833,0.625,0.667,0.125,0.0,0.25
multi_uni,BRAC,10.0,3.2+,3.0+,Neutral,60-74%,3-6 hrs,Occasionally when necessary,Most of it,7-8 hrs,Sometimes,1-5 hrs,Somewhat different,Often,Neither good nor bad,Strong support,Very dissatisfied,Mostly,Difficult to manage,CSE,CSE,C0_below_3_20,C1_3_20_to_3_49,False,0,2,2,2,1,0,3,3,2,1,3,2,4,1,3,0,1,3.0,0.833,4,0.25,0.5,0.75,0.417,0.188,-0.5,0.25
multi_uni,BRAC,11.0,3.75+,3.5+,Very satisfied,90% or more,7-10 hrs,Occasionally when necessary,A little,7-8 hrs,Almost always,None,Somewhat different,Often,Excellent for focused study,Some support,Very dissatisfied,Mostly,Difficult to manage,CSE,CSE,C2_3_50_to_3_74,C3_3_75_plus,False,0,2,4,4,2,0,1,3,4,0,3,4,2,1,3,2,3,3.62,0.917,4,0.438,0.333,0.75,0.417,0.125,-0.25,0.375
multi_uni,BUET,7.0,3.0+,3.2+,Very satisfied,75-89%,3-6 hrs,Mostly just before exams,About half,Less than 5 hrs,Sometimes,11-15 hrs,Not at all what I wanted,Rarely,Mostly suitable,Some support,Very satisfied,Completely,Mostly manageable,CSE,CSE,C1_3_20_to_3_49,C0_below_3_20,False,4,0,4,3,1,1,2,0,2,3,1,3,2,3,4,1,0,3.35,0.875,4,0.5,0.417,0.625,0.667,0.125,0.0,0.25
multi_uni,BUET,7.0,3.9+,3.9+,Very satisfied,90% or more,7-10 hrs,Consistent throughout the semester,Almost everything,6-7 hrs,Almost always,1-5 hrs,Somewhat different,Almost every day,Excellent for focused study,Good support,Very dissatisfied,Mostly,Mostly manageable,CSE,CSE,C3_3_75_plus,C3_3_75_plus,False,0,2,4,4,2,4,4,2,4,1,4,4,3,3,3,3,3,3.87,0.875,4,0.625,0.417,0.875,0.417,0.5,-0.5,0.25
multi_uni,BRAC,10.0,3.75+,3.75+,Neutral,90% or more,3-6 hrs,Mostly just before exams,Almost nothing,5-6 hrs,Often,None,"Yes, exactly what I wanted",Often,Somewhat distracting,Good support,Very dissatisfied,Somewhat,Difficult to manage,CSE,CSE,C3_3_75_plus,C3_3_75_plus,False,0,4,2,4,1,1,0,1,3,0,3,1,3,1,2,3,3,3.87,0.833,4,0.438,0.25,0.5,0.5,0.0,-0.5,0.25
multi_uni,BRAC,10.0,3.2+,3.2+,Very dissatisfied,60-74%,7-10 hrs,Regularly but not every day,About half,6-7 hrs,Often,6-10 hrs,Somewhat different,Almost every day,Neither good nor bad,Good support,Neutral,Completely,Difficult to manage,CSE,CSE,C1_3_20_to_3_49,C1_3_20_to_3_49,False,2,2,0,2,2,2,2,2,3,2,4,2,3,1,4,1,1,3.35,0.833,4,0.375,0.333,0.625,0.667,0.25,-0.5,0.5
multi_uni,BRAC,10.0,Below,Below,Neutral,90% or more,3-6 hrs,Occasionally when necessary,A little,7-8 hrs,Sometimes,11-15 hrs,Close to what I wanted,Often,Excellent for focused study,Good support,Very satisfied,Mostly,Difficult to manage,CSE,CSE,C0_below_3_20,C0_below_3_20,False,4,3,2,4,1,0,1,3,2,3,3,4,3,1,3,0,0,3.0,0.833,4,0.375,0.5,0.875,0.833,0.062,-0.5,0.5
multi_uni,BUET,7.0,3.9+,3.9+,Very satisfied,75-89%,3-6 hrs,Regularly but not every day,Almost everything,5-6 hrs,Often,6-10 hrs,Close to what I wanted,Sometimes,Mostly suitable,Very little support,Very satisfied,Somewhat,Difficult to manage,CSE,CSE,C3_3_75_plus,C3_3_75_plus,False,4,3,4,3,1,2,4,1,3,2,2,3,1,1,2,3,3,3.87,0.875,4,0.5,0.25,0.5,0.75,0.25,-0.25,0.5
multi_uni,BRAC,11.0,3.5+,3.2+,Very dissatisfied,75-89%,7-10 hrs,Regularly but not every day,About half,6-7 hrs,Almost always,More than 15 hrs,"Yes, exactly what I wanted",Often,Mostly suitable,Very little support,Very dissatisfied,Mostly,Average,CSE,CSE,C1_3_20_to_3_49,C2_3_50_to_3_74,False,0,4,0,3,2,2,2,2,4,4,3,3,1,2,3,1,2,3.35,0.917,4,0.5,0.333,0.5,0.583,0.25,-0.25,0.75
multi_uni,BRAC,10.0,3.5+,3.2+,Neutral,75-89%,More than 15 hrs,Regularly but not every day,About half,7-8 hrs,Sometimes,11-15 hrs,"Yes, exactly what I wanted",Often,Neither good nor bad,Strong support,Very dissatisfied,Somewhat,Difficult to manage,CSE,CSE,C1_3_20_to_3_49,C2_3_50_to_3_74,False,0,4,2,3,4,2,2,3,2,3,3,2,4,1,2,1,2,3.35,0.833,4,0.625,0.5,0.75,0.5,0.5,0.25,0.5
multi_uni,BRAC,11.0,3.5+,3.2+,Very dissatisfied,90% or more,11-15 hrs,Occasionally when necessary,About half,Less than 5 hrs,Sometimes,11-15 hrs,"Yes, exactly what I wanted",Sometimes,Mostly suitable,Good support,Very dissatisfied,Slightly,Average,CSE,CSE,C1_3_20_to_3_49,C2_3_50_to_3_74,False,0,4,0,4,3,0,2,0,2,3,2,3,3,2,1,1,2,3.35,0.917,4,0.562,0.333,0.75,0.417,0.375,0.25,0.375
multi_uni,BRAC,11.0,3.75+,3.5+,Very dissatisfied,75-89%,3-6 hrs,Mostly just before exams,Almost nothing,7-8 hrs,Sometimes,6-10 hrs,Close to what I wanted,Almost every day,Mostly suitable,Strong support,Very dissatisfied,Somewhat,Average,CSE,CSE,C2_3_50_to_3_74,C3_3_75_plus,False,0,3,0,3,1,1,0,3,2,2,4,3,4,2,2,2,3,3.62,0.917,4,0.312,0.583,0.875,0.417,0.0,-0.75,0.25
multi_uni,BUET,7.0,3.0+,3.2+,Neutral,90% or more,11-15 hrs,Regularly but not every day,Almost everything,5-6 hrs,Rarely,6-10 hrs,Close to what I wanted,Never,Neither good nor bad,Good support,Very dissatisfied,Slightly,Mostly manageable,CSE,CSE,C1_3_20_to_3_49,C0_below_3_20,False,0,3,2,4,3,2,4,1,1,2,0,2,3,3,1,1,0,3.35,0.875,4,0.812,0.583,0.625,0.333,0.75,0.75,0.0
multi_uni,BUET,7.0,3.0+,3.2+,Very dissatisfied,90% or more,7-10 hrs,Occasionally when necessary,Almost everything,Less than 5 hrs,Sometimes,More than 15 hrs,"Yes, exactly what I wanted",Sometimes,Neither good nor bad,Very little support,Very dissatisfied,Somewhat,Average,CSE,CSE,C1_3_20_to_3_49,C0_below_3_20,False,0,4,0,4,2,0,4,0,2,4,2,2,1,2,2,1,0,3.35,0.875,4,0.5,0.333,0.375,0.5,0.5,0.0,0.5
multi_uni,BUET,7.0,3.75+,3.75+,Neutral,90% or more,11-15 hrs,Regularly but not every day,About half,7-8 hrs,Almost always,11-15 hrs,Close to what I wanted,Often,Mostly suitable,Strong support,Very dissatisfied,Completely,Average,CSE,CSE,C3_3_75_plus,C3_3_75_plus,False,0,3,2,4,3,2,2,3,4,3,3,3,4,2,4,3,3,3.87,0.875,4,0.625,0.417,0.875,0.583,0.375,0.0,0.625
multi_uni,BRAC,10.0,Below,Below,Very dissatisfied,75-89%,3-6 hrs,Mostly consistent routine,About half,5-6 hrs,Sometimes,11-15 hrs,"Yes, exactly what I wanted",Rarely,Somewhat distracting,Good support,Very dissatisfied,Slightly,Difficult to manage,CSE,CSE,C0_below_3_20,C0_below_3_20,False,0,4,0,3,1,3,2,1,2,3,1,1,3,1,1,0,0,3.0,0.833,4,0.625,0.333,0.5,0.417,0.125,0.0,0.5
multi_uni,BRAC,11.0,3.9+,3.9+,Neutral,90% or more,Less than 3 hrs,Mostly just before exams,About half,6-7 hrs,Often,None,"Yes, exactly what I wanted",Often,Somewhat distracting,Some support,Very dissatisfied,Somewhat,Average,CSE,CSE,C3_3_75_plus,C3_3_75_plus,False,0,4,2,4,0,1,2,2,3,0,3,1,2,2,2,3,3,3.87,0.917,4,0.375,0.417,0.375,0.5,0.0,-0.75,0.125
multi_uni,BUET,7.0,3.5+,3.5+,Very dissatisfied,90% or more,3-6 hrs,Mostly consistent routine,About half,6-7 hrs,Rarely,6-10 hrs,"Yes, exactly what I wanted",Often,Mostly suitable,Some support,Very satisfied,Somewhat,Average,CSE,CSE,C2_3_50_to_3_74,C2_3_50_to_3_74,False,4,4,0,4,1,3,2,2,1,2,3,3,2,2,2,2,2,3.62,0.875,4,0.562,0.583,0.625,0.833,0.125,-0.5,0.125
multi_uni,BRAC,11.0,3.9+,3.75+,Very dissatisfied,90% or more,7-10 hrs,Mostly just before exams,About half,7-8 hrs,Often,None,Close to what I wanted,Almost every day,Somewhat distracting,Some support,Very dissatisfied,Mostly,Mostly manageable,CSE,CSE,C3_3_75_plus,C3_3_75_plus,False,0,3,0,4,2,1,2,3,3,0,4,1,2,3,3,3,3,3.87,0.917,4,0.438,0.583,0.375,0.5,0.25,-0.5,0.0
multi_uni,BRAC,10.0,3.75+,3.75+,Very dissatisfied,60-74%,11-15 hrs,Occasionally when necessary,About half,6-7 hrs,Often,None,"Yes, exactly what I wanted",Often,Neither good nor bad,Some support,Very dissatisfied,Mostly,Average,CSE,CSE,C3_3_75_plus,C3_3_75_plus,False,0,4,0,2,3,0,2,2,3,0,3,2,2,2,3,3,3,3.87,0.833,4,0.375,0.417,0.5,0.583,0.375,0.0,0.125
multi_uni,BRAC,11.0,3.9+,3.9+,Neutral,60-74%,7-10 hrs,Mostly consistent routine,About half,6-7 hrs,Often,1-5 hrs,Close to what I wanted,Often,Mostly suitable,Good support,Neutral,Mostly,Difficult to manage,CSE,CSE,C3_3_75_plus,C3_3_75_plus,False,2,3,2,2,2,3,2,2,3,1,3,3,3,1,3,3,3,3.87,0.917,4,0.5,0.333,0.75,0.667,0.25,-0.25,0.375
multi_uni,BUET,7.0,3.5+,3.2+,Very dissatisfied,75-89%,11-15 hrs,Mostly just before exams,A little,5-6 hrs,Sometimes,1-5 hrs,Somewhat different,Often,Neither good nor bad,Some support,Very dissatisfied,Mostly,Average,CSE,CSE,C1_3_20_to_3_49,C2_3_50_to_3_74,False,0,2,0,3,3,1,1,1,2,1,3,2,2,2,3,1,2,3.35,0.875,4,0.5,0.417,0.5,0.417,0.188,0.0,0.125
multi_uni,BUET,7.0,Below,Below,Very dissatisfied,75-89%,Less than 3 hrs,Occasionally when necessary,Almost everything,5-6 hrs,Rarely,1-5 hrs,Mostly different,Often,Mostly suitable,Very little support,Very dissatisfied,Somewhat,Mostly manageable,CSE,CSE,C0_below_3_20,C0_below_3_20,False,0,1,0,3,0,0,4,1,1,1,3,3,1,3,2,0,0,3.0,0.875,4,0.25,0.583,0.5,0.25,0.0,-0.75,-0.125
multi_uni,BRAC,10.0,3.0+,3.0+,Very dissatisfied,90% or more,3-6 hrs,Mostly consistent routine,Almost everything,7-8 hrs,Rarely,6-10 hrs,"Yes, exactly what I wanted",Often,Mostly suitable,Good support,Neutral,Completely,Average,CSE,CSE,C0_below_3_20,C0_below_3_20,False,2,4,0,4,1,3,4,3,1,2,3,3,3,2,4,0,0,3.0,0.833,4,0.562,0.667,0.75,0.833,0.25,-0.5,0.125
multi_uni,BRAC,11.0,3.2+,3.2+,Very dissatisfied,60-74%,11-15 hrs,Regularly but not every day,About half,7-8 hrs,Often,1-5 hrs,"Yes, exactly what I wanted",Almost every day,Neither good nor bad,Some support,Very satisfied,Mostly,Difficult to manage,CSE,CSE,C1_3_20_to_3_49,C1_3_20_to_3_49,False,4,4,0,2,3,2,2,3,3,1,4,2,2,1,3,1,1,3.35,0.917,4,0.438,0.417,0.5,0.917,0.375,-0.25,0.375
multi_uni,BRAC,10.0,3.5+,3.5+,Very dissatisfied,75-89%,Less than 3 hrs,Mostly consistent routine,About half,Less than 5 hrs,Rarely,More than 15 hrs,"Yes, exactly what I wanted",Rarely,Mostly suitable,Good support,Neutral,Somewhat,Average,CSE,CSE,C2_3_50_to_3_74,C2_3_50_to_3_74,False,2,4,0,3,0,3,2,0,1,4,1,3,3,2,2,2,2,3.62,0.833,4,0.562,0.417,0.75,0.667,0.0,-0.25,0.375
multi_uni,BUET,7.0,3.5+,3.5+,Very dissatisfied,90% or more,7-10 hrs,Mostly consistent routine,About half,5-6 hrs,Often,1-5 hrs,Mostly different,Often,Mostly suitable,No support,Very dissatisfied,Mostly,Average,CSE,CSE,C2_3_50_to_3_74,C2_3_50_to_3_74,False,0,1,0,4,2,3,2,1,3,1,3,3,0,2,3,2,2,3.62,0.875,4,0.625,0.333,0.375,0.333,0.25,-0.25,0.25
multi_uni,BRAC,10.0,3.0+,3.2+,Very dissatisfied,90% or more,7-10 hrs,Mostly just before exams,About half,6-7 hrs,Never,6-10 hrs,"Yes, exactly what I wanted",Almost every day,Mostly suitable,Some support,Very dissatisfied,Completely,Average,CSE,CSE,C1_3_20_to_3_49,C0_below_3_20,False,0,4,0,4,2,1,2,2,0,2,4,3,2,2,4,1,0,3.35,0.833,4,0.438,0.667,0.625,0.667,0.25,-0.5,0.0
multi_uni,BRAC,11.0,3.2+,3.5+,Very dissatisfied,90% or more,More than 15 hrs,Occasionally when necessary,About half,6-7 hrs,Sometimes,More than 15 hrs,"Yes, exactly what I wanted",Almost every day,Mostly suitable,Some support,Very satisfied,Mostly,Difficult to manage,CSE,CSE,C2_3_50_to_3_74,C1_3_20_to_3_49,False,4,4,0,4,4,0,2,2,2,4,4,3,2,1,3,2,1,3.62,0.917,4,0.5,0.417,0.625,0.917,0.5,0.0,0.625
multi_uni,BRAC,10.0,3.9+,3.75+,Very dissatisfied,75-89%,7-10 hrs,Regularly but not every day,About half,7-8 hrs,Almost always,1-5 hrs,Somewhat different,Often,Mostly suitable,Good support,Very dissatisfied,Slightly,Difficult to manage,CSE,CSE,C3_3_75_plus,C3_3_75_plus,False,0,2,0,3,2,2,2,3,4,1,3,3,3,1,1,3,3,3.87,0.833,4,0.5,0.333,0.75,0.25,0.25,-0.25,0.5
multi_uni,BRAC,11.0,3.5+,3.5+,Neutral,75-89%,3-6 hrs,Regularly but not every day,Almost everything,7-8 hrs,Rarely,1-5 hrs,Close to what I wanted,Rarely,Neither good nor bad,Strong support,Very dissatisfied,Somewhat,Mostly manageable,CSE,CSE,C2_3_50_to_3_74,C2_3_50_to_3_74,False,0,3,2,3,1,2,4,3,1,1,1,2,4,3,2,2,2,3.62,0.917,4,0.562,0.75,0.75,0.417,0.25,0.0,-0.125
multi_uni,BRAC,11.0,3.5+,3.5+,Neutral,75-89%,7-10 hrs,Mostly just before exams,Almost nothing,6-7 hrs,Often,More than 15 hrs,"Yes, exactly what I wanted",Never,Somewhat distracting,Some support,Neutral,Slightly,Average,CSE,CSE,C2_3_50_to_3_74,C2_3_50_to_3_74,False,2,4,2,3,2,1,0,2,3,4,0,1,2,2,1,2,2,3.62,0.917,4,0.625,0.417,0.375,0.583,0.0,0.5,0.625
multi_uni,BRAC,10.0,3.5+,3.5+,Neutral,75-89%,Less than 3 hrs,Regularly but not every day,A little,6-7 hrs,Often,6-10 hrs,"Yes, exactly what I wanted",Rarely,Very distracting,Strong support,Very dissatisfied,Mostly,Average,CSE,CSE,C2_3_50_to_3_74,C2_3_50_to_3_74,False,0,4,2,3,0,2,1,2,3,2,1,0,4,2,3,2,2,3.62,0.833,4,0.5,0.417,0.5,0.583,0.0,-0.25,0.375
multi_uni,BRAC,10.0,3.9+,3.75+,Neutral,75-89%,3-6 hrs,Mostly just before exams,Most of it,7-8 hrs,Often,1-5 hrs,Close to what I wanted,Often,Neither good nor bad,Some support,Very dissatisfied,Slightly,Difficult to manage,CSE,CSE,C3_3_75_plus,C3_3_75_plus,False,0,3,2,3,1,1,3,3,3,1,3,2,2,1,1,3,3,3.87,0.833,4,0.375,0.417,0.5,0.333,0.188,-0.5,0.375
multi_uni,BRAC,11.0,3.9+,3.9+,Neutral,75-89%,7-10 hrs,Regularly but not every day,About half,7-8 hrs,Often,1-5 hrs,Mostly different,Rarely,Excellent for focused study,Some support,Satisfied,Slightly,Mostly manageable,CSE,CSE,C3_3_75_plus,C3_3_75_plus,False,3,1,2,3,2,2,2,3,3,1,1,4,2,3,1,3,3,3.87,0.917,4,0.625,0.583,0.75,0.417,0.25,0.25,0.125
multi_uni,BRAC,10.0,3.75+,3.9+,Very satisfied,90% or more,3-6 hrs,Mostly just before exams,A little,5-6 hrs,Almost always,None,Close to what I wanted,Often,Very distracting,Good support,Satisfied,Completely,Average,CSE,CSE,C3_3_75_plus,C3_3_75_plus,False,3,3,4,4,1,1,1,1,4,0,3,0,3,2,4,3,3,3.87,0.833,4,0.438,0.25,0.375,0.833,0.062,-0.5,0.25
multi_uni,BRAC,11.0,3.5+,3.5+,Satisfied,75-89%,3-6 hrs,Mostly just before exams,A little,6-7 hrs,Often,1-5 hrs,Somewhat different,Often,Somewhat distracting,Good support,Satisfied,Mostly,Mostly manageable,CSE,CSE,C2_3_50_to_3_74,C2_3_50_to_3_74,False,3,2,3,3,1,1,1,2,3,1,3,1,3,3,3,2,2,3.62,0.917,4,0.375,0.5,0.5,0.667,0.062,-0.5,0.125
multi_uni,BRAC,10.0,3.5+,3.75+,Satisfied,75-89%,7-10 hrs,Consistent throughout the semester,About half,5-6 hrs,Often,1-5 hrs,"Yes, exactly what I wanted",Sometimes,Somewhat distracting,Some support,Neutral,Slightly,Completely unmanageable,CSE,CSE,C3_3_75_plus,C2_3_50_to_3_74,False,2,4,3,3,2,4,2,1,3,1,2,1,2,0,1,3,2,3.87,0.833,4,0.688,0.167,0.375,0.583,0.25,0.0,0.5
multi_uni,BRAC,11.0,3.5+,3.75+,Very satisfied,60-74%,Less than 3 hrs,Occasionally when necessary,A little,Less than 5 hrs,Sometimes,1-5 hrs,Close to what I wanted,Often,Mostly suitable,Strong support,Satisfied,Somewhat,Average,CSE,CSE,C3_3_75_plus,C2_3_50_to_3_74,False,3,3,4,2,0,0,1,0,2,1,3,3,4,2,2,3,2,3.87,0.917,4,0.188,0.333,0.875,0.667,0.0,-0.75,0.125
multi_uni,BRAC,10.0,3.5+,3.5+,Neutral,75-89%,3-6 hrs,Regularly but not every day,About half,More than 8 hrs,Often,6-10 hrs,Not at all what I wanted,Never,Excellent for focused study,Good support,Satisfied,Mostly,Average,CSE,CSE,C2_3_50_to_3_74,C2_3_50_to_3_74,False,3,0,2,3,1,2,2,4,3,2,0,4,3,2,3,2,2,3.62,0.833,4,0.625,0.583,0.875,0.5,0.125,0.25,0.375
multi_uni,BRAC,11.0,3.5+,3.2+,Neutral,75-89%,11-15 hrs,Regularly but not every day,About half,6-7 hrs,Often,11-15 hrs,"Yes, exactly what I wanted",Almost every day,Somewhat distracting,Good support,Satisfied,Completely,Difficult to manage,CSE,CSE,C1_3_20_to_3_49,C2_3_50_to_3_74,False,3,4,2,3,3,2,2,2,3,3,4,1,3,1,4,1,2,3.35,0.917,4,0.5,0.333,0.5,0.917,0.375,-0.25,0.625
multi_uni,BRAC,10.0,3.0+,3.0+,Satisfied,90% or more,7-10 hrs,Occasionally when necessary,Most of it,7-8 hrs,Often,None,Mostly different,Sometimes,Excellent for focused study,Strong support,Neutral,Mostly,Completely unmanageable,CSE,CSE,C0_below_3_20,C0_below_3_20,False,2,1,3,4,2,0,3,3,3,0,2,4,4,0,3,0,0,3.0,0.833,4,0.5,0.333,1.0,0.5,0.375,0.0,0.375
multi_uni,BRAC,11.0,Below,Below,Satisfied,75-89%,7-10 hrs,Mostly consistent routine,Most of it,6-7 hrs,Sometimes,More than 15 hrs,"Yes, exactly what I wanted",Almost every day,Somewhat distracting,Good support,Very satisfied,Slightly,Difficult to manage,CSE,CSE,C0_below_3_20,C0_below_3_20,False,4,4,3,3,2,3,3,2,2,4,4,1,3,1,1,0,0,3.0,0.917,4,0.5,0.417,0.5,0.75,0.375,-0.5,0.625
multi_uni,BRAC,11.0,3.9+,3.75+,Very satisfied,75-89%,3-6 hrs,Mostly just before exams,About half,7-8 hrs,Often,1-5 hrs,"Yes, exactly what I wanted",Often,Very distracting,Good support,Satisfied,Mostly,Difficult to manage,EEE,EEE,C3_3_75_plus,C3_3_75_plus,False,3,4,4,3,1,1,2,3,3,1,3,0,3,1,3,3,3,3.87,0.917,4,0.375,0.417,0.375,0.833,0.125,-0.5,0.375
multi_uni,BRAC,10.0,3.2+,3.5+,Neutral,75-89%,7-10 hrs,Mostly consistent routine,Almost nothing,Less than 5 hrs,Often,6-10 hrs,"Yes, exactly what I wanted",Sometimes,Neither good nor bad,Strong support,Neutral,Mostly,Average,CSE,CSE,C2_3_50_to_3_74,C1_3_20_to_3_49,False,2,4,2,3,2,3,0,0,3,2,2,2,4,2,3,2,1,3.62,0.833,4,0.625,0.25,0.75,0.75,0.0,0.0,0.375
multi_uni,BRAC,10.0,3.2+,3.2+,Neutral,75-89%,Less than 3 hrs,Mostly consistent routine,About half,7-8 hrs,Almost always,None,"Yes, exactly what I wanted",Sometimes,Excellent for focused study,Very little support,Neutral,Somewhat,Difficult to manage,EEE,EEE,C1_3_20_to_3_49,C1_3_20_to_3_49,False,2,4,2,3,0,3,2,3,4,0,2,4,1,1,2,1,1,3.35,0.833,4,0.5,0.333,0.625,0.667,0.0,-0.5,0.375
multi_uni,BRAC,10.0,3.2+,3.2+,Very satisfied,75-89%,Less than 3 hrs,Mostly consistent routine,Almost nothing,6-7 hrs,Rarely,6-10 hrs,Somewhat different,Often,Neither good nor bad,Very little support,Neutral,Mostly,Difficult to manage,CSE,CSE,C1_3_20_to_3_49,C1_3_20_to_3_49,False,2,2,4,3,0,3,0,2,1,2,3,2,1,1,3,1,1,3.35,0.833,4,0.438,0.5,0.375,0.583,0.0,-0.75,0.25
multi_uni,BRAC,11.0,3.5+,3.5+,Very satisfied,90% or more,Less than 3 hrs,Consistent throughout the semester,A little,5-6 hrs,Rarely,None,Close to what I wanted,Almost every day,Mostly suitable,Very little support,Satisfied,Mostly,Average,EEE,EEE,C2_3_50_to_3_74,C2_3_50_to_3_74,False,3,3,4,4,0,4,1,1,1,0,4,3,1,2,3,2,2,3.62,0.917,4,0.5,0.5,0.5,0.75,0.0,-1.0,-0.125
multi_uni,BRAC,10.0,3.2+,3.2+,Satisfied,90% or more,3-6 hrs,Mostly just before exams,Most of it,6-7 hrs,Sometimes,6-10 hrs,Somewhat different,Often,Mostly suitable,No support,Neutral,Mostly,Average,CSE,CSE,C1_3_20_to_3_49,C1_3_20_to_3_49,False,2,2,3,4,1,1,3,2,2,2,3,3,0,2,3,1,1,3.35,0.833,4,0.438,0.5,0.375,0.583,0.188,-0.5,0.25
multi_uni,BRAC,10.0,3.0+,3.2+,Satisfied,75-89%,7-10 hrs,Mostly just before exams,Most of it,6-7 hrs,Almost always,1-5 hrs,"Yes, exactly what I wanted",Often,Mostly suitable,Good support,Satisfied,Mostly,Average,ECE,ECE,C1_3_20_to_3_49,C0_below_3_20,False,3,4,3,3,2,1,3,2,4,1,3,3,3,2,3,1,0,3.35,0.833,4,0.438,0.333,0.75,0.833,0.375,-0.25,0.375
multi_uni,BRAC,11.0,3.9+,3.9+,Neutral,90% or more,11-15 hrs,Mostly just before exams,A little,5-6 hrs,Sometimes,11-15 hrs,Close to what I wanted,Never,Somewhat distracting,Good support,Neutral,Mostly,Difficult to manage,EEE,EEE,C3_3_75_plus,C3_3_75_plus,False,2,3,2,4,3,1,1,1,2,3,0,1,3,1,3,3,3,3.87,0.917,4,0.75,0.333,0.5,0.667,0.188,0.75,0.5
multi_uni,BRAC,11.0,3.2+,3.2+,Very satisfied,90% or more,11-15 hrs,Regularly but not every day,About half,Less than 5 hrs,Almost always,1-5 hrs,Close to what I wanted,Sometimes,Excellent for focused study,Very little support,Satisfied,Mostly,Very healthy and balanced,CSE,CSE,C1_3_20_to_3_49,C1_3_20_to_3_49,False,3,3,4,4,3,2,2,0,4,1,2,4,1,4,3,1,1,3.35,0.917,4,0.688,0.333,0.625,0.75,0.375,0.25,0.125
multi_uni,BRAC,10.0,3.2+,3.5+,Very satisfied,90% or more,7-10 hrs,Mostly consistent routine,A little,6-7 hrs,Rarely,6-10 hrs,Close to what I wanted,Often,Somewhat distracting,Some support,Neutral,Completely,Average,EEE,EEE,C2_3_50_to_3_74,C1_3_20_to_3_49,False,2,3,4,4,2,3,1,2,1,2,3,1,2,2,4,2,1,3.62,0.833,4,0.625,0.583,0.375,0.75,0.125,-0.25,0.125
multi_uni,BRAC,11.0,3.75+,3.75+,Satisfied,75-89%,Less than 3 hrs,Consistent throughout the semester,Almost everything,6-7 hrs,Sometimes,None,"Yes, exactly what I wanted",Almost every day,Excellent for focused study,Some support,Dissatisfied,Slightly,Difficult to manage,ECE,ECE,C3_3_75_plus,C3_3_75_plus,False,1,4,3,3,0,4,4,2,2,0,4,4,2,1,1,3,3,3.87,0.917,4,0.438,0.417,0.75,0.5,0.0,-1.0,0.125
multi_uni,BRAC,11.0,3.0+,3.2+,Neutral,75-89%,3-6 hrs,Regularly but not every day,A little,6-7 hrs,Often,None,"Yes, exactly what I wanted",Often,Somewhat distracting,Some support,Neutral,Somewhat,Mostly manageable,CSE,CSE,C1_3_20_to_3_49,C0_below_3_20,False,2,4,2,3,1,2,1,2,3,0,3,1,2,3,2,1,0,3.35,0.917,4,0.438,0.5,0.375,0.667,0.062,-0.5,0.0
multi_uni,BRAC,11.0,3.0+,3.0+,Neutral,75-89%,7-10 hrs,Mostly just before exams,Most of it,7-8 hrs,Sometimes,6-10 hrs,Close to what I wanted,Often,Excellent for focused study,Some support,Very satisfied,Somewhat,Average,ECE,ECE,C0_below_3_20,C0_below_3_20,False,4,3,2,3,2,1,3,3,2,2,3,4,2,2,2,0,0,3.0,0.917,4,0.438,0.583,0.75,0.75,0.375,-0.25,0.25
multi_uni,BRAC,11.0,3.75+,3.75+,Neutral,90% or more,3-6 hrs,Mostly just before exams,About half,7-8 hrs,Almost always,6-10 hrs,"Yes, exactly what I wanted",Often,Mostly suitable,Some support,Neutral,Slightly,Mostly manageable,CSE,CSE,C3_3_75_plus,C3_3_75_plus,False,2,4,2,4,1,1,2,3,4,2,3,3,2,3,1,3,3,3.87,0.917,4,0.438,0.5,0.625,0.583,0.125,-0.5,0.375
multi_uni,BRAC,10.0,3.5+,3.5+,Satisfied,90% or more,Less than 3 hrs,Regularly but not every day,A little,5-6 hrs,Almost always,None,Somewhat different,Almost every day,Mostly suitable,No support,Satisfied,Mostly,Mostly manageable,CSE,CSE,C2_3_50_to_3_74,C2_3_50_to_3_74,False,3,2,3,4,0,2,1,1,4,0,4,3,0,3,3,2,2,3.62,0.833,4,0.375,0.333,0.375,0.667,0.0,-1.0,0.125
multi_uni,BUET,7.0,3.2+,3.0+,Neutral,90% or more,3-6 hrs,Mostly just before exams,A little,7-8 hrs,Often,1-5 hrs,Mostly different,Rarely,Somewhat distracting,Good support,Very satisfied,Slightly,Very healthy and balanced,CSE,CSE,C0_below_3_20,C1_3_20_to_3_49,False,4,1,2,4,1,1,1,3,3,1,1,1,3,4,1,0,1,3.0,0.875,4,0.562,0.667,0.5,0.5,0.062,0.0,0.0
multi_uni,BUET,7.0,3.5+,3.5+,Neutral,75-89%,7-10 hrs,Consistent throughout the semester,Most of it,7-8 hrs,Almost always,6-10 hrs,Somewhat different,Often,Mostly suitable,Some support,Very satisfied,Completely,Mostly manageable,CSE,CSE,C2_3_50_to_3_74,C2_3_50_to_3_74,False,4,2,2,3,2,4,3,3,4,2,3,3,2,3,4,2,2,3.62,0.875,4,0.625,0.5,0.625,0.833,0.375,-0.25,0.375
multi_uni,BRAC,11.0,3.2+,3.2+,Neutral,90% or more,7-10 hrs,Consistent throughout the semester,Most of it,Less than 5 hrs,Rarely,None,"Yes, exactly what I wanted",Sometimes,Excellent for focused study,Some support,Satisfied,Somewhat,Difficult to manage,CSE,CSE,C1_3_20_to_3_49,C1_3_20_to_3_49,False,3,4,2,4,2,4,3,0,1,0,2,4,2,1,2,1,1,3.35,0.917,4,0.75,0.333,0.75,0.75,0.375,0.0,0.0
multi_uni,CUET,7.0,3.9+,3.9+,Neutral,75-89%,7-10 hrs,Regularly but not every day,Most of it,7-8 hrs,Sometimes,6-10 hrs,Close to what I wanted,Often,Neither good nor bad,Very little support,Satisfied,Completely,Average,CSE,CSE,C3_3_75_plus,C3_3_75_plus,False,3,3,2,3,2,2,3,3,2,2,3,2,1,2,4,3,3,3.87,0.875,4,0.5,0.583,0.375,0.833,0.375,-0.25,0.25
multi_uni,CUET,7.0,3.5+,3.75+,Dissatisfied,75-89%,3-6 hrs,Occasionally when necessary,Most of it,7-8 hrs,Almost always,6-10 hrs,Close to what I wanted,Rarely,Neither good nor bad,Good support,Satisfied,Somewhat,Difficult to manage,EEE,EEE,C3_3_75_plus,C2_3_50_to_3_74,False,3,3,1,3,1,0,3,3,4,2,1,2,3,1,2,3,2,3.87,0.875,4,0.438,0.333,0.625,0.667,0.188,0.0,0.625
multi_uni,BRAC,10.0,3.75+,3.75+,Dissatisfied,60-74%,Less than 3 hrs,Occasionally when necessary,About half,6-7 hrs,Often,1-5 hrs,"Yes, exactly what I wanted",Sometimes,Neither good nor bad,Very little support,Satisfied,Completely,Average,CSE,CSE,C3_3_75_plus,C3_3_75_plus,False,3,4,1,2,0,0,2,2,3,1,2,2,1,2,4,3,3,3.87,0.833,4,0.25,0.417,0.375,0.917,0.0,-0.5,0.25
multi_uni,BRAC,10.0,3.0+,3.0+,Satisfied,90% or more,7-10 hrs,Mostly just before exams,Most of it,6-7 hrs,Never,1-5 hrs,Close to what I wanted,Almost every day,Mostly suitable,Some support,Satisfied,Mostly,Average,CSE,CSE,C0_below_3_20,C0_below_3_20,False,3,3,3,4,2,1,3,2,0,1,4,3,2,2,3,0,0,3.0,0.833,4,0.438,0.667,0.625,0.75,0.375,-0.5,-0.125
multi_uni,CUET,7.0,3.2+,3.2+,Neutral,75-89%,7-10 hrs,Occasionally when necessary,Most of it,6-7 hrs,Sometimes,1-5 hrs,Close to what I wanted,Often,Neither good nor bad,Some support,Very satisfied,Somewhat,Average,ECE,ECE,C1_3_20_to_3_49,C1_3_20_to_3_49,False,4,3,2,3,2,0,3,2,2,1,3,2,2,2,2,1,1,3.35,0.875,4,0.375,0.5,0.5,0.75,0.375,-0.25,0.125
multi_uni,BRAC,11.0,3.75+,3.75+,Satisfied,60-74%,7-10 hrs,Occasionally when necessary,Almost everything,7-8 hrs,Often,1-5 hrs,Close to what I wanted,Often,Neither good nor bad,Very little support,Dissatisfied,Mostly,Average,CSE,CSE,C3_3_75_plus,C3_3_75_plus,False,1,3,3,2,2,0,4,3,3,1,3,2,1,2,3,3,3,3.87,0.917,4,0.312,0.5,0.375,0.583,0.5,-0.25,0.25
multi_uni,BRAC,11.0,3.5+,3.5+,Satisfied,75-89%,7-10 hrs,Occasionally when necessary,Most of it,5-6 hrs,Rarely,None,"Yes, exactly what I wanted",Often,Very distracting,Good support,Very satisfied,Slightly,Mostly manageable,CSE,CSE,C2_3_50_to_3_74,C2_3_50_to_3_74,False,4,4,3,3,2,0,3,1,1,0,3,0,3,3,1,2,2,3.62,0.917,4,0.375,0.583,0.375,0.75,0.375,-0.25,-0.25
multi_uni,CUET,7.0,3.5+,3.5+,Neutral,90% or more,3-6 hrs,Regularly but not every day,Most of it,Less than 5 hrs,Rarely,1-5 hrs,Close to what I wanted,Almost every day,Mostly suitable,Good support,Satisfied,Mostly,Completely unmanageable,CSE,CSE,C2_3_50_to_3_74,C2_3_50_to_3_74,False,3,3,2,4,1,2,3,0,1,1,4,3,3,0,3,2,2,3.62,0.875,4,0.438,0.25,0.75,0.75,0.188,-0.75,0.25
multi_uni,BRAC,11.0,3.2+,3.2+,Satisfied,90% or more,11-15 hrs,Mostly just before exams,Most of it,5-6 hrs,Often,1-5 hrs,Close to what I wanted,Often,Mostly suitable,Good support,Neutral,Slightly,Difficult to manage,CSE,CSE,C1_3_20_to_3_49,C1_3_20_to_3_49,False,2,3,3,4,3,1,3,1,3,1,3,3,3,1,1,1,1,3.35,0.917,4,0.562,0.25,0.75,0.5,0.562,0.0,0.375
multi_uni,BRAC,11.0,3.0+,3.2+,Satisfied,60-74%,7-10 hrs,Mostly just before exams,About half,6-7 hrs,Never,6-10 hrs,Close to what I wanted,Often,Mostly suitable,Some support,Satisfied,Completely,Difficult to manage,CSE,CSE,C1_3_20_to_3_49,C0_below_3_20,False,3,3,3,2,2,1,2,2,0,2,3,3,2,1,4,1,0,3.35,0.917,4,0.375,0.583,0.625,0.833,0.25,-0.25,0.125
multi_uni,BUET,7.0,3.0+,3.2+,Satisfied,90% or more,7-10 hrs,Mostly consistent routine,Most of it,7-8 hrs,Sometimes,6-10 hrs,"Yes, exactly what I wanted",Sometimes,Somewhat distracting,No support,Very satisfied,Completely,Very healthy and balanced,CSE,CSE,C1_3_20_to_3_49,C0_below_3_20,False,4,4,3,4,2,3,3,3,2,2,2,1,0,4,4,1,0,3.35,0.875,4,0.688,0.75,0.125,1.0,0.375,0.0,0.0
multi_uni,BRAC,10.0,3.2+,3.2+,Neutral,75-89%,3-6 hrs,Regularly but not every day,Most of it,5-6 hrs,Rarely,1-5 hrs,"Yes, exactly what I wanted",Sometimes,Excellent for focused study,Very little support,Satisfied,Not at all,Mostly manageable,CSE,CSE,C1_3_20_to_3_49,C1_3_20_to_3_49,False,3,4,2,3,1,2,3,1,1,1,2,4,1,3,0,1,1,3.35,0.833,4,0.5,0.583,0.625,0.583,0.188,-0.25,-0.125
multi_uni,BUET,7.0,3.75+,3.75+,Neutral,75-89%,7-10 hrs,Occasionally when necessary,A little,5-6 hrs,Sometimes,6-10 hrs,"Yes, exactly what I wanted",Rarely,Neither good nor bad,Very little support,Satisfied,Mostly,Difficult to manage,CSE,CSE,C3_3_75_plus,C3_3_75_plus,False,3,4,2,3,2,0,1,1,2,2,1,2,1,1,3,3,3,3.87,0.875,4,0.5,0.333,0.375,0.833,0.125,0.25,0.375
multi_uni,BRAC,10.0,3.5+,3.5+,Satisfied,75-89%,3-6 hrs,Occasionally when necessary,Most of it,6-7 hrs,Often,1-5 hrs,"Yes, exactly what I wanted",Often,Somewhat distracting,Good support,Neutral,Mostly,Very healthy and balanced,CSE,CSE,C2_3_50_to_3_74,C2_3_50_to_3_74,False,2,4,3,3,1,0,3,2,3,1,3,1,3,4,3,2,2,3.62,0.833,4,0.312,0.583,0.5,0.75,0.188,-0.5,0.0
multi_uni,BRAC,11.0,3.5+,3.5+,Very satisfied,90% or more,Less than 3 hrs,Occasionally when necessary,Almost everything,5-6 hrs,Almost always,1-5 hrs,"Yes, exactly what I wanted",Often,Mostly suitable,Good support,Satisfied,Somewhat,Mostly manageable,EEE,EEE,C2_3_50_to_3_74,C2_3_50_to_3_74,False,3,4,4,4,0,0,4,1,4,1,3,3,3,3,2,2,2,3.62,0.917,4,0.312,0.333,0.75,0.75,0.0,-0.75,0.25
multi_uni,BRAC,11.0,3.0+,3.0+,Satisfied,75-89%,Less than 3 hrs,Mostly just before exams,Most of it,5-6 hrs,Almost always,None,"Yes, exactly what I wanted",Sometimes,Excellent for focused study,Some support,Neutral,Somewhat,Average,CSE,CSE,C0_below_3_20,C0_below_3_20,False,2,4,3,3,0,1,3,1,4,0,2,4,2,2,2,0,0,3.0,0.917,4,0.375,0.25,0.75,0.667,0.0,-0.5,0.25
multi_uni,BUET,11.0,Below,3.75+,Dissatisfied,90% or more,More than 15 hrs,Mostly just before exams,A little,7-8 hrs,Never,6-10 hrs,Not at all what I wanted,Rarely,Mostly suitable,Good support,Neutral,Somewhat,Difficult to manage,ChE,ChE,C3_3_75_plus,C0_below_3_20,False,2,0,1,4,4,1,1,3,0,2,1,3,3,1,2,3,0,3.87,1.375,4,0.75,0.667,0.75,0.333,0.25,0.75,0.125
multi_uni,BUET,11.0,Below,Below,Satisfied,90% or more,3-6 hrs,Consistent throughout the semester,Almost everything,7-8 hrs,Often,11-15 hrs,Close to what I wanted,Sometimes,Excellent for focused study,Strong support,Satisfied,Slightly,Mostly manageable,MME,Other,C0_below_3_20,C0_below_3_20,False,3,3,3,4,1,4,4,3,3,3,2,4,4,3,1,0,0,3.0,1.375,4,0.688,0.583,1.0,0.583,0.25,-0.25,0.375
multi_uni,BRAC,11.0,3.9+,3.9+,Satisfied,90% or more,Less than 3 hrs,Occasionally when necessary,About half,6-7 hrs,Sometimes,1-5 hrs,Close to what I wanted,Almost every day,Somewhat distracting,Some support,Neutral,Mostly,Very healthy and balanced,EEE,EEE,C3_3_75_plus,C3_3_75_plus,False,2,3,3,4,0,0,2,2,2,1,4,1,2,4,3,3,3,3.87,0.917,4,0.25,0.667,0.375,0.667,0.0,-1.0,-0.125
multi_uni,BUET,4.0,3.75+,3.75+,Dissatisfied,60-74%,3-6 hrs,Regularly but not every day,A little,More than 8 hrs,Never,6-10 hrs,"Yes, exactly what I wanted",Almost every day,Somewhat distracting,Good support,Very satisfied,Mostly,Difficult to manage,NCE,Other,C3_3_75_plus,C3_3_75_plus,False,4,4,1,2,1,2,1,4,0,2,4,1,3,1,3,3,3,3.87,0.5,2,0.312,0.75,0.5,0.917,0.062,-0.75,0.125
multi_uni,BUET,5.0,3.2+,3.9+,Neutral,90% or more,More than 15 hrs,Mostly just before exams,Most of it,7-8 hrs,Almost always,6-10 hrs,Mostly different,Rarely,Neither good nor bad,No support,Neutral,Completely,Average,PMRE,Other,C3_3_75_plus,C1_3_20_to_3_49,False,2,1,2,4,4,1,3,3,4,2,1,2,0,2,4,3,1,3.87,0.625,3,0.75,0.417,0.25,0.583,0.75,0.75,0.5
multi_uni,BRAC,10.0,3.2+,3.2+,Neutral,90% or more,7-10 hrs,Occasionally when necessary,About half,6-7 hrs,Sometimes,1-5 hrs,Somewhat different,Rarely,Mostly suitable,Some support,Satisfied,Not at all,Mostly manageable,EEE,EEE,C1_3_20_to_3_49,C1_3_20_to_3_49,False,3,2,2,4,2,0,2,2,2,1,1,3,2,3,0,1,1,3.35,0.833,4,0.562,0.583,0.625,0.417,0.25,0.25,0.0
multi_uni,BUET,6.0,Below,3.5+,Neutral,60-74%,More than 15 hrs,Mostly consistent routine,Almost nothing,7-8 hrs,Almost always,None,Somewhat different,Almost every day,Mostly suitable,Very little support,Neutral,Slightly,Completely unmanageable,ME,ME,C2_3_50_to_3_74,C0_below_3_20,False,2,2,2,2,4,3,0,3,4,0,4,3,1,0,1,2,0,3.62,0.75,3,0.562,0.25,0.5,0.417,0.0,0.0,0.5
multi_uni,BUET,1.0,3.5+,3.0+,Neutral,60-74%,7-10 hrs,Occasionally when necessary,Almost everything,6-7 hrs,Never,11-15 hrs,Not at all what I wanted,Rarely,Very distracting,Some support,Satisfied,Somewhat,Completely unmanageable,IPE,Other,C0_below_3_20,C2_3_50_to_3_74,False,3,0,2,2,2,0,4,2,0,3,1,0,2,0,2,0,2,3.0,0.125,1,0.438,0.5,0.25,0.417,0.5,0.25,0.375
multi_uni,BUET,9.0,3.9+,3.2+,Very satisfied,75-89%,3-6 hrs,Occasionally when necessary,Almost nothing,6-7 hrs,Sometimes,6-10 hrs,Somewhat different,Rarely,Neither good nor bad,No support,Satisfied,Somewhat,Very healthy and balanced,NAME,Other,C1_3_20_to_3_49,C3_3_75_plus,False,3,2,4,3,1,0,0,2,2,2,1,2,0,4,2,1,3,3.35,1.125,4,0.438,0.667,0.25,0.583,0.0,0.0,0.0
multi_uni,BUET,10.0,Below,3.75+,Neutral,60-74%,Less than 3 hrs,Consistent throughout the semester,Most of it,Less than 5 hrs,Rarely,None,Not at all what I wanted,Sometimes,Excellent for focused study,Good support,Very satisfied,Completely,Very healthy and balanced,MIE,Other,C3_3_75_plus,C0_below_3_20,False,4,0,2,2,0,4,3,0,1,0,2,4,3,4,4,3,0,3.87,1.25,4,0.5,0.583,0.875,0.667,0.0,-0.5,-0.375
multi_uni,BUET,3.0,Below,3.0+,Satisfied,75-89%,11-15 hrs,Mostly just before exams,About half,7-8 hrs,Often,1-5 hrs,Mostly different,Almost every day,Neither good nor bad,No support,Very satisfied,Not at all,Average,EEE,EEE,C0_below_3_20,C0_below_3_20,False,4,1,3,3,3,1,2,3,3,1,4,2,0,2,0,0,0,3.0,0.375,2,0.438,0.5,0.25,0.417,0.375,-0.25,0.25
multi_uni,BUET,4.0,3.5+,3.75+,Dissatisfied,75-89%,7-10 hrs,Occasionally when necessary,A little,7-8 hrs,Rarely,None,"Yes, exactly what I wanted",Never,Somewhat distracting,No support,Satisfied,Completely,Average,CSE,CSE,C3_3_75_plus,C2_3_50_to_3_74,False,3,4,1,3,2,0,1,3,1,0,0,1,0,2,4,3,2,3.87,0.5,2,0.562,0.667,0.125,0.917,0.125,0.5,-0.125
multi_uni,BUET,4.0,Below,3.75+,Satisfied,90% or more,7-10 hrs,Mostly just before exams,Most of it,6-7 hrs,Often,1-5 hrs,Somewhat different,Often,Somewhat distracting,Some support,Very satisfied,Not at all,Completely unmanageable,BME,BME,C3_3_75_plus,C0_below_3_20,False,4,2,3,4,2,1,3,2,3,1,3,1,2,0,0,3,0,3.87,0.5,2,0.5,0.25,0.375,0.5,0.375,-0.25,0.5
multi_uni,BUET,1.0,3.0+,3.2+,Very dissatisfied,90% or more,3-6 hrs,Regularly but not every day,Most of it,7-8 hrs,Rarely,None,Somewhat different,Rarely,Mostly suitable,Good support,Satisfied,Somewhat,Difficult to manage,ARCH,ARCH,C1_3_20_to_3_49,C0_below_3_20,False,3,2,0,4,1,2,3,3,1,0,1,3,3,1,2,1,0,3.35,0.125,1,0.625,0.583,0.75,0.583,0.188,0.0,0.0
multi_uni,BUET,1.0,3.75+,3.75+,Neutral,75-89%,More than 15 hrs,Occasionally when necessary,A little,More than 8 hrs,Sometimes,None,Close to what I wanted,Never,Very distracting,Good support,Neutral,Not at all,Average,URP,URP,C3_3_75_plus,C3_3_75_plus,False,2,3,2,3,4,0,1,4,2,0,0,0,3,2,0,3,3,3.87,0.125,1,0.688,0.667,0.375,0.417,0.25,1.0,0.0
multi_uni,BUET,5.0,3.5+,3.5+,Satisfied,75-89%,More than 15 hrs,Regularly but not every day,Most of it,7-8 hrs,Rarely,11-15 hrs,Somewhat different,Almost every day,Neither good nor bad,Strong support,Satisfied,Somewhat,Difficult to manage,CE,CE,C2_3_50_to_3_74,C2_3_50_to_3_74,False,3,2,3,3,4,2,3,3,1,3,4,2,4,1,2,2,2,3.62,0.625,3,0.562,0.583,0.75,0.583,0.75,0.0,0.375
multi_uni,BUET,10.0,3.0+,3.9+,Very satisfied,75-89%,More than 15 hrs,Regularly but not every day,Almost everything,More than 8 hrs,Almost always,1-5 hrs,Close to what I wanted,Rarely,Neither good nor bad,Some support,Satisfied,Completely,Difficult to manage,WRE,Other,C3_3_75_plus,C0_below_3_20,False,3,3,4,3,4,2,4,4,4,1,1,2,2,1,4,3,0,3.87,1.25,4,0.75,0.417,0.5,0.833,1.0,0.75,0.5
multi_uni,BUET,8.0,3.5+,3.0+,Very dissatisfied,75-89%,7-10 hrs,Regularly but not every day,Almost nothing,7-8 hrs,Often,11-15 hrs,Somewhat different,Never,Mostly suitable,Some support,Very satisfied,Mostly,Mostly manageable,ChE,ChE,C0_below_3_20,C2_3_50_to_3_74,False,4,2,0,3,2,2,0,3,3,3,0,3,2,3,3,0,2,3.0,1.0,4,0.688,0.583,0.625,0.75,0.0,0.5,0.375
multi_uni,BUET,10.0,3.0+,3.2+,Dissatisfied,60-74%,3-6 hrs,Regularly but not every day,About half,More than 8 hrs,Often,1-5 hrs,Close to what I wanted,Often,Neither good nor bad,Some support,Satisfied,Completely,Completely unmanageable,MME,Other,C1_3_20_to_3_49,C0_below_3_20,False,3,3,1,2,1,2,2,4,3,1,3,2,2,0,4,1,0,3.35,1.25,4,0.375,0.417,0.5,0.833,0.125,-0.5,0.5
multi_uni,BUET,7.0,3.0+,3.5+,Very satisfied,90% or more,7-10 hrs,Mostly consistent routine,About half,7-8 hrs,Sometimes,More than 15 hrs,Not at all what I wanted,Sometimes,Mostly suitable,Good support,Satisfied,Somewhat,Mostly manageable,NCE,Other,C2_3_50_to_3_74,C0_below_3_20,False,3,0,4,4,2,3,2,3,2,4,2,3,3,3,2,2,0,3.62,0.875,4,0.688,0.667,0.75,0.417,0.25,0.0,0.375
multi_uni,BUET,8.0,3.2+,3.2+,Satisfied,60-74%,11-15 hrs,Regularly but not every day,About half,Less than 5 hrs,Almost always,1-5 hrs,Not at all what I wanted,Sometimes,Neither good nor bad,Some support,Neutral,Completely,Average,PMRE,Other,C1_3_20_to_3_49,C1_3_20_to_3_49,False,2,0,3,2,3,2,2,0,4,1,2,2,2,2,4,1,1,3.35,1.0,4,0.562,0.167,0.5,0.5,0.375,0.25,0.375
multi_uni,BUET,12.0,3.5+,3.0+,Satisfied,60-74%,11-15 hrs,Mostly just before exams,Most of it,More than 8 hrs,Often,6-10 hrs,Mostly different,Never,Very distracting,Good support,Very satisfied,Mostly,Mostly manageable,ME,ME,C0_below_3_20,C2_3_50_to_3_74,False,4,1,3,2,3,1,3,4,3,2,0,0,3,3,3,0,2,3.0,1.5,4,0.625,0.667,0.375,0.667,0.562,0.75,0.25
multi_uni,BRAC,11.0,3.5+,3.5+,Satisfied,90% or more,3-6 hrs,Occasionally when necessary,A little,5-6 hrs,Sometimes,6-10 hrs,"Yes, exactly what I wanted",Sometimes,Neither good nor bad,Good support,Satisfied,Somewhat,Average,CSE,CSE,C2_3_50_to_3_74,C2_3_50_to_3_74,False,3,4,3,4,1,0,1,1,2,2,2,2,3,2,2,2,2,3.62,0.917,4,0.438,0.417,0.625,0.75,0.062,-0.25,0.25
multi_uni,BUET,6.0,Below,3.2+,Very dissatisfied,75-89%,Less than 3 hrs,Mostly just before exams,Most of it,Less than 5 hrs,Never,None,Not at all what I wanted,Rarely,Very distracting,Some support,Neutral,Somewhat,Mostly manageable,IPE,Other,C1_3_20_to_3_49,C0_below_3_20,False,2,0,0,3,0,1,3,0,0,0,1,0,2,3,2,1,0,3.35,0.75,3,0.438,0.583,0.25,0.333,0.0,-0.25,-0.375
multi_uni,BUET,11.0,3.0+,3.2+,Satisfied,90% or more,3-6 hrs,Regularly but not every day,A little,7-8 hrs,Never,11-15 hrs,"Yes, exactly what I wanted",Sometimes,Excellent for focused study,Some support,Very satisfied,Somewhat,Average,NAME,Other,C1_3_20_to_3_49,C0_below_3_20,False,4,4,3,4,1,2,1,3,0,3,2,4,2,2,2,1,0,3.35,1.375,4,0.562,0.75,0.75,0.833,0.062,-0.25,0.125
multi_uni,BRAC,10.0,3.9+,3.9+,Satisfied,90% or more,Less than 3 hrs,Mostly just before exams,Almost everything,6-7 hrs,Almost always,11-15 hrs,Not at all what I wanted,Often,Mostly suitable,Strong support,Satisfied,Slightly,Average,EEE,EEE,C3_3_75_plus,C3_3_75_plus,False,3,0,3,4,0,1,4,2,4,3,3,3,4,2,1,3,3,3.87,0.833,4,0.375,0.333,0.875,0.333,0.0,-0.75,0.625
multi_uni,BUET,1.0,Below,3.9+,Very satisfied,75-89%,7-10 hrs,Mostly just before exams,Almost everything,6-7 hrs,Rarely,11-15 hrs,"Yes, exactly what I wanted",Almost every day,Mostly suitable,Good support,Very satisfied,Completely,Average,MIE,Other,C3_3_75_plus,C0_below_3_20,False,4,4,4,3,2,1,4,2,1,3,4,3,3,2,4,3,0,3.87,0.125,1,0.375,0.583,0.75,1.0,0.5,-0.5,0.25
multi_uni,BUET,5.0,3.75+,3.5+,Satisfied,90% or more,3-6 hrs,Occasionally when necessary,Almost nothing,5-6 hrs,Often,6-10 hrs,Mostly different,Often,Neither good nor bad,Strong support,Neutral,Not at all,Average,EEE,EEE,C2_3_50_to_3_74,C3_3_75_plus,False,2,1,3,4,1,0,0,1,3,2,3,2,4,2,0,2,3,3.62,0.625,3,0.375,0.333,0.75,0.25,0.0,-0.5,0.375
multi_uni,BUET,11.0,3.0+,3.0+,Very dissatisfied,90% or more,Less than 3 hrs,Occasionally when necessary,Almost everything,6-7 hrs,Rarely,11-15 hrs,"Yes, exactly what I wanted",Sometimes,Mostly suitable,Very little support,Very satisfied,Completely,Mostly manageable,CSE,CSE,C0_below_3_20,C0_below_3_20,False,4,4,0,4,0,0,4,2,1,3,2,3,1,3,4,0,0,3.0,1.375,4,0.375,0.667,0.5,1.0,0.0,-0.5,0.125
multi_uni,BRAC,11.0,3.0+,3.0+,Satisfied,90% or more,3-6 hrs,Regularly but not every day,About half,Less than 5 hrs,Rarely,1-5 hrs,Somewhat different,Sometimes,Very distracting,Some support,Satisfied,Slightly,Average,ECE,ECE,C0_below_3_20,C0_below_3_20,False,3,2,3,4,1,2,2,0,1,1,2,0,2,2,1,0,0,3.0,0.917,4,0.562,0.417,0.25,0.5,0.125,-0.25,0.0
multi_uni,BUET,4.0,3.5+,3.2+,Dissatisfied,75-89%,Less than 3 hrs,Regularly but not every day,A little,Less than 5 hrs,Often,6-10 hrs,Mostly different,Almost every day,Somewhat distracting,Good support,Neutral,Mostly,Very healthy and balanced,BME,BME,C1_3_20_to_3_49,C2_3_50_to_3_74,False,2,1,1,3,0,2,1,0,3,2,4,1,3,4,3,1,2,3.35,0.5,2,0.312,0.417,0.5,0.5,0.0,-1.0,0.125
multi_uni,BUET,1.0,3.2+,3.2+,Dissatisfied,75-89%,3-6 hrs,Mostly consistent routine,Almost everything,Less than 5 hrs,Rarely,6-10 hrs,Not at all what I wanted,Never,Very distracting,Good support,Satisfied,Slightly,Mostly manageable,ARCH,ARCH,C1_3_20_to_3_49,C1_3_20_to_3_49,False,3,0,1,3,1,3,4,0,1,2,0,0,3,3,1,1,1,3.35,0.125,1,0.688,0.5,0.375,0.333,0.25,0.25,0.0
multi_uni,BUET,9.0,Below,3.2+,Dissatisfied,60-74%,3-6 hrs,Regularly but not every day,About half,6-7 hrs,Almost always,More than 15 hrs,"Yes, exactly what I wanted",Rarely,Very distracting,Strong support,Satisfied,Slightly,Very healthy and balanced,URP,URP,C1_3_20_to_3_49,C0_below_3_20,False,3,4,1,2,1,2,2,2,4,4,1,0,4,4,1,1,0,3.35,1.125,4,0.5,0.5,0.5,0.667,0.125,0.0,0.5
multi_uni,BRAC,10.0,3.0+,3.2+,Neutral,90% or more,Less than 3 hrs,Regularly but not every day,Almost nothing,7-8 hrs,Sometimes,None,"Yes, exactly what I wanted",Sometimes,Somewhat distracting,Good support,Satisfied,Mostly,Mostly manageable,ECE,ECE,C1_3_20_to_3_49,C0_below_3_20,False,3,4,2,4,0,2,0,3,2,0,2,1,3,3,3,1,0,3.35,0.833,4,0.5,0.667,0.5,0.833,0.0,-0.5,-0.125
multi_uni,BUET,12.0,3.0+,3.0+,Satisfied,90% or more,Less than 3 hrs,Mostly consistent routine,Most of it,5-6 hrs,Rarely,None,"Yes, exactly what I wanted",Often,Excellent for focused study,No support,Satisfied,Slightly,Mostly manageable,CE,CE,C0_below_3_20,C0_below_3_20,False,3,4,3,4,0,3,3,1,1,0,3,4,0,3,1,0,0,3.0,1.5,4,0.5,0.583,0.5,0.667,0.0,-0.75,-0.25
multi_uni,BRAC,11.0,Below,3.0+,Satisfied,90% or more,3-6 hrs,Mostly just before exams,A little,6-7 hrs,Often,6-10 hrs,Mostly different,Almost every day,Very distracting,Some support,Satisfied,Slightly,Mostly manageable,EEE,EEE,C0_below_3_20,C0_below_3_20,False,3,1,3,4,1,1,1,2,3,2,4,0,2,3,1,0,0,3.0,0.917,4,0.375,0.5,0.25,0.417,0.062,-0.75,0.25
multi_uni,BUET,2.0,3.75+,Below,Satisfied,90% or more,11-15 hrs,Consistent throughout the semester,Almost nothing,6-7 hrs,Rarely,None,Close to what I wanted,Often,Somewhat distracting,No support,Very satisfied,Slightly,Very healthy and balanced,WRE,Other,C0_below_3_20,C3_3_75_plus,False,4,3,3,4,3,4,0,2,1,0,3,1,0,4,1,0,3,3.0,0.25,1,0.75,0.75,0.125,0.667,0.0,0.0,-0.375
multi_uni,BUET,3.0,3.9+,3.75+,Satisfied,75-89%,3-6 hrs,Occasionally when necessary,Most of it,6-7 hrs,Sometimes,More than 15 hrs,Close to what I wanted,Often,Very distracting,Strong support,Very satisfied,Completely,Mostly manageable,ChE,ChE,C3_3_75_plus,C3_3_75_plus,False,4,3,3,3,1,0,3,2,2,4,3,0,4,3,4,3,3,3.87,0.375,2,0.312,0.583,0.5,0.917,0.188,-0.5,0.375
multi_uni,BUET,12.0,3.9+,3.0+,Neutral,75-89%,Less than 3 hrs,Regularly but not every day,About half,Less than 5 hrs,Almost always,More than 15 hrs,"Yes, exactly what I wanted",Almost every day,Neither good nor bad,No support,Very satisfied,Somewhat,Completely unmanageable,MME,Other,C0_below_3_20,C3_3_75_plus,False,4,4,2,3,0,2,2,0,4,4,4,2,0,0,2,0,3,3.0,1.5,4,0.312,0.0,0.25,0.833,0.0,-1.0,1.0
multi_uni,BUET,12.0,3.9+,3.2+,Neutral,75-89%,11-15 hrs,Consistent throughout the semester,Most of it,Less than 5 hrs,Sometimes,11-15 hrs,Not at all what I wanted,Never,Very distracting,No support,Neutral,Slightly,Average,NCE,Other,C1_3_20_to_3_49,C3_3_75_plus,False,2,0,2,3,3,4,3,0,2,3,0,0,0,2,1,1,3,3.35,1.5,4,0.875,0.333,0.0,0.25,0.562,0.75,0.375
multi_uni,BRAC,10.0,3.75+,3.75+,Satisfied,90% or more,Less than 3 hrs,Regularly but not every day,A little,6-7 hrs,Sometimes,6-10 hrs,Close to what I wanted,Almost every day,Mostly suitable,Good support,Neutral,Mostly,Average,CSE,CSE,C3_3_75_plus,C3_3_75_plus,False,2,3,3,4,0,2,1,2,2,2,4,3,3,2,3,3,3,3.87,0.833,4,0.375,0.5,0.75,0.667,0.0,-1.0,0.25
multi_uni,BUET,7.0,3.2+,3.5+,Very satisfied,75-89%,Less than 3 hrs,Regularly but not every day,Almost everything,More than 8 hrs,Rarely,More than 15 hrs,Not at all what I wanted,Never,Somewhat distracting,No support,Neutral,Mostly,Mostly manageable,PMRE,Other,C2_3_50_to_3_74,C1_3_20_to_3_49,False,2,0,4,3,0,2,4,4,1,4,0,1,0,3,3,2,1,3.62,0.875,4,0.562,0.833,0.125,0.417,0.0,0.0,0.25
multi_uni,BUET,11.0,3.9+,3.9+,Dissatisfied,60-74%,Less than 3 hrs,Regularly but not every day,A little,Less than 5 hrs,Rarely,More than 15 hrs,Somewhat different,Almost every day,Somewhat distracting,Very little support,Satisfied,Mostly,Very healthy and balanced,ME,ME,C3_3_75_plus,C3_3_75_plus,False,3,2,1,2,0,2,1,0,1,4,4,1,1,4,3,3,3,3.87,1.375,4,0.25,0.583,0.25,0.667,0.0,-1.0,0.125
multi_uni,BRAC,11.0,Below,3.0+,Satisfied,90% or more,3-6 hrs,Mostly just before exams,Most of it,6-7 hrs,Often,11-15 hrs,Close to what I wanted,Often,Somewhat distracting,Strong support,Satisfied,Somewhat,Average,CSE,CSE,C0_below_3_20,C0_below_3_20,False,3,3,3,4,1,1,3,2,3,3,3,1,4,2,2,0,0,3.0,0.917,4,0.438,0.417,0.625,0.667,0.188,-0.5,0.5
multi_uni,BUET,11.0,Below,3.0+,Neutral,75-89%,7-10 hrs,Mostly just before exams,Most of it,More than 8 hrs,Almost always,1-5 hrs,Close to what I wanted,Rarely,Very distracting,Some support,Very satisfied,Completely,Mostly manageable,IPE,Other,C0_below_3_20,C0_below_3_20,False,4,3,2,3,2,1,3,4,4,1,1,0,2,3,4,0,0,3.0,1.375,4,0.562,0.583,0.25,0.917,0.375,0.25,0.25
multi_uni,BRAC,11.0,3.2+,3.5+,Neutral,75-89%,3-6 hrs,Occasionally when necessary,Almost everything,7-8 hrs,Almost always,6-10 hrs,Close to what I wanted,Often,Somewhat distracting,Very little support,Very satisfied,Mostly,Average,CSE,CSE,C2_3_50_to_3_74,C1_3_20_to_3_49,False,4,3,2,3,1,0,4,3,4,2,3,1,1,2,3,2,1,3.62,0.917,4,0.312,0.417,0.25,0.833,0.25,-0.5,0.5
multi_uni,BUET,5.0,3.0+,3.5+,Neutral,75-89%,More than 15 hrs,Mostly just before exams,Almost everything,Less than 5 hrs,Sometimes,More than 15 hrs,Close to what I wanted,Almost every day,Mostly suitable,Good support,Satisfied,Not at all,Mostly manageable,NAME,Other,C2_3_50_to_3_74,C0_below_3_20,False,3,3,2,3,4,1,4,0,2,4,4,3,3,3,0,2,0,3.62,0.625,3,0.5,0.417,0.75,0.5,1.0,0.0,0.375
multi_uni,BUET,9.0,3.0+,3.5+,Very satisfied,60-74%,Less than 3 hrs,Mostly just before exams,Almost everything,6-7 hrs,Sometimes,1-5 hrs,Mostly different,Never,Somewhat distracting,No support,Neutral,Mostly,Very healthy and balanced,MIE,Other,C2_3_50_to_3_74,C0_below_3_20,False,2,1,4,2,0,1,4,2,2,1,0,1,0,4,3,2,0,3.62,1.125,4,0.438,0.667,0.125,0.5,0.0,0.0,-0.125
multi_uni,BUET,4.0,3.75+,Below,Neutral,90% or more,3-6 hrs,Mostly consistent routine,A little,5-6 hrs,Rarely,More than 15 hrs,Close to what I wanted,Almost every day,Mostly suitable,Some support,Very satisfied,Completely,Difficult to manage,EEE,EEE,C0_below_3_20,C3_3_75_plus,False,4,3,2,4,1,3,1,1,1,4,4,3,2,1,4,0,3,3.0,0.5,2,0.5,0.417,0.625,0.917,0.062,-0.75,0.5
multi_uni,BRAC,11.0,3.5+,3.5+,Very satisfied,90% or more,Less than 3 hrs,Occasionally when necessary,Most of it,7-8 hrs,Sometimes,6-10 hrs,Somewhat different,Sometimes,Mostly suitable,Some support,Satisfied,Somewhat,Average,CSE,CSE,C2_3_50_to_3_74,C2_3_50_to_3_74,False,3,2,4,4,0,0,3,3,2,2,2,3,2,2,2,2,2,3.62,0.917,4,0.375,0.583,0.625,0.583,0.0,-0.5,0.25
multi_uni,BRAC,11.0,3.2+,3.5+,Dissatisfied,75-89%,7-10 hrs,Regularly but not every day,About half,5-6 hrs,Rarely,More than 15 hrs,Somewhat different,Almost every day,Mostly suitable,Good support,Neutral,Somewhat,Average,CSE,CSE,C2_3_50_to_3_74,C1_3_20_to_3_49,False,2,2,1,3,2,2,2,1,1,4,4,3,3,2,2,2,1,3.62,0.917,4,0.438,0.5,0.75,0.5,0.25,-0.5,0.375
multi_uni,BUET,3.0,3.5+,3.0+,Very dissatisfied,90% or more,Less than 3 hrs,Consistent throughout the semester,Most of it,More than 8 hrs,Almost always,More than 15 hrs,"Yes, exactly what I wanted",Rarely,Excellent for focused study,Strong support,Very satisfied,Mostly,Very healthy and balanced,CSE,CSE,C0_below_3_20,C2_3_50_to_3_74,False,4,4,0,4,0,4,3,4,4,4,1,4,4,4,3,0,2,3.0,0.375,2,0.688,0.667,1.0,0.917,0.0,-0.25,0.5
multi_uni,BRAC,10.0,3.5+,3.5+,Satisfied,90% or more,7-10 hrs,Regularly but not every day,A little,5-6 hrs,Almost always,6-10 hrs,"Yes, exactly what I wanted",Sometimes,Somewhat distracting,Some support,Satisfied,Slightly,Average,CSE,CSE,C2_3_50_to_3_74,C2_3_50_to_3_74,False,3,4,3,4,2,2,1,1,4,2,2,1,2,2,1,2,2,3.62,0.833,4,0.625,0.25,0.375,0.667,0.125,0.0,0.5
multi_uni,BUET,5.0,3.0+,3.9+,Satisfied,90% or more,7-10 hrs,Regularly but not every day,Most of it,5-6 hrs,Never,1-5 hrs,Somewhat different,Almost every day,Mostly suitable,Very little support,Very satisfied,Completely,Average,BME,BME,C3_3_75_plus,C0_below_3_20,False,4,2,3,4,2,2,3,1,0,1,4,3,1,2,4,3,0,3.87,0.625,3,0.5,0.583,0.5,0.833,0.375,-0.5,-0.125
multi_uni,BUET,6.0,3.5+,3.75+,Neutral,90% or more,7-10 hrs,Occasionally when necessary,Most of it,6-7 hrs,Sometimes,1-5 hrs,Close to what I wanted,Often,Excellent for focused study,Good support,Neutral,Mostly,Completely unmanageable,ARCH,ARCH,C3_3_75_plus,C2_3_50_to_3_74,False,2,3,2,4,2,0,3,2,2,1,3,4,3,0,3,3,2,3.87,0.75,3,0.438,0.333,0.875,0.667,0.375,-0.25,0.375
multi_uni,BRAC,10.0,3.2+,3.2+,Satisfied,75-89%,Less than 3 hrs,Occasionally when necessary,Most of it,6-7 hrs,Often,None,Close to what I wanted,Almost every day,Neither good nor bad,Good support,Neutral,Somewhat,Average,CSE,CSE,C1_3_20_to_3_49,C1_3_20_to_3_49,False,2,3,3,3,0,0,3,2,3,0,4,2,3,2,2,1,1,3.35,0.833,4,0.188,0.417,0.625,0.583,0.0,-1.0,0.125
multi_uni,BUET,3.0,3.2+,3.75+,Dissatisfied,60-74%,3-6 hrs,Mostly consistent routine,Most of it,6-7 hrs,Never,None,Not at all what I wanted,Often,Neither good nor bad,No support,Neutral,Slightly,Average,URP,URP,C3_3_75_plus,C1_3_20_to_3_49,False,2,0,1,2,1,3,3,2,0,0,3,2,0,2,1,3,1,3.87,0.375,2,0.438,0.667,0.25,0.25,0.188,-0.5,-0.25
multi_uni,BUET,10.0,3.2+,3.2+,Satisfied,60-74%,More than 15 hrs,Regularly but not every day,Almost everything,More than 8 hrs,Often,1-5 hrs,Not at all what I wanted,Rarely,Excellent for focused study,No support,Satisfied,Not at all,Mostly manageable,CE,CE,C1_3_20_to_3_49,C1_3_20_to_3_49,False,3,0,3,2,4,2,4,4,3,1,1,4,0,3,0,1,1,3.35,1.25,4,0.688,0.667,0.5,0.25,1.0,0.75,0.125
multi_uni,BRAC,11.0,3.9+,3.9+,Very satisfied,75-89%,7-10 hrs,Regularly but not every day,Almost nothing,6-7 hrs,Almost always,1-5 hrs,Close to what I wanted,Sometimes,Mostly suitable,Good support,Satisfied,Mostly,Difficult to manage,EEE,EEE,C3_3_75_plus,C3_3_75_plus,False,3,3,4,3,2,2,0,2,4,1,2,3,3,1,3,3,3,3.87,0.917,4,0.562,0.25,0.75,0.75,0.0,0.0,0.5
multi_uni,BUET,10.0,3.75+,3.0+,Very dissatisfied,75-89%,3-6 hrs,Mostly just before exams,A little,More than 8 hrs,Almost always,11-15 hrs,Not at all what I wanted,Rarely,Excellent for focused study,No support,Neutral,Not at all,Completely unmanageable,WRE,Other,C0_below_3_20,C3_3_75_plus,False,2,0,0,3,1,1,1,4,4,3,1,4,0,0,0,0,3,3.0,1.25,4,0.5,0.333,0.5,0.167,0.062,0.0,0.875
multi_uni,BUET,1.0,3.5+,3.2+,Neutral,60-74%,3-6 hrs,Regularly but not every day,A little,6-7 hrs,Almost always,6-10 hrs,"Yes, exactly what I wanted",Rarely,Very distracting,Very little support,Very satisfied,Slightly,Mostly manageable,ChE,ChE,C1_3_20_to_3_49,C2_3_50_to_3_74,False,4,4,2,2,1,2,1,2,4,2,1,0,1,3,1,1,2,3.35,0.125,1,0.5,0.417,0.125,0.75,0.062,0.0,0.375
multi_uni,BUET,12.0,3.2+,3.0+,Very dissatisfied,90% or more,3-6 hrs,Regularly but not every day,About half,5-6 hrs,Often,6-10 hrs,Not at all what I wanted,Rarely,Mostly suitable,Very little support,Neutral,Mostly,Completely unmanageable,MME,Other,C0_below_3_20,C1_3_20_to_3_49,False,2,0,0,4,1,2,2,1,3,2,1,3,1,0,3,0,1,3.0,1.5,4,0.625,0.167,0.5,0.417,0.125,0.0,0.625
multi_uni,BRAC,10.0,3.2+,3.5+,Neutral,75-89%,Less than 3 hrs,Mostly consistent routine,Almost nothing,Less than 5 hrs,Sometimes,6-10 hrs,"Yes, exactly what I wanted",Sometimes,Mostly suitable,Some support,Satisfied,Mostly,Mostly manageable,CSE,CSE,C2_3_50_to_3_74,C1_3_20_to_3_49,False,3,4,2,3,0,3,0,0,2,2,2,3,2,3,3,2,1,3.62,0.833,4,0.5,0.417,0.625,0.833,0.0,-0.5,0.125
multi_uni,BUET,3.0,3.0+,3.9+,Neutral,90% or more,11-15 hrs,Regularly but not every day,Almost everything,5-6 hrs,Never,None,"Yes, exactly what I wanted",Sometimes,Very distracting,No support,Satisfied,Not at all,Mostly manageable,NCE,Other,C3_3_75_plus,C0_below_3_20,False,3,4,2,4,3,2,4,1,0,0,2,0,0,3,0,3,0,3.87,0.375,2,0.688,0.667,0.0,0.583,0.75,0.25,-0.375
multi_uni,BUET,6.0,3.0+,Below,Satisfied,90% or more,3-6 hrs,Mostly consistent routine,A little,6-7 hrs,Almost always,1-5 hrs,Mostly different,Rarely,Mostly suitable,Very little support,Neutral,Not at all,Completely unmanageable,PMRE,Other,C0_below_3_20,C0_below_3_20,False,2,1,3,4,1,3,1,2,4,1,1,3,1,0,0,0,0,3.0,0.75,3,0.688,0.167,0.5,0.25,0.062,0.0,0.625
multi_uni,BRAC,11.0,3.2+,3.5+,Neutral,75-89%,Less than 3 hrs,Occasionally when necessary,About half,5-6 hrs,Sometimes,1-5 hrs,"Yes, exactly what I wanted",Sometimes,Mostly suitable,Strong support,Very satisfied,Mostly,Completely unmanageable,CSE,CSE,C2_3_50_to_3_74,C1_3_20_to_3_49,False,4,4,2,3,0,0,2,1,2,1,2,3,4,0,3,2,1,3.62,0.917,4,0.312,0.25,0.875,0.917,0.0,-0.5,0.375
multi_uni,BUET,5.0,3.0+,3.0+,Very satisfied,90% or more,11-15 hrs,Regularly but not every day,Almost everything,7-8 hrs,Rarely,None,Mostly different,Often,Very distracting,No support,Neutral,Somewhat,Average,ME,ME,C0_below_3_20,C0_below_3_20,False,2,1,4,4,3,2,4,3,1,0,3,0,0,2,2,0,0,3.0,0.625,3,0.625,0.667,0.0,0.417,0.75,0.0,-0.125
multi_uni,BRAC,10.0,3.2+,3.5+,Dissatisfied,90% or more,7-10 hrs,Occasionally when necessary,Almost everything,6-7 hrs,Sometimes,6-10 hrs,"Yes, exactly what I wanted",Sometimes,Mostly suitable,Some support,Satisfied,Somewhat,Difficult to manage,CSE,CSE,C2_3_50_to_3_74,C1_3_20_to_3_49,False,3,4,1,4,2,0,4,2,2,2,2,3,2,1,2,2,1,3.62,0.833,4,0.5,0.417,0.625,0.75,0.5,0.0,0.375
multi_uni,BRAC,11.0,3.2+,3.0+,Satisfied,75-89%,7-10 hrs,Regularly but not every day,About half,7-8 hrs,Sometimes,6-10 hrs,"Yes, exactly what I wanted",Almost every day,Somewhat distracting,Good support,Dissatisfied,Not at all,Average,CSE,CSE,C0_below_3_20,C1_3_20_to_3_49,False,1,4,3,3,2,2,2,3,2,2,4,1,3,2,0,0,1,3.0,0.917,4,0.438,0.583,0.5,0.417,0.25,-0.5,0.25
multi_uni,BRAC,10.0,3.2+,3.2+,Satisfied,90% or more,3-6 hrs,Regularly but not every day,Almost nothing,6-7 hrs,Rarely,6-10 hrs,Somewhat different,Often,Excellent for focused study,Very little support,Neutral,Mostly,Average,CSE,CSE,C1_3_20_to_3_49,C1_3_20_to_3_49,False,2,2,3,4,1,2,0,2,1,2,3,4,1,2,3,1,1,3.35,0.833,4,0.5,0.583,0.625,0.583,0.0,-0.5,0.125
multi_uni,BRAC,11.0,3.5+,3.5+,Neutral,75-89%,7-10 hrs,Mostly consistent routine,A little,5-6 hrs,Often,11-15 hrs,Close to what I wanted,Often,Mostly suitable,Very little support,Satisfied,Mostly,Difficult to manage,CSE,CSE,C2_3_50_to_3_74,C2_3_50_to_3_74,False,3,3,2,3,2,3,1,1,3,3,3,3,1,1,3,2,2,3.62,0.917,4,0.562,0.25,0.5,0.75,0.125,-0.25,0.625
multi_uni,BRAC,10.0,3.2+,3.2+,Satisfied,90% or more,3-6 hrs,Mostly just before exams,Almost nothing,7-8 hrs,Often,None,Close to what I wanted,Often,Mostly suitable,Some support,Satisfied,Somewhat,Average,ECE,ECE,C1_3_20_to_3_49,C1_3_20_to_3_49,False,3,3,3,4,1,1,0,3,3,0,3,3,2,2,2,1,1,3.35,0.833,4,0.438,0.5,0.625,0.667,0.0,-0.5,0.125
multi_uni,CUET,7.0,3.75+,3.5+,Satisfied,75-89%,More than 15 hrs,Mostly consistent routine,Most of it,5-6 hrs,Rarely,None,"Yes, exactly what I wanted",Rarely,Neither good nor bad,Good support,Neutral,Somewhat,Average,CSE,CSE,C2_3_50_to_3_74,C3_3_75_plus,False,2,4,3,3,4,3,3,1,1,0,1,2,3,2,2,2,3,3.62,0.875,4,0.812,0.5,0.625,0.667,0.75,0.75,-0.125
multi_uni,CUET,7.0,3.5+,3.5+,Satisfied,75-89%,More than 15 hrs,Regularly but not every day,Most of it,5-6 hrs,Rarely,11-15 hrs,"Yes, exactly what I wanted",Rarely,Somewhat distracting,Very little support,Satisfied,Somewhat,Mostly manageable,CSE,CSE,C2_3_50_to_3_74,C2_3_50_to_3_74,False,3,4,3,3,4,2,3,1,1,3,1,1,1,3,2,2,2,3.62,0.875,4,0.75,0.583,0.25,0.75,0.75,0.75,0.125
multi_uni,CUET,7.0,3.5+,3.5+,Neutral,90% or more,More than 15 hrs,Regularly but not every day,Most of it,6-7 hrs,Rarely,11-15 hrs,"Yes, exactly what I wanted",Sometimes,Neither good nor bad,Good support,Neutral,Somewhat,Mostly manageable,CSE,CSE,C2_3_50_to_3_74,C2_3_50_to_3_74,False,2,4,2,4,4,2,3,2,1,3,2,2,3,3,2,2,2,3.62,0.875,4,0.75,0.667,0.625,0.667,0.75,0.5,0.125
multi_uni,CUET,7.0,3.2+,3.2+,Dissatisfied,75-89%,11-15 hrs,Mostly just before exams,About half,6-7 hrs,Rarely,None,Somewhat different,Sometimes,Mostly suitable,Good support,Dissatisfied,Not at all,Mostly manageable,BME,BME,C1_3_20_to_3_49,C1_3_20_to_3_49,False,1,2,1,3,3,1,2,2,1,0,2,3,3,3,0,1,1,3.35,0.875,4,0.562,0.667,0.75,0.25,0.375,0.25,-0.25
multi_uni,CUET,7.0,3.2+,3.2+,Neutral,60-74%,11-15 hrs,Mostly just before exams,About half,6-7 hrs,Rarely,None,Close to what I wanted,Often,Neither good nor bad,Good support,Neutral,Somewhat,Average,BME,BME,C1_3_20_to_3_49,C1_3_20_to_3_49,False,2,3,2,2,3,1,2,2,1,0,3,2,3,2,2,1,1,3.35,0.875,4,0.438,0.583,0.625,0.583,0.375,0.0,-0.125
multi_uni,CUET,7.0,3.5+,3.2+,Satisfied,75-89%,More than 15 hrs,Regularly but not every day,Most of it,6-7 hrs,Rarely,6-10 hrs,Somewhat different,Sometimes,Mostly suitable,Some support,Neutral,Slightly,Mostly manageable,BME,BME,C1_3_20_to_3_49,C2_3_50_to_3_74,False,2,2,3,3,4,2,3,2,1,2,2,3,2,3,1,1,2,3.35,0.875,4,0.688,0.667,0.625,0.417,0.75,0.5,0.0
multi_uni,CUET,7.0,3.2+,3.5+,Neutral,75-89%,11-15 hrs,Regularly but not every day,Most of it,6-7 hrs,Rarely,6-10 hrs,Close to what I wanted,Sometimes,Mostly suitable,Some support,Neutral,Somewhat,Average,BME,BME,C2_3_50_to_3_74,C1_3_20_to_3_49,False,2,3,2,3,3,2,3,2,1,2,2,3,2,2,2,2,1,3.62,0.875,4,0.625,0.583,0.625,0.583,0.562,0.25,0.125
multi_uni,CUET,7.0,3.5+,3.5+,Neutral,75-89%,More than 15 hrs,Regularly but not every day,About half,6-7 hrs,Sometimes,11-15 hrs,Somewhat different,Sometimes,Mostly suitable,Some support,Dissatisfied,Slightly,Average,BME,BME,C2_3_50_to_3_74,C2_3_50_to_3_74,False,1,2,2,3,4,2,2,2,2,3,2,3,2,2,1,2,2,3.62,0.875,4,0.688,0.5,0.625,0.333,0.5,0.5,0.375
multi_uni,CUET,7.0,3.5+,3.2+,Satisfied,75-89%,11-15 hrs,Occasionally when necessary,Most of it,6-7 hrs,Sometimes,11-15 hrs,"Yes, exactly what I wanted",Often,Mostly suitable,Good support,Satisfied,Somewhat,Average,EEE,EEE,C1_3_20_to_3_49,C2_3_50_to_3_74,False,3,4,3,3,3,0,3,2,2,3,3,3,3,2,2,1,2,3.35,0.875,4,0.438,0.5,0.75,0.75,0.562,0.0,0.375
multi_uni,CUET,7.0,3.5+,3.5+,Satisfied,75-89%,More than 15 hrs,Mostly consistent routine,Most of it,5-6 hrs,Rarely,6-10 hrs,Close to what I wanted,Sometimes,Mostly suitable,Good support,Neutral,Mostly,Mostly manageable,ECE,ECE,C2_3_50_to_3_74,C2_3_50_to_3_74,False,2,3,3,3,4,3,3,1,1,2,2,3,3,3,3,2,2,3.62,0.875,4,0.75,0.583,0.75,0.667,0.75,0.5,0.0
multi_uni,CUET,7.0,3.5+,3.2+,Satisfied,60-74%,More than 15 hrs,Regularly but not every day,About half,6-7 hrs,Rarely,6-10 hrs,"Yes, exactly what I wanted",Sometimes,Neither good nor bad,Good support,Neutral,Mostly,Average,CE,CE,C1_3_20_to_3_49,C2_3_50_to_3_74,False,2,4,3,2,4,2,2,2,1,2,2,2,3,2,3,1,2,3.35,0.875,4,0.625,0.583,0.625,0.75,0.5,0.5,0.125
multi_uni,CUET,7.0,3.5+,3.5+,Neutral,90% or more,More than 15 hrs,Mostly consistent routine,Most of it,6-7 hrs,Rarely,None,"Yes, exactly what I wanted",Rarely,Mostly suitable,Good support,Satisfied,Somewhat,Average,ECE,ECE,C2_3_50_to_3_74,C2_3_50_to_3_74,False,3,4,2,4,4,3,3,2,1,0,1,3,3,2,2,2,2,3.62,0.875,4,0.875,0.583,0.75,0.75,0.75,0.75,-0.125
multi_uni,BUET,8.0,3.5+,3.2+,Very satisfied,60-74%,More than 15 hrs,Mostly just before exams,Almost nothing,Less than 5 hrs,Sometimes,11-15 hrs,Somewhat different,Often,Very distracting,Good support,Very satisfied,Not at all,Difficult to manage,ChE,ChE,C1_3_20_to_3_49,C2_3_50_to_3_74,False,4,2,4,2,4,1,0,0,2,3,3,0,3,1,0,1,2,3.35,1.0,4,0.5,0.25,0.375,0.5,0.0,0.25,0.5
multi_uni,BUET,9.0,3.75+,3.0+,Dissatisfied,75-89%,More than 15 hrs,Regularly but not every day,Almost everything,7-8 hrs,Often,1-5 hrs,"Yes, exactly what I wanted",Sometimes,Somewhat distracting,Good support,Very satisfied,Completely,Difficult to manage,MME,Other,C0_below_3_20,C3_3_75_plus,False,4,4,1,3,4,2,4,3,3,1,2,1,3,1,4,0,3,3.0,1.125,4,0.688,0.417,0.5,1.0,1.0,0.5,0.375
multi_uni,BUET,12.0,Below,3.9+,Satisfied,60-74%,More than 15 hrs,Consistent throughout the semester,Almost everything,6-7 hrs,Almost always,6-10 hrs,"Yes, exactly what I wanted",Often,Somewhat distracting,Strong support,Very satisfied,Not at all,Average,NCE,Other,C3_3_75_plus,C0_below_3_20,False,4,4,3,2,4,4,4,2,4,2,3,1,4,2,0,3,0,3.87,1.5,4,0.688,0.333,0.625,0.667,1.0,0.25,0.5
multi_uni,BUET,5.0,3.0+,3.2+,Neutral,75-89%,More than 15 hrs,Consistent throughout the semester,A little,6-7 hrs,Never,6-10 hrs,Somewhat different,Almost every day,Very distracting,No support,Neutral,Not at all,Difficult to manage,PMRE,Other,C1_3_20_to_3_49,C0_below_3_20,False,2,2,2,3,4,4,1,2,0,2,4,0,0,1,0,1,0,3.35,0.625,3,0.688,0.583,0.0,0.333,0.25,0.0,0.125
multi_uni,BUET,2.0,Below,3.2+,Dissatisfied,75-89%,Less than 3 hrs,Regularly but not every day,Almost everything,6-7 hrs,Almost always,6-10 hrs,Not at all what I wanted,Sometimes,Mostly suitable,Some support,Satisfied,Not at all,Mostly manageable,ME,ME,C1_3_20_to_3_49,C0_below_3_20,False,3,0,1,3,0,2,4,2,4,2,2,3,2,3,0,1,0,3.35,0.25,1,0.438,0.417,0.625,0.25,0.0,-0.5,0.375
multi_uni,BUET,1.0,Below,3.75+,Very dissatisfied,60-74%,More than 15 hrs,Mostly consistent routine,Almost everything,6-7 hrs,Often,None,Mostly different,Almost every day,Mostly suitable,Some support,Very satisfied,Somewhat,Difficult to manage,IPE,Other,C3_3_75_plus,C0_below_3_20,False,4,1,0,2,4,3,4,2,3,0,4,3,2,1,2,3,0,3.87,0.125,1,0.562,0.333,0.625,0.583,1.0,0.0,0.25
multi_uni,BUET,8.0,3.75+,3.75+,Very dissatisfied,90% or more,More than 15 hrs,Mostly consistent routine,Almost everything,7-8 hrs,Never,1-5 hrs,Not at all what I wanted,Never,Somewhat distracting,Very little support,Satisfied,Somewhat,Mostly manageable,NAME,Other,C3_3_75_plus,C3_3_75_plus,False,3,0,0,4,4,3,4,3,0,1,0,1,1,3,2,3,3,3.87,1.0,4,0.938,0.833,0.25,0.417,1.0,1.0,-0.25
multi_uni,BUET,8.0,3.2+,Below,Very dissatisfied,60-74%,More than 15 hrs,Occasionally when necessary,Almost everything,6-7 hrs,Often,1-5 hrs,Mostly different,Almost every day,Mostly suitable,Some support,Very satisfied,Mostly,Mostly manageable,MIE,Other,C0_below_3_20,C1_3_20_to_3_49,False,4,1,0,2,4,0,4,2,3,1,4,3,2,3,3,0,1,3.0,1.0,4,0.375,0.5,0.625,0.667,1.0,0.0,0.125
multi_uni,BUET,12.0,Below,3.5+,Very satisfied,60-74%,Less than 3 hrs,Consistent throughout the semester,Most of it,More than 8 hrs,Never,11-15 hrs,Not at all what I wanted,Never,Neither good nor bad,No support,Neutral,Mostly,Mostly manageable,EEE,EEE,C2_3_50_to_3_74,C0_below_3_20,False,2,0,4,2,0,4,3,4,0,3,0,2,0,3,3,2,0,3.62,1.5,4,0.625,0.917,0.25,0.417,0.0,0.0,0.0
multi_uni,BUET,11.0,3.9+,3.5+,Satisfied,90% or more,7-10 hrs,Mostly just before exams,A little,Less than 5 hrs,Almost always,More than 15 hrs,Not at all what I wanted,Rarely,Mostly suitable,Good support,Very satisfied,Not at all,Mostly manageable,CSE,CSE,C2_3_50_to_3_74,C3_3_75_plus,False,4,0,3,4,2,1,1,0,4,4,1,3,3,3,0,2,3,3.62,1.375,4,0.625,0.25,0.75,0.333,0.125,0.25,0.625
multi_uni,BUET,2.0,3.2+,3.2+,Very dissatisfied,90% or more,More than 15 hrs,Mostly consistent routine,Most of it,6-7 hrs,Often,More than 15 hrs,Close to what I wanted,Almost every day,Very distracting,Very little support,Satisfied,Completely,Difficult to manage,BME,BME,C1_3_20_to_3_49,C1_3_20_to_3_49,False,3,3,0,4,4,3,3,2,3,4,4,0,1,1,4,1,1,3.35,0.25,1,0.688,0.333,0.125,0.833,0.75,0.0,0.75
multi_uni,BUET,4.0,3.0+,3.75+,Very dissatisfied,60-74%,7-10 hrs,Consistent throughout the semester,Almost everything,7-8 hrs,Often,11-15 hrs,Close to what I wanted,Often,Excellent for focused study,Very little support,Satisfied,Slightly,Average,ARCH,ARCH,C3_3_75_plus,C0_below_3_20,False,3,3,0,2,2,4,4,3,3,3,3,4,1,2,1,3,0,3.87,0.5,2,0.562,0.5,0.625,0.583,0.5,-0.25,0.5
multi_uni,BUET,10.0,Below,3.0+,Dissatisfied,90% or more,3-6 hrs,Regularly but not every day,Almost everything,6-7 hrs,Rarely,More than 15 hrs,Close to what I wanted,Never,Very distracting,Some support,Satisfied,Mostly,Very healthy and balanced,URP,URP,C0_below_3_20,C0_below_3_20,False,3,3,1,4,1,2,4,2,1,4,0,0,2,4,3,0,0,3.0,1.25,4,0.688,0.75,0.25,0.75,0.25,0.25,0.125
multi_uni,BUET,4.0,3.0+,Below,Dissatisfied,90% or more,More than 15 hrs,Mostly just before exams,Most of it,6-7 hrs,Almost always,6-10 hrs,Not at all what I wanted,Never,Neither good nor bad,Very little support,Satisfied,Slightly,Difficult to manage,CE,CE,C0_below_3_20,C0_below_3_20,False,3,0,1,4,4,1,3,2,4,2,0,2,1,1,1,0,0,3.0,0.5,2,0.812,0.25,0.375,0.333,0.75,1.0,0.625
multi_uni,BUET,12.0,3.0+,3.0+,Neutral,90% or more,More than 15 hrs,Occasionally when necessary,Almost nothing,Less than 5 hrs,Almost always,1-5 hrs,"Yes, exactly what I wanted",Almost every day,Very distracting,Strong support,Neutral,Somewhat,Mostly manageable,WRE,Other,C0_below_3_20,C0_below_3_20,False,2,4,2,4,4,0,0,0,4,1,4,0,4,3,2,0,0,3.0,1.5,4,0.5,0.25,0.5,0.667,0.0,0.0,0.25
multi_uni,BUET,5.0,3.9+,3.5+,Satisfied,90% or more,3-6 hrs,Occasionally when necessary,Almost everything,7-8 hrs,Almost always,None,Not at all what I wanted,Often,Somewhat distracting,Some support,Neutral,Somewhat,Average,ChE,ChE,C2_3_50_to_3_74,C3_3_75_plus,False,2,0,3,4,1,0,4,3,4,0,3,1,2,2,2,2,3,3.62,0.625,3,0.375,0.417,0.375,0.333,0.25,-0.5,0.25
multi_uni,BUET,9.0,3.2+,Below,Dissatisfied,60-74%,Less than 3 hrs,Mostly consistent routine,About half,5-6 hrs,Rarely,More than 15 hrs,Not at all what I wanted,Often,Neither good nor bad,Strong support,Satisfied,Not at all,Completely unmanageable,MME,Other,C0_below_3_20,C1_3_20_to_3_49,False,3,0,1,2,0,3,2,1,1,4,3,2,4,0,0,0,1,3.0,1.125,4,0.375,0.333,0.75,0.25,0.0,-0.75,0.625
multi_uni,BUET,3.0,3.2+,3.5+,Dissatisfied,90% or more,11-15 hrs,Consistent throughout the semester,About half,7-8 hrs,Never,6-10 hrs,"Yes, exactly what I wanted",Rarely,Somewhat distracting,No support,Very satisfied,Mostly,Average,NCE,Other,C2_3_50_to_3_74,C1_3_20_to_3_49,False,4,4,1,4,3,4,2,3,0,2,1,1,0,2,3,2,1,3.62,0.375,2,0.875,0.75,0.125,0.917,0.375,0.5,0.0
multi_uni,BUET,1.0,3.9+,3.2+,Very dissatisfied,75-89%,3-6 hrs,Mostly consistent routine,A little,7-8 hrs,Never,6-10 hrs,Somewhat different,Almost every day,Excellent for focused study,No support,Very satisfied,Slightly,Mostly manageable,PMRE,Other,C1_3_20_to_3_49,C3_3_75_plus,False,4,2,0,3,1,3,1,3,0,2,4,4,0,3,1,1,3,3.35,0.125,1,0.438,0.833,0.5,0.583,0.062,-0.75,-0.125
multi_uni,BUET,9.0,3.2+,3.0+,Very satisfied,75-89%,11-15 hrs,Mostly consistent routine,Almost nothing,7-8 hrs,Almost always,None,Not at all what I wanted,Rarely,Excellent for focused study,Good support,Neutral,Somewhat,Average,ME,ME,C0_below_3_20,C1_3_20_to_3_49,False,2,0,4,3,3,3,0,3,4,0,1,4,3,2,2,0,1,3.0,1.125,4,0.75,0.417,0.875,0.333,0.0,0.5,0.25
multi_uni,BUET,8.0,Below,3.0+,Very satisfied,75-89%,More than 15 hrs,Mostly just before exams,Almost nothing,More than 8 hrs,Rarely,More than 15 hrs,Mostly different,Rarely,Neither good nor bad,Good support,Very satisfied,Completely,Average,IPE,Other,C0_below_3_20,C0_below_3_20,False,4,1,4,3,4,1,0,4,1,4,1,2,3,2,4,0,0,3.0,1.0,4,0.688,0.75,0.625,0.75,0.0,0.75,0.375
multi_uni,BUET,6.0,3.2+,Below,Very dissatisfied,90% or more,7-10 hrs,Occasionally when necessary,Almost everything,7-8 hrs,Almost always,1-5 hrs,Somewhat different,Rarely,Very distracting,Good support,Very satisfied,Mostly,Difficult to manage,ME,ME,C0_below_3_20,C1_3_20_to_3_49,False,4,2,0,4,2,0,4,3,4,1,1,0,3,1,3,0,1,3.0,0.75,3,0.562,0.333,0.375,0.75,0.5,0.25,0.5
multi_uni,BUET,6.0,3.2+,Below,Very dissatisfied,90% or more,7-10 hrs,Occasionally when necessary,Almost everything,7-8 hrs,Almost always,1-5 hrs,Somewhat different,Rarely,Very distracting,Good support,Very satisfied,Mostly,Difficult to manage,CSE,CSE,C0_below_3_20,C1_3_20_to_3_49,False,4,2,0,4,2,0,4,3,4,1,1,0,3,1,3,0,1,3.0,0.75,3,0.562,0.333,0.375,0.75,0.5,0.25,0.5
multi_uni,BUET,12.0,3.2+,3.0+,Very satisfied,90% or more,More than 15 hrs,Mostly just before exams,Most of it,7-8 hrs,Sometimes,1-5 hrs,Somewhat different,Never,Neither good nor bad,Strong support,Neutral,Somewhat,Mostly manageable,EEE,EEE,C0_below_3_20,C1_3_20_to_3_49,False,2,2,4,4,4,1,3,3,2,1,0,2,4,3,2,0,1,3.0,1.5,4,0.812,0.667,0.75,0.5,0.75,1.0,0.0
multi_uni,BUET,5.0,3.2+,3.9+,Neutral,75-89%,Less than 3 hrs,Consistent throughout the semester,A little,5-6 hrs,Sometimes,More than 15 hrs,Not at all what I wanted,Never,Mostly suitable,Good support,Very satisfied,Completely,Completely unmanageable,CE,CE,C3_3_75_plus,C1_3_20_to_3_49,False,4,0,2,3,0,4,1,1,2,4,0,3,3,0,4,3,1,3.87,0.625,3,0.688,0.25,0.75,0.667,0.0,0.0,0.75
multi_uni,BUET,3.0,3.5+,3.9+,Very dissatisfied,90% or more,11-15 hrs,Mostly just before exams,Almost nothing,Less than 5 hrs,Almost always,6-10 hrs,"Yes, exactly what I wanted",Almost every day,Excellent for focused study,Strong support,Very satisfied,Mostly,Very healthy and balanced,ME,ME,C3_3_75_plus,C2_3_50_to_3_74,False,4,4,0,4,3,1,0,0,4,2,4,4,4,4,3,3,2,3.87,0.375,2,0.5,0.333,1.0,0.917,0.0,-0.25,0.25
multi_uni,BUET,3.0,3.75+,3.9+,Neutral,75-89%,More than 15 hrs,Consistent throughout the semester,Almost nothing,6-7 hrs,Almost always,11-15 hrs,Close to what I wanted,Never,Very distracting,Good support,Very satisfied,Completely,Average,EEE,EEE,C3_3_75_plus,C3_3_75_plus,False,4,3,2,3,4,4,0,2,4,3,0,0,3,2,4,3,3,3.87,0.375,2,0.938,0.333,0.375,0.917,0.0,1.0,0.625
multi_uni,BUET,6.0,3.5+,3.2+,Very satisfied,75-89%,Less than 3 hrs,Consistent throughout the semester,A little,7-8 hrs,Sometimes,More than 15 hrs,Close to what I wanted,Often,Somewhat distracting,Strong support,Neutral,Somewhat,Difficult to manage,CSE,CSE,C1_3_20_to_3_49,C2_3_50_to_3_74,False,2,3,4,3,0,4,1,3,2,4,3,1,4,1,2,1,2,3.35,0.75,3,0.5,0.5,0.625,0.583,0.0,-0.75,0.625
multi_uni,BUET,4.0,Below,3.0+,Very satisfied,60-74%,11-15 hrs,Mostly consistent routine,About half,5-6 hrs,Almost always,None,Not at all what I wanted,Rarely,Neither good nor bad,Some support,Neutral,Completely,Average,CE,CE,C0_below_3_20,C0_below_3_20,False,2,0,4,2,3,3,2,1,4,0,1,2,2,2,4,0,0,3.0,0.5,2,0.688,0.25,0.5,0.5,0.375,0.5,0.25
multi_uni,BUET,7.0,Below,Below,Satisfied,75-89%,3-6 hrs,Occasionally when necessary,A little,5-6 hrs,Rarely,11-15 hrs,Mostly different,Never,Excellent for focused study,Very little support,Very satisfied,Slightly,Very healthy and balanced,ME,ME,C0_below_3_20,C0_below_3_20,False,4,1,3,3,1,0,1,1,1,3,0,4,1,4,1,0,0,3.0,0.875,4,0.5,0.667,0.625,0.5,0.062,0.25,0.0
multi_uni,BUET,5.0,3.2+,3.75+,Very satisfied,60-74%,Less than 3 hrs,Occasionally when necessary,A little,7-8 hrs,Never,11-15 hrs,Mostly different,Sometimes,Neither good nor bad,Good support,Satisfied,Mostly,Mostly manageable,ME,ME,C3_3_75_plus,C1_3_20_to_3_49,False,3,1,4,2,0,0,1,3,0,3,2,2,3,3,3,3,1,3.87,0.625,3,0.25,0.833,0.625,0.583,0.0,-0.5,0.0
multi_uni,BUET,5.0,3.9+,3.0+,Satisfied,90% or more,More than 15 hrs,Regularly but not every day,Almost nothing,6-7 hrs,Often,11-15 hrs,"Yes, exactly what I wanted",Rarely,Excellent for focused study,Some support,Very satisfied,Somewhat,Average,CE,CE,C0_below_3_20,C3_3_75_plus,False,4,4,3,4,4,2,0,2,3,3,1,4,2,2,2,0,3,3.0,0.625,3,0.812,0.417,0.75,0.833,0.0,0.75,0.5
multi_uni,BUET,1.0,3.75+,3.0+,Very satisfied,60-74%,7-10 hrs,Consistent throughout the semester,Most of it,7-8 hrs,Never,1-5 hrs,Mostly different,Often,Very distracting,Some support,Very satisfied,Completely,Difficult to manage,EEE,EEE,C0_below_3_20,C3_3_75_plus,False,4,1,4,2,2,4,3,3,0,1,3,0,2,1,4,0,3,3.0,0.125,1,0.562,0.667,0.25,0.75,0.375,-0.25,0.0
multi_uni,BUET,1.0,3.5+,3.0+,Satisfied,60-74%,11-15 hrs,Occasionally when necessary,Most of it,6-7 hrs,Almost always,1-5 hrs,Mostly different,Almost every day,Excellent for focused study,Strong support,Satisfied,Mostly,Average,CSE,CSE,C0_below_3_20,C2_3_50_to_3_74,False,3,1,3,2,3,0,3,2,4,1,4,4,4,2,3,0,2,3.0,0.125,1,0.312,0.333,1.0,0.583,0.562,-0.25,0.375
multi_uni,BUET,5.0,3.9+,Below,Satisfied,90% or more,11-15 hrs,Mostly just before exams,About half,More than 8 hrs,Often,More than 15 hrs,Mostly different,Sometimes,Excellent for focused study,Very little support,Neutral,Somewhat,Average,CSE,CSE,C0_below_3_20,C3_3_75_plus,False,2,1,3,4,3,1,2,4,3,4,2,4,1,2,2,0,3,3.0,0.625,3,0.625,0.583,0.625,0.417,0.375,0.25,0.625
multi_uni,BUET,6.0,3.5+,3.5+,Neutral,60-74%,Less than 3 hrs,Regularly but not every day,Almost everything,5-6 hrs,Almost always,6-10 hrs,Not at all what I wanted,Sometimes,Very distracting,No support,Very satisfied,Completely,Completely unmanageable,CE,CE,C2_3_50_to_3_74,C2_3_50_to_3_74,False,4,0,2,2,0,2,4,1,4,2,2,0,0,0,4,2,2,3.62,0.75,3,0.375,0.083,0.0,0.667,0.0,-0.5,0.75
multi_uni,BUET,11.0,Below,3.75+,Very satisfied,60-74%,More than 15 hrs,Occasionally when necessary,Almost nothing,5-6 hrs,Almost always,More than 15 hrs,Close to what I wanted,Rarely,Excellent for focused study,Very little support,Satisfied,Mostly,Difficult to manage,EEE,EEE,C3_3_75_plus,C0_below_3_20,False,3,3,4,2,4,0,0,1,4,4,1,4,1,1,3,3,0,3.87,1.375,4,0.562,0.167,0.625,0.75,0.0,0.75,0.875
multi_uni,BUET,5.0,3.75+,Below,Very satisfied,75-89%,More than 15 hrs,Regularly but not every day,Most of it,Less than 5 hrs,Sometimes,11-15 hrs,Not at all what I wanted,Never,Excellent for focused study,Some support,Very satisfied,Mostly,Completely unmanageable,ME,ME,C0_below_3_20,C3_3_75_plus,False,4,0,4,3,4,2,3,0,2,3,0,4,2,0,3,0,3,3.0,0.625,3,0.812,0.167,0.75,0.583,0.75,1.0,0.625
multi_uni,BUET,5.0,3.5+,3.5+,Neutral,90% or more,7-10 hrs,Regularly but not every day,About half,5-6 hrs,Sometimes,None,Somewhat different,Rarely,Somewhat distracting,Good support,Satisfied,Slightly,Mostly manageable,ME,ME,C2_3_50_to_3_74,C2_3_50_to_3_74,False,3,2,2,4,2,2,2,1,2,0,1,1,3,3,1,2,2,3.62,0.625,3,0.688,0.5,0.5,0.5,0.25,0.25,-0.125
multi_uni,BUET,10.0,3.2+,3.2+,Very dissatisfied,75-89%,3-6 hrs,Regularly but not every day,Most of it,Less than 5 hrs,Never,11-15 hrs,Not at all what I wanted,Almost every day,Somewhat distracting,No support,Satisfied,Slightly,Completely unmanageable,EEE,EEE,C1_3_20_to_3_49,C1_3_20_to_3_49,False,3,0,0,3,1,2,3,0,0,3,4,1,0,0,1,1,1,3.35,1.25,4,0.375,0.333,0.125,0.333,0.188,-0.75,0.375
multi_uni,BRAC,11.0,Below,Below,Very dissatisfied,90% or more,Less than 3 hrs,Mostly just before exams,A little,6-7 hrs,Rarely,None,"Yes, exactly what I wanted",Almost every day,Mostly suitable,Good support,Neutral,Slightly,Difficult to manage,CSE,CSE,C0_below_3_20,C0_below_3_20,False,2,4,0,4,0,1,1,2,1,0,4,3,3,1,1,0,0,3.0,0.917,4,0.312,0.5,0.75,0.583,0.0,-1.0,0.0
kuet,KUET,7.0,3.75+,3.75+,Very satisfied,90% or more,3-6 hrs,Occasionally when necessary,About half,7-8 hrs,Sometimes,None,Close to what I wanted,Often,Mostly suitable,Some support,Neutral,Somewhat,Average,CSE,CSE,C3_3_75_plus,C3_3_75_plus,False,2,3,4,4,1,0,2,3,2,0,3,3,2,2,2,3,3,3.87,0.875,4,0.375,0.583,0.625,0.583,0.125,-0.5,0.0
kuet,KUET,7.0,3.50-3.74,3.55,Neutral,90% or more,3-6 hrs,Mostly just before exams,Almost nothing,6-7 hrs,Rarely,None,"Yes, exactly what I wanted",Almost every day,Neither good nor bad,Good support,Satisfied,Somewhat,Difficult to manage,CSE,CSE,C2_3_50_to_3_74,C2_3_50_to_3_74,False,3,4,2,4,1,1,0,2,1,0,4,2,3,1,2,2,2,3.62,0.875,4,0.375,0.5,0.625,0.75,0.0,-0.75,0.0
kuet,KUET,7.0,3.71,3.64,Very dissatisfied,90% or more,Less than 3 hrs,Mostly just before exams,A little,Less than 5 hrs,Sometimes,None,Close to what I wanted,Often,Neither good nor bad,No support,Satisfied,Not at all,Average,CSE,CSE,C2_3_50_to_3_74,C2_3_50_to_3_74,False,3,3,0,4,0,1,1,0,2,0,3,2,0,2,0,2,2,3.62,0.875,4,0.375,0.333,0.25,0.5,0.0,-0.75,0.0
kuet,KUET,7.0,3.35,3.4,Dissatisfied,40-59%,11-15 hrs,Mostly just before exams,Almost nothing,5-6 hrs,Often,More than 15 hrs,"Yes, exactly what I wanted",Rarely,Somewhat distracting,Some support,Dissatisfied,Slightly,Difficult to manage,CSE,CSE,C1_3_20_to_3_49,C1_3_20_to_3_49,False,1,4,1,1,3,1,0,1,3,4,1,1,2,1,1,1,1,3.35,0.875,4,0.5,0.25,0.375,0.5,0.0,0.5,0.75
kuet,KUET,4.0,3.52,3.51,Dissatisfied,90% or more,7-10 hrs,Regularly but not every day,A little,5-6 hrs,Sometimes,1-5 hrs,Close to what I wanted,Almost every day,Mostly suitable,Strong support,Neutral,Completely,Difficult to manage,CSE,CSE,C2_3_50_to_3_74,C2_3_50_to_3_74,False,2,3,1,4,2,2,1,1,2,1,4,3,4,1,4,2,2,3.62,0.5,2,0.5,0.333,0.875,0.75,0.125,-0.5,0.25
kuet,KUET,4.0,3.04,3.11,Neutral,75-89%,3-6 hrs,Occasionally when necessary,About half,7-8 hrs,Often,None,"Yes, exactly what I wanted",Often,Neither good nor bad,Strong support,Neutral,Mostly,Mostly manageable,CSE,CSE,C0_below_3_20,C0_below_3_20,False,2,4,2,3,1,0,2,3,3,0,3,2,4,3,3,0,0,3.0,0.5,2,0.312,0.583,0.75,0.75,0.125,-0.5,0.0
kuet,KUET,4.0,3.68,3.52,Dissatisfied,90% or more,Less than 3 hrs,Occasionally when necessary,About half,Less than 5 hrs,Sometimes,None,"Yes, exactly what I wanted",Often,Mostly suitable,Some support,Neutral,Mostly,Difficult to manage,Unknown,Unknown,C2_3_50_to_3_74,C2_3_50_to_3_74,False,2,4,1,4,0,0,2,0,2,0,3,3,2,1,3,2,2,3.62,0.5,2,0.312,0.25,0.625,0.75,0.0,-0.75,0.125
kuet,KUET,4.0,3.93,3.92,Satisfied,90% or more,7-10 hrs,Regularly but not every day,A little,7-8 hrs,Often,11-15 hrs,Close to what I wanted,Almost every day,Mostly suitable,Good support,Neutral,Somewhat,Mostly manageable,CSE,CSE,C3_3_75_plus,C3_3_75_plus,False,2,3,3,4,2,2,1,3,3,3,4,3,3,3,2,3,3,3.87,0.5,2,0.5,0.583,0.75,0.583,0.125,-0.5,0.375
kuet,KUET,4.0,3.89,3.88,Neutral,75-89%,3-6 hrs,Mostly just before exams,A little,6-7 hrs,Sometimes,11-15 hrs,"Yes, exactly what I wanted",Often,Somewhat distracting,No support,Satisfied,Slightly,Completely unmanageable,CSE,CSE,C3_3_75_plus,C3_3_75_plus,False,3,4,2,3,1,1,1,2,2,3,3,1,0,0,1,3,3,3.87,0.5,2,0.375,0.333,0.125,0.667,0.062,-0.5,0.625
kuet,KUET,3.0,3.67,3.77,Neutral,90% or more,More than 15 hrs,Occasionally when necessary,A little,5-6 hrs,Sometimes,1-5 hrs,"Yes, exactly what I wanted",Often,Neither good nor bad,Good support,Dissatisfied,Somewhat,Mostly manageable,CSE,CSE,C3_3_75_plus,C2_3_50_to_3_74,False,1,4,2,4,4,0,1,1,2,1,3,2,3,3,2,3,2,3.87,0.375,2,0.562,0.5,0.625,0.583,0.25,0.25,0.0
kuet,KUET,4.0,3.87,3.82,Neutral,90% or more,3-6 hrs,Regularly but not every day,About half,6-7 hrs,Often,None,"Yes, exactly what I wanted",Sometimes,Excellent for focused study,Some support,Very dissatisfied,Mostly,Difficult to manage,CSE,CSE,C3_3_75_plus,C3_3_75_plus,False,0,4,2,4,1,2,2,2,3,0,2,4,2,1,3,3,3,3.87,0.5,2,0.562,0.333,0.75,0.583,0.125,-0.25,0.25
kuet,KUET,4.0,3.69,3.73,Very dissatisfied,75-89%,More than 15 hrs,Regularly but not every day,A little,5-6 hrs,Often,1-5 hrs,"Yes, exactly what I wanted",Sometimes,Neither good nor bad,Good support,Dissatisfied,Not at all,Difficult to manage,CSE,CSE,C2_3_50_to_3_74,C2_3_50_to_3_74,False,1,4,0,3,4,2,1,1,3,1,2,2,3,1,0,2,2,3.62,0.5,2,0.688,0.25,0.625,0.417,0.25,0.5,0.375
kuet,KUET,3.0,3.76,3.64,Satisfied,90% or more,7-10 hrs,Regularly but not every day,About half,5-6 hrs,Often,None,"Yes, exactly what I wanted",Often,Very distracting,Very little support,Dissatisfied,Somewhat,Difficult to manage,CSE,CSE,C2_3_50_to_3_74,C3_3_75_plus,False,1,4,3,4,2,2,2,1,3,0,3,0,1,1,2,2,3,3.62,0.375,2,0.562,0.25,0.125,0.583,0.25,-0.25,0.25
kuet,KUET,5.0,3.85,3.6,Very satisfied,90% or more,7-10 hrs,Mostly just before exams,A little,7-8 hrs,Sometimes,None,Close to what I wanted,Almost every day,Neither good nor bad,Good support,Satisfied,Somewhat,Difficult to manage,CSE,CSE,C2_3_50_to_3_74,C3_3_75_plus,False,3,3,4,4,2,1,1,3,2,0,4,2,3,1,2,2,3,3.62,0.625,3,0.438,0.5,0.625,0.667,0.125,-0.5,0.125
kuet,KUET,5.0,3.71,3.37,Satisfied,90% or more,Less than 3 hrs,Mostly just before exams,A little,5-6 hrs,Sometimes,None,"Yes, exactly what I wanted",Almost every day,Mostly suitable,Good support,Neutral,Slightly,Difficult to manage,Unknown,Unknown,C1_3_20_to_3_49,C2_3_50_to_3_74,False,2,4,3,4,0,1,1,1,2,0,4,3,3,1,1,1,2,3.35,0.625,3,0.312,0.333,0.75,0.583,0.0,-1.0,0.125
kuet,KUET,5.0,3.78,3.76,Satisfied,90% or more,Less than 3 hrs,Occasionally when necessary,About half,5-6 hrs,Sometimes,None,Not at all what I wanted,Almost every day,Mostly suitable,Good support,Neutral,Slightly,Difficult to manage,Unknown,Unknown,C3_3_75_plus,C3_3_75_plus,False,2,0,3,4,0,0,2,1,2,0,4,3,3,1,1,3,3,3.87,0.625,3,0.25,0.333,0.75,0.25,0.0,-1.0,0.125
kuet,KUET,5.0,3.85,3.64,Very satisfied,75-89%,Less than 3 hrs,Mostly just before exams,Most of it,5-6 hrs,Sometimes,None,"Yes, exactly what I wanted",Almost every day,Neither good nor bad,Good support,Neutral,Slightly,Completely unmanageable,CSE,CSE,C2_3_50_to_3_74,C3_3_75_plus,False,2,4,4,3,0,1,3,1,2,0,4,2,3,0,1,2,3,3.62,0.625,3,0.25,0.25,0.625,0.583,0.0,-1.0,0.25
kuet,KUET,7.0,3.72,3.54,Very dissatisfied,60-74%,11-15 hrs,Occasionally when necessary,A little,More than 8 hrs,Almost always,6-10 hrs,Not at all what I wanted,Almost every day,Neither good nor bad,No support,Very dissatisfied,Not at all,Completely unmanageable,CSE,CSE,C2_3_50_to_3_74,C2_3_50_to_3_74,False,0,0,0,2,3,0,1,4,4,2,4,2,0,0,0,2,2,3.62,0.875,4,0.312,0.333,0.25,0.0,0.188,-0.25,0.75
kuet,KUET,5.0,3.96,3.83,Satisfied,90% or more,More than 15 hrs,Occasionally when necessary,Almost nothing,6-7 hrs,Often,1-5 hrs,"Yes, exactly what I wanted",Sometimes,Excellent for focused study,Some support,Dissatisfied,Mostly,Mostly manageable,CSE,CSE,C3_3_75_plus,C3_3_75_plus,False,1,4,3,4,4,0,0,2,3,1,2,4,2,3,3,3,3,3.87,0.625,3,0.625,0.5,0.75,0.667,0.0,0.5,0.125
kuet,KUET,5.0,3.50 - 3.74,3.50 - 3.74,Neutral,60-74%,Less than 3 hrs,Mostly just before exams,A little,5-6 hrs,Almost always,1-5 hrs,"Yes, exactly what I wanted",Almost every day,Mostly suitable,No support,Neutral,Slightly,Completely unmanageable,CSE,CSE,C2_3_50_to_3_74,C2_3_50_to_3_74,False,2,4,2,2,0,1,1,1,4,1,4,3,0,0,1,2,2,3.62,0.625,3,0.188,0.083,0.375,0.583,0.0,-1.0,0.625
kuet,KUET,7.0,3.50 - 3.74,3.2 - 3.49,Neutral,90% or more,3-6 hrs,Mostly just before exams,A little,Less than 5 hrs,Often,1-5 hrs,Somewhat different,Often,Excellent for focused study,Some support,Satisfied,Slightly,Difficult to manage,CSE,CSE,C1_3_20_to_3_49,C2_3_50_to_3_74,False,3,2,2,4,1,1,1,0,3,1,3,4,2,1,1,1,2,3.35,0.875,4,0.438,0.167,0.75,0.5,0.062,-0.5,0.375
kuet,KUET,3.0,3.75+,3.75+,Very dissatisfied,90% or more,Less than 3 hrs,Occasionally when necessary,About half,6-7 hrs,Often,None,"Yes, exactly what I wanted",Sometimes,Somewhat distracting,Very little support,Neutral,Somewhat,Difficult to manage,CSE,CSE,C3_3_75_plus,C3_3_75_plus,False,2,4,0,4,0,0,2,2,3,0,2,1,1,1,2,3,3,3.87,0.375,2,0.375,0.333,0.25,0.667,0.0,-0.5,0.25
kuet,KUET,4.0,3.75+,3.75+,Satisfied,90% or more,3-6 hrs,Occasionally when necessary,Almost nothing,5-6 hrs,Sometimes,None,"Yes, exactly what I wanted",Often,Excellent for focused study,Good support,Very dissatisfied,Slightly,Average,CSE,CSE,C3_3_75_plus,C3_3_75_plus,False,0,4,3,4,1,0,0,1,2,0,3,4,3,2,1,3,3,3.87,0.5,2,0.375,0.417,0.875,0.417,0.0,-0.5,0.0
kuet,KUET,5.0,3.20 - 3.49,Below,Dissatisfied,60-74%,7-10 hrs,Mostly just before exams,Almost nothing,6-7 hrs,Sometimes,11-15 hrs,"Yes, exactly what I wanted",Often,Mostly suitable,Good support,Satisfied,Mostly,Difficult to manage,CSE,CSE,C0_below_3_20,C1_3_20_to_3_49,False,3,4,1,2,2,1,0,2,2,3,3,3,3,1,3,0,1,3.0,0.625,3,0.375,0.417,0.75,0.833,0.0,-0.25,0.5
kuet,KUET,7.0,3.50 - 3.74,3.50 - 3.74,Satisfied,60-74%,Less than 3 hrs,Mostly just before exams,About half,5-6 hrs,Almost always,1-5 hrs,Close to what I wanted,Almost every day,Mostly suitable,Strong support,Very satisfied,Mostly,Completely unmanageable,CSE,CSE,C2_3_50_to_3_74,C2_3_50_to_3_74,False,4,3,3,2,0,1,2,1,4,1,4,3,4,0,3,2,2,3.62,0.875,4,0.188,0.083,0.875,0.833,0.0,-1.0,0.625
kuet,KUET,7.0,3.20 - 3.49,3.2 - 3.49,Neutral,90% or more,3-6 hrs,Mostly just before exams,Almost nothing,5-6 hrs,Often,None,Somewhat different,Sometimes,Mostly suitable,Some support,Neutral,Not at all,Average,CSE,CSE,C1_3_20_to_3_49,C1_3_20_to_3_49,False,2,2,2,4,1,1,0,1,3,0,2,3,2,2,0,1,1,3.35,0.875,4,0.5,0.333,0.625,0.333,0.0,-0.25,0.125
kuet,KUET,7.0,3.20 - 3.49,3.2 - 3.49,Very dissatisfied,90% or more,Less than 3 hrs,Mostly just before exams,A little,6-7 hrs,Often,1-5 hrs,"Yes, exactly what I wanted",Often,Somewhat distracting,Very little support,Neutral,Somewhat,Average,CSE,CSE,C1_3_20_to_3_49,C1_3_20_to_3_49,False,2,4,0,4,0,1,1,2,3,1,3,1,1,2,2,1,1,3.35,0.875,4,0.375,0.417,0.25,0.667,0.0,-0.75,0.25
kuet,KUET,7.0,3.75+,3.50 - 3.74,Very satisfied,Less than 40%,Less than 3 hrs,Mostly just before exams,Almost nothing,6-7 hrs,Sometimes,6-10 hrs,"Yes, exactly what I wanted",Sometimes,Mostly suitable,Some support,Neutral,Mostly,Mostly manageable,CSE,CSE,C2_3_50_to_3_74,C3_3_75_plus,False,2,4,4,0,0,1,0,2,2,2,2,3,2,3,3,2,3,3.62,0.875,4,0.188,0.583,0.625,0.75,0.0,-0.5,0.125
kuet,KUET,7.0,3.75+,3.75+,Very satisfied,75-89%,3-6 hrs,Occasionally when necessary,Almost nothing,6-7 hrs,Often,None,Close to what I wanted,Almost every day,Mostly suitable,Some support,Dissatisfied,Slightly,Difficult to manage,CSE,CSE,C3_3_75_plus,C3_3_75_plus,False,1,3,4,3,1,0,0,2,3,0,4,3,2,1,1,3,3,3.87,0.875,4,0.25,0.333,0.625,0.417,0.0,-0.75,0.25
kuet,KUET,7.0,3.20 - 3.49,3.2 - 3.49,Neutral,75-89%,3-6 hrs,Mostly just before exams,A little,Less than 5 hrs,Often,More than 15 hrs,"Yes, exactly what I wanted",Sometimes,Mostly suitable,Some support,Neutral,Mostly,Average,CSE,CSE,C1_3_20_to_3_49,C1_3_20_to_3_49,False,2,4,2,3,1,1,1,0,3,4,2,3,2,2,3,1,1,3.35,0.875,4,0.438,0.25,0.625,0.75,0.062,-0.25,0.625
kuet,KUET,7.0,3.20 - 3.49,3.2 - 3.49,Neutral,75-89%,Less than 3 hrs,Mostly just before exams,A little,5-6 hrs,Sometimes,6-10 hrs,"Yes, exactly what I wanted",Often,Mostly suitable,Some support,Neutral,Somewhat,Difficult to manage,CSE,CSE,C1_3_20_to_3_49,C1_3_20_to_3_49,False,2,4,2,3,0,1,1,1,2,2,3,3,2,1,2,1,1,3.35,0.875,4,0.312,0.333,0.625,0.667,0.0,-0.75,0.375
kuet,KUET,7.0,3.20 - 3.49,3.2 - 3.49,Dissatisfied,60-74%,7-10 hrs,Mostly just before exams,A little,Less than 5 hrs,Often,11-15 hrs,"Yes, exactly what I wanted",Sometimes,Neither good nor bad,Some support,Neutral,Somewhat,Difficult to manage,CSE,CSE,C1_3_20_to_3_49,C1_3_20_to_3_49,False,2,4,1,2,2,1,1,0,3,3,2,2,2,1,2,1,1,3.35,0.875,4,0.438,0.167,0.5,0.667,0.125,0.0,0.625
kuet,KUET,7.0,3.75+,3.50 - 3.74,Very satisfied,90% or more,11-15 hrs,Consistent throughout the semester,Most of it,7-8 hrs,Sometimes,6-10 hrs,Close to what I wanted,Almost every day,Mostly suitable,Good support,Satisfied,Mostly,Mostly manageable,IEM,IEM,C2_3_50_to_3_74,C3_3_75_plus,False,3,3,4,4,3,4,3,3,2,2,4,3,3,3,3,2,3,3.62,0.875,4,0.688,0.667,0.75,0.75,0.562,-0.25,0.125
kuet,KUET,7.0,3.20 - 3.49,3.2 - 3.49,Dissatisfied,90% or more,3-6 hrs,Mostly just before exams,A little,6-7 hrs,Sometimes,None,Not at all what I wanted,Often,Mostly suitable,Good support,Neutral,Somewhat,Average,IEM,IEM,C1_3_20_to_3_49,C1_3_20_to_3_49,False,2,0,1,4,1,1,1,2,2,0,3,3,3,2,2,1,1,3.35,0.875,4,0.438,0.5,0.75,0.333,0.062,-0.5,0.0
kuet,KUET,7.0,3.20 - 3.49,3.2 - 3.49,Very dissatisfied,60-74%,11-15 hrs,Mostly just before exams,Almost nothing,Less than 5 hrs,Sometimes,11-15 hrs,Close to what I wanted,Sometimes,Neither good nor bad,Some support,Very dissatisfied,Somewhat,Average,Unknown,Unknown,C1_3_20_to_3_49,C1_3_20_to_3_49,False,0,3,0,2,3,1,0,0,2,3,2,2,2,2,2,1,1,3.35,0.875,4,0.5,0.333,0.5,0.417,0.0,0.25,0.375
kuet,KUET,4.0,3.50 - 3.74,3.2 - 3.49,Satisfied,90% or more,3-6 hrs,Mostly just before exams,A little,5-6 hrs,Sometimes,1-5 hrs,Close to what I wanted,Sometimes,Mostly suitable,Good support,Satisfied,Mostly,Mostly manageable,CSE,CSE,C1_3_20_to_3_49,C2_3_50_to_3_74,False,3,3,3,4,1,1,1,1,2,1,2,3,3,3,3,1,2,3.35,0.5,2,0.5,0.5,0.75,0.75,0.062,-0.25,0.0
kuet,KUET,7.0,3.50 - 3.74,3.50 - 3.74,Very dissatisfied,60-74%,Less than 3 hrs,Mostly just before exams,Almost nothing,6-7 hrs,Sometimes,None,"Yes, exactly what I wanted",Sometimes,Excellent for focused study,Good support,Neutral,Slightly,Average,CSE,CSE,C2_3_50_to_3_74,C2_3_50_to_3_74,False,2,4,0,2,0,1,0,2,2,0,2,4,3,2,1,2,2,3.62,0.875,4,0.312,0.5,0.875,0.583,0.0,-0.5,0.0
kuet,KUET,7.0,3.20 - 3.49,3.50 - 3.74,Neutral,60-74%,3-6 hrs,Occasionally when necessary,A little,5-6 hrs,Often,None,"Yes, exactly what I wanted",Often,Mostly suitable,Some support,Dissatisfied,Somewhat,Average,ARCH,ARCH,C2_3_50_to_3_74,C1_3_20_to_3_49,False,1,4,2,2,1,0,1,1,3,0,3,3,2,2,2,2,1,3.62,0.875,4,0.25,0.333,0.625,0.583,0.062,-0.5,0.125
kuet,KUET,6.0,3.20 - 3.49,3.2 - 3.49,Neutral,60-74%,Less than 3 hrs,Mostly just before exams,Almost nothing,5-6 hrs,Sometimes,1-5 hrs,"Yes, exactly what I wanted",Often,Neither good nor bad,No support,Neutral,Slightly,Difficult to manage,ARCH,ARCH,C1_3_20_to_3_49,C1_3_20_to_3_49,False,2,4,2,2,0,1,0,1,2,1,3,2,0,1,1,1,1,3.35,0.75,3,0.25,0.333,0.25,0.583,0.0,-0.75,0.25
kuet,KUET,7.0,3.20 - 3.49,3.2 - 3.49,Neutral,90% or more,3-6 hrs,Occasionally when necessary,A little,6-7 hrs,Almost always,None,"Yes, exactly what I wanted",Almost every day,Mostly suitable,Good support,Satisfied,Mostly,Average,CSE,CSE,C1_3_20_to_3_49,C1_3_20_to_3_49,False,3,4,2,4,1,0,1,2,4,0,4,3,3,2,3,1,1,3.35,0.875,4,0.312,0.333,0.75,0.833,0.062,-0.75,0.25
kuet,KUET,7.0,3.20 - 3.49,3.2 - 3.49,Very dissatisfied,60-74%,Less than 3 hrs,Mostly just before exams,A little,5-6 hrs,Often,11-15 hrs,"Yes, exactly what I wanted",Often,Mostly suitable,Some support,Satisfied,Slightly,Difficult to manage,CSE,CSE,C1_3_20_to_3_49,C1_3_20_to_3_49,False,3,4,0,2,0,1,1,1,3,3,3,3,2,1,1,1,1,3.35,0.875,4,0.25,0.25,0.625,0.667,0.0,-0.75,0.625
kuet,KUET,7.0,3.20 - 3.49,3.2 - 3.49,Dissatisfied,60-74%,3-6 hrs,Mostly just before exams,A little,5-6 hrs,Sometimes,1-5 hrs,"Yes, exactly what I wanted",Almost every day,Neither good nor bad,Some support,Neutral,Slightly,Difficult to manage,CSE,CSE,C1_3_20_to_3_49,C1_3_20_to_3_49,False,2,4,1,2,1,1,1,1,2,1,4,2,2,1,1,1,1,3.35,0.875,4,0.25,0.333,0.5,0.583,0.062,-0.75,0.25
kuet,KUET,7.0,3.50 - 3.74,3.2 - 3.49,Satisfied,90% or more,Less than 3 hrs,Occasionally when necessary,About half,6-7 hrs,Often,1-5 hrs,"Yes, exactly what I wanted",Sometimes,Mostly suitable,Strong support,Neutral,Somewhat,Difficult to manage,CSE,CSE,C1_3_20_to_3_49,C2_3_50_to_3_74,False,2,4,3,4,0,0,2,2,3,1,2,3,4,1,2,1,2,3.35,0.875,4,0.375,0.333,0.875,0.667,0.0,-0.5,0.375
kuet,KUET,7.0,3.75+,3.75+,Satisfied,90% or more,11-15 hrs,Occasionally when necessary,Most of it,6-7 hrs,Often,1-5 hrs,"Yes, exactly what I wanted",Often,Mostly suitable,Good support,Satisfied,Mostly,Average,CSE,CSE,C3_3_75_plus,C3_3_75_plus,False,3,4,3,4,3,0,3,2,3,1,3,3,3,2,3,3,3,3.87,0.875,4,0.5,0.417,0.75,0.833,0.562,0.0,0.25
kuet,KUET,7.0,3.50 - 3.74,3.50 - 3.74,Neutral,90% or more,Less than 3 hrs,Mostly just before exams,About half,6-7 hrs,Often,1-5 hrs,"Yes, exactly what I wanted",Almost every day,Mostly suitable,Some support,Very satisfied,Slightly,Completely unmanageable,CSE,CSE,C2_3_50_to_3_74,C2_3_50_to_3_74,False,4,4,2,4,0,1,2,2,3,1,4,3,2,0,1,2,2,3.62,0.875,4,0.312,0.25,0.625,0.75,0.0,-1.0,0.5
kuet,KUET,7.0,3.20 - 3.49,3.2 - 3.49,Very satisfied,75-89%,7-10 hrs,Occasionally when necessary,About half,5-6 hrs,Sometimes,More than 15 hrs,"Yes, exactly what I wanted",Sometimes,Neither good nor bad,Some support,Satisfied,Slightly,Difficult to manage,CSE,CSE,C1_3_20_to_3_49,C1_3_20_to_3_49,False,3,4,4,3,2,0,2,1,2,4,2,2,2,1,1,1,1,3.35,0.875,4,0.438,0.333,0.5,0.667,0.25,0.0,0.625
kuet,KUET,7.0,3.75+,3.2 - 3.49,Satisfied,75-89%,7-10 hrs,Mostly just before exams,A little,6-7 hrs,Sometimes,6-10 hrs,"Yes, exactly what I wanted",Often,Neither good nor bad,Good support,Satisfied,Slightly,Average,CSE,CSE,C1_3_20_to_3_49,C3_3_75_plus,False,3,4,3,3,2,1,1,2,2,2,3,2,3,2,1,1,3,3.35,0.875,4,0.438,0.5,0.625,0.667,0.125,-0.25,0.25
kuet,KUET,7.0,3.50 - 3.74,3.2 - 3.49,Dissatisfied,90% or more,3-6 hrs,Mostly just before exams,About half,6-7 hrs,Often,More than 15 hrs,"Yes, exactly what I wanted",Almost every day,Mostly suitable,Good support,Satisfied,Mostly,Difficult to manage,CSE,CSE,C1_3_20_to_3_49,C2_3_50_to_3_74,False,3,4,1,4,1,1,2,2,3,4,4,3,3,1,3,1,2,3.35,0.875,4,0.375,0.333,0.75,0.833,0.125,-0.75,0.75
kuet,KUET,7.0,3.75+,3.75+,Satisfied,75-89%,Less than 3 hrs,Mostly just before exams,Most of it,5-6 hrs,Almost always,11-15 hrs,"Yes, exactly what I wanted",Rarely,Mostly suitable,Very little support,Very dissatisfied,Somewhat,Difficult to manage,CSE,CSE,C3_3_75_plus,C3_3_75_plus,False,0,4,3,3,0,1,3,1,4,3,1,3,1,1,2,3,3,3.87,0.875,4,0.438,0.167,0.5,0.5,0.0,-0.25,0.75
kuet,KUET,7.0,3.20 - 3.49,3.2 - 3.49,Satisfied,60-74%,11-15 hrs,Regularly but not every day,A little,6-7 hrs,Often,None,"Yes, exactly what I wanted",Sometimes,Neither good nor bad,Good support,Satisfied,Mostly,Mostly manageable,CSE,CSE,C1_3_20_to_3_49,C1_3_20_to_3_49,False,3,4,3,2,3,2,1,2,3,0,2,2,3,3,3,1,1,3.35,0.875,4,0.562,0.5,0.625,0.833,0.188,0.25,0.0
kuet,KUET,7.0,3.20 - 3.49,Below,Satisfied,60-74%,3-6 hrs,Occasionally when necessary,A little,Less than 5 hrs,Almost always,None,"Yes, exactly what I wanted",Almost every day,Mostly suitable,Good support,Neutral,Slightly,Difficult to manage,CSE,CSE,C0_below_3_20,C1_3_20_to_3_49,False,2,4,3,2,1,0,1,0,4,0,4,3,3,1,1,0,1,3.0,0.875,4,0.188,0.083,0.75,0.583,0.062,-0.75,0.375
kuet,KUET,7.0,Below,Below,Neutral,75-89%,3-6 hrs,Regularly but not every day,Almost nothing,Less than 5 hrs,Almost always,None,"Yes, exactly what I wanted",Often,Neither good nor bad,Good support,Dissatisfied,Somewhat,Difficult to manage,CSE,CSE,C0_below_3_20,C0_below_3_20,False,1,4,2,3,1,2,0,0,4,0,3,2,3,1,2,0,0,3.0,0.875,4,0.438,0.083,0.625,0.583,0.0,-0.5,0.375
kuet,KUET,7.0,3.50 - 3.74,3.50 - 3.74,Dissatisfied,90% or more,11-15 hrs,Regularly but not every day,About half,5-6 hrs,Rarely,1-5 hrs,"Yes, exactly what I wanted",Almost every day,Excellent for focused study,Good support,Very satisfied,Mostly,Average,CSE,CSE,C2_3_50_to_3_74,C2_3_50_to_3_74,False,4,4,1,4,3,2,2,1,1,1,4,4,3,2,3,2,2,3.62,0.875,4,0.562,0.5,0.875,0.917,0.375,-0.25,0.0
kuet,KUET,7.0,3.50 - 3.74,3.50 - 3.74,Neutral,90% or more,3-6 hrs,Mostly just before exams,About half,5-6 hrs,Sometimes,None,"Yes, exactly what I wanted",Sometimes,Mostly suitable,Good support,Satisfied,Slightly,Mostly manageable,Unknown,Unknown,C2_3_50_to_3_74,C2_3_50_to_3_74,False,3,4,2,4,1,1,2,1,2,0,2,3,3,3,1,2,2,3.62,0.875,4,0.5,0.5,0.75,0.667,0.125,-0.25,-0.125
kuet,KUET,7.0,Below,Below,Very dissatisfied,60-74%,3-6 hrs,Mostly just before exams,About half,5-6 hrs,Sometimes,11-15 hrs,"Yes, exactly what I wanted",Often,Mostly suitable,Strong support,Neutral,Slightly,Difficult to manage,CSE,CSE,C0_below_3_20,C0_below_3_20,False,2,4,0,2,1,1,2,1,2,3,3,3,4,1,1,0,0,3.0,0.875,4,0.312,0.333,0.875,0.583,0.125,-0.5,0.5
kuet,KUET,7.0,3.20 - 3.49,3.2 - 3.49,Very satisfied,75-89%,3-6 hrs,Occasionally when necessary,About half,6-7 hrs,Rarely,None,"Yes, exactly what I wanted",Almost every day,Excellent for focused study,Strong support,Very dissatisfied,Not at all,Average,CSE,CSE,C1_3_20_to_3_49,C1_3_20_to_3_49,False,0,4,4,3,1,0,2,2,1,0,4,4,4,2,0,1,1,3.35,0.875,4,0.25,0.583,1.0,0.333,0.125,-0.75,-0.125
kuet,KUET,7.0,3.50 - 3.74,3.75+,Very dissatisfied,75-89%,3-6 hrs,Mostly just before exams,A little,Less than 5 hrs,Rarely,More than 15 hrs,"Yes, exactly what I wanted",Often,Neither good nor bad,Some support,Satisfied,Completely,Completely unmanageable,CSE,CSE,C3_3_75_plus,C2_3_50_to_3_74,False,3,4,0,3,1,1,1,0,1,4,3,2,2,0,4,3,2,3.87,0.875,4,0.375,0.25,0.5,0.917,0.062,-0.5,0.625
kuet,KUET,7.0,3.50 - 3.74,3.50 - 3.74,Dissatisfied,60-74%,Less than 3 hrs,Mostly just before exams,Almost nothing,Less than 5 hrs,Never,None,Close to what I wanted,Rarely,Neither good nor bad,Very little support,Neutral,Somewhat,Average,CSE,CSE,C2_3_50_to_3_74,C2_3_50_to_3_74,False,2,3,1,2,0,1,0,0,0,0,1,2,1,2,2,2,2,3.62,0.875,4,0.375,0.5,0.375,0.583,0.0,-0.25,-0.25
kuet,KUET,7.0,Below,Below,Very dissatisfied,75-89%,7-10 hrs,Mostly just before exams,Almost nothing,Less than 5 hrs,Almost always,1-5 hrs,Not at all what I wanted,Almost every day,Mostly suitable,Some support,Very dissatisfied,Not at all,Completely unmanageable,EEE,EEE,C0_below_3_20,C0_below_3_20,False,0,0,0,3,2,1,0,0,4,1,4,3,2,0,0,0,0,3.0,0.875,4,0.375,0.0,0.625,0.0,0.0,-0.5,0.625
kuet,KUET,7.0,3.20 - 3.49,3.2 - 3.49,Very dissatisfied,60-74%,Less than 3 hrs,Mostly just before exams,Almost nothing,6-7 hrs,Sometimes,1-5 hrs,"Yes, exactly what I wanted",Almost every day,Mostly suitable,Some support,Dissatisfied,Not at all,Completely unmanageable,CSE,CSE,C1_3_20_to_3_49,C1_3_20_to_3_49,False,1,4,0,2,0,1,0,2,2,1,4,3,2,0,0,1,1,3.35,0.875,4,0.188,0.333,0.625,0.417,0.0,-1.0,0.375
kuet,KUET,7.0,3.50 - 3.74,3.75+,Satisfied,75-89%,7-10 hrs,Mostly just before exams,About half,5-6 hrs,Often,11-15 hrs,Somewhat different,Almost every day,Neither good nor bad,Good support,Satisfied,Slightly,Difficult to manage,ECE,ECE,C3_3_75_plus,C2_3_50_to_3_74,False,3,2,3,3,2,1,2,1,3,3,4,2,3,1,1,3,2,3.87,0.875,4,0.375,0.25,0.625,0.5,0.25,-0.5,0.625
kuet,KUET,7.0,3.75+,3.75+,Very satisfied,90% or more,7-10 hrs,Regularly but not every day,Most of it,7-8 hrs,Rarely,None,"Yes, exactly what I wanted",Sometimes,Somewhat distracting,Strong support,Satisfied,Mostly,Mostly manageable,ECE,ECE,C3_3_75_plus,C3_3_75_plus,False,3,4,4,4,2,2,3,3,1,0,2,1,4,3,3,3,3,3.87,0.875,4,0.625,0.75,0.625,0.833,0.375,0.0,-0.25
kuet,KUET,7.0,Below,3.2 - 3.49,Dissatisfied,60-74%,3-6 hrs,Mostly just before exams,Almost nothing,5-6 hrs,Sometimes,6-10 hrs,Somewhat different,Often,Somewhat distracting,Very little support,Dissatisfied,Somewhat,Difficult to manage,ECE,ECE,C1_3_20_to_3_49,C0_below_3_20,False,1,2,1,2,1,1,0,1,2,2,3,1,1,1,2,1,0,3.35,0.875,4,0.312,0.333,0.25,0.417,0.0,-0.5,0.375
kuet,KUET,4.0,3.50 - 3.74,3.75+,Neutral,75-89%,7-10 hrs,Occasionally when necessary,About half,5-6 hrs,Rarely,11-15 hrs,Close to what I wanted,Often,Very distracting,Strong support,Very satisfied,Mostly,Difficult to manage,CSE,CSE,C3_3_75_plus,C2_3_50_to_3_74,False,4,3,2,3,2,0,2,1,1,3,3,0,4,1,3,3,2,3.87,0.5,2,0.375,0.417,0.5,0.833,0.25,-0.25,0.375
kuet,KUET,7.0,3.50 - 3.74,3.2 - 3.49,Dissatisfied,60-74%,Less than 3 hrs,Mostly just before exams,A little,Less than 5 hrs,Almost always,None,Not at all what I wanted,Almost every day,Neither good nor bad,Some support,Neutral,Somewhat,Difficult to manage,ECE,ECE,C1_3_20_to_3_49,C2_3_50_to_3_74,False,2,0,1,2,0,1,1,0,4,0,4,2,2,1,2,1,2,3.35,0.875,4,0.188,0.083,0.5,0.333,0.0,-1.0,0.375
kuet,KUET,7.0,3.75+,3.75+,Satisfied,90% or more,3-6 hrs,Occasionally when necessary,About half,7-8 hrs,Sometimes,None,Mostly different,Often,Mostly suitable,Good support,Satisfied,Mostly,Mostly manageable,ECE,ECE,C3_3_75_plus,C3_3_75_plus,False,3,1,3,4,1,0,2,3,2,0,3,3,3,3,3,3,3,3.87,0.875,4,0.375,0.667,0.75,0.583,0.125,-0.5,-0.125
kuet,KUET,7.0,3.20 - 3.49,3.50 - 3.74,Neutral,60-74%,7-10 hrs,Regularly but not every day,A little,6-7 hrs,Often,More than 15 hrs,Close to what I wanted,Sometimes,Neither good nor bad,Good support,Neutral,Somewhat,Average,ECE,ECE,C2_3_50_to_3_74,C1_3_20_to_3_49,False,2,3,2,2,2,2,1,2,3,4,2,2,3,2,2,2,1,3.62,0.875,4,0.5,0.417,0.625,0.583,0.125,0.0,0.625
kuet,KUET,7.0,3.75+,3.75+,Satisfied,90% or more,More than 15 hrs,Regularly but not every day,Most of it,7-8 hrs,Sometimes,None,Close to what I wanted,Sometimes,Mostly suitable,Strong support,Satisfied,Somewhat,Mostly manageable,ECE,ECE,C3_3_75_plus,C3_3_75_plus,False,3,3,3,4,4,2,3,3,2,0,2,3,4,3,2,3,3,3.87,0.875,4,0.75,0.667,0.875,0.667,0.75,0.5,-0.125
kuet,KUET,7.0,3.50 - 3.74,3.50 - 3.74,Very dissatisfied,60-74%,7-10 hrs,Occasionally when necessary,About half,More than 8 hrs,Almost always,11-15 hrs,Not at all what I wanted,Almost every day,Mostly suitable,No support,Very dissatisfied,Not at all,Completely unmanageable,CSE,CSE,C2_3_50_to_3_74,C2_3_50_to_3_74,False,0,0,0,2,2,0,2,4,4,3,4,3,0,0,0,2,2,3.62,0.875,4,0.25,0.333,0.375,0.0,0.25,-0.5,0.875
kuet,KUET,7.0,Below,Below,Neutral,60-74%,3-6 hrs,Mostly just before exams,A little,7-8 hrs,Almost always,More than 15 hrs,Close to what I wanted,Often,Somewhat distracting,Very little support,Neutral,Somewhat,Difficult to manage,ECE,ECE,C0_below_3_20,C0_below_3_20,False,2,3,2,2,1,1,1,3,4,4,3,1,1,1,2,0,0,3.0,0.875,4,0.312,0.333,0.25,0.583,0.062,-0.5,0.875
kuet,KUET,7.0,3.75+,3.75+,Neutral,60-74%,7-10 hrs,Occasionally when necessary,About half,5-6 hrs,Sometimes,1-5 hrs,"Yes, exactly what I wanted",Almost every day,Excellent for focused study,Good support,Neutral,Somewhat,Difficult to manage,CSE,CSE,C3_3_75_plus,C3_3_75_plus,False,2,4,2,2,2,0,2,1,2,1,4,4,3,1,2,3,3,3.87,0.875,4,0.25,0.333,0.875,0.667,0.25,-0.5,0.25
kuet,KUET,7.0,3.50 - 3.74,3.2 - 3.49,Neutral,60-74%,Less than 3 hrs,Occasionally when necessary,About half,7-8 hrs,Sometimes,6-10 hrs,Close to what I wanted,Sometimes,Somewhat distracting,No support,Dissatisfied,Not at all,Difficult to manage,MTE,MTE,C1_3_20_to_3_49,C2_3_50_to_3_74,False,1,3,2,2,0,0,2,3,2,2,2,1,0,1,0,1,2,3.35,0.875,4,0.25,0.5,0.125,0.333,0.0,-0.5,0.375
kuet,KUET,7.0,3.50 - 3.74,3.75+,Very satisfied,75-89%,7-10 hrs,Occasionally when necessary,About half,6-7 hrs,Never,None,Close to what I wanted,Never,Neither good nor bad,Strong support,Satisfied,Somewhat,Mostly manageable,ECE,ECE,C3_3_75_plus,C2_3_50_to_3_74,False,3,3,4,3,2,0,2,2,0,0,0,2,4,3,2,3,2,3.87,0.875,4,0.562,0.75,0.75,0.667,0.25,0.5,-0.375
kuet,KUET,7.0,3.50 - 3.74,3.75+,Satisfied,60-74%,3-6 hrs,Occasionally when necessary,About half,6-7 hrs,Never,11-15 hrs,Close to what I wanted,Often,Mostly suitable,Good support,Satisfied,Mostly,Mostly manageable,ECE,ECE,C3_3_75_plus,C2_3_50_to_3_74,False,3,3,3,2,1,0,2,2,0,3,3,3,3,3,3,3,2,3.87,0.875,4,0.25,0.75,0.75,0.75,0.125,-0.5,0.0
kuet,KUET,7.0,3.50 - 3.74,3.2 - 3.49,Neutral,60-74%,7-10 hrs,Mostly just before exams,Almost nothing,Less than 5 hrs,Almost always,More than 15 hrs,Mostly different,Sometimes,Neither good nor bad,Some support,Neutral,Slightly,Average,ECE,ECE,C1_3_20_to_3_49,C2_3_50_to_3_74,False,2,1,2,2,2,1,0,0,4,4,2,2,2,2,1,1,2,3.35,0.875,4,0.438,0.167,0.5,0.333,0.0,0.0,0.75
kuet,KUET,7.0,3.20 - 3.49,Below,Dissatisfied,60-74%,3-6 hrs,Mostly just before exams,A little,6-7 hrs,Often,More than 15 hrs,Close to what I wanted,Often,Somewhat distracting,Good support,Dissatisfied,Not at all,Difficult to manage,ECE,ECE,C0_below_3_20,C1_3_20_to_3_49,False,1,3,1,2,1,1,1,2,3,4,3,1,3,1,0,0,1,3.0,0.875,4,0.312,0.333,0.5,0.333,0.062,-0.5,0.75
kuet,KUET,4.0,3.50 - 3.74,3.50 - 3.74,Very satisfied,75-89%,11-15 hrs,Mostly consistent routine,Most of it,7-8 hrs,Rarely,6-10 hrs,"Yes, exactly what I wanted",Rarely,Mostly suitable,Strong support,Very satisfied,Completely,Very healthy and balanced,CSE,CSE,C2_3_50_to_3_74,C2_3_50_to_3_74,False,4,4,4,3,3,3,3,3,1,2,1,3,4,4,4,2,2,3.62,0.5,2,0.75,0.833,0.875,1.0,0.562,0.5,-0.125
kuet,KUET,7.0,3.20 - 3.49,3.50 - 3.74,Satisfied,90% or more,7-10 hrs,Occasionally when necessary,About half,7-8 hrs,Almost always,More than 15 hrs,Close to what I wanted,Rarely,Neither good nor bad,Good support,Satisfied,Somewhat,Mostly manageable,ECE,ECE,C2_3_50_to_3_74,C1_3_20_to_3_49,False,3,3,3,4,2,0,2,3,4,4,1,2,3,3,2,2,1,3.62,0.875,4,0.562,0.5,0.625,0.667,0.25,0.25,0.625
kuet,KUET,2.0,3.50 - 3.74,3.50 - 3.74,Neutral,60-74%,3-6 hrs,Mostly just before exams,About half,5-6 hrs,Never,None,"Yes, exactly what I wanted",Almost every day,Excellent for focused study,No support,Dissatisfied,Mostly,Mostly manageable,EEE,EEE,C2_3_50_to_3_74,C2_3_50_to_3_74,False,1,4,2,2,1,1,2,1,0,0,4,4,0,3,3,2,2,3.62,0.25,1,0.25,0.667,0.5,0.667,0.125,-0.75,-0.375
kuet,KUET,7.0,3.50 - 3.74,3.50 - 3.74,Very dissatisfied,75-89%,7-10 hrs,Regularly but not every day,Most of it,6-7 hrs,Sometimes,1-5 hrs,"Yes, exactly what I wanted",Often,Mostly suitable,Good support,Very satisfied,Mostly,Mostly manageable,CSE,CSE,C2_3_50_to_3_74,C2_3_50_to_3_74,False,4,4,0,3,2,2,3,2,2,1,3,3,3,3,3,2,2,3.62,0.875,4,0.5,0.583,0.75,0.917,0.375,-0.25,0.0
kuet,KUET,7.0,3.20 - 3.49,3.2 - 3.49,Neutral,60-74%,3-6 hrs,Mostly just before exams,About half,5-6 hrs,Often,6-10 hrs,Close to what I wanted,Almost every day,Neither good nor bad,Some support,Very dissatisfied,Somewhat,Average,ECE,ECE,C1_3_20_to_3_49,C1_3_20_to_3_49,False,0,3,2,2,1,1,2,1,3,2,4,2,2,2,2,1,1,3.35,0.875,4,0.25,0.333,0.5,0.417,0.125,-0.75,0.375
kuet,KUET,7.0,3.75+,3.75+,Very satisfied,90% or more,11-15 hrs,Consistent throughout the semester,Almost everything,7-8 hrs,Rarely,1-5 hrs,"Yes, exactly what I wanted",Rarely,Excellent for focused study,Strong support,Very satisfied,Completely,Very healthy and balanced,ECE,ECE,C3_3_75_plus,C3_3_75_plus,False,4,4,4,4,3,4,4,3,1,1,1,4,4,4,4,3,3,3.87,0.875,4,0.875,0.833,1.0,1.0,0.75,0.5,-0.25
kuet,KUET,7.0,3.50 - 3.74,3.50 - 3.74,Very dissatisfied,75-89%,7-10 hrs,Mostly consistent routine,Most of it,6-7 hrs,Sometimes,1-5 hrs,Close to what I wanted,Sometimes,Mostly suitable,Good support,Very dissatisfied,Mostly,Mostly manageable,MSE,MSE,C2_3_50_to_3_74,C2_3_50_to_3_74,False,0,3,0,3,2,3,3,2,2,1,2,3,3,3,3,2,2,3.62,0.875,4,0.625,0.583,0.75,0.5,0.375,0.0,0.0
kuet,KUET,7.0,3.20 - 3.49,3.2 - 3.49,Neutral,60-74%,3-6 hrs,Regularly but not every day,About half,5-6 hrs,Often,6-10 hrs,Somewhat different,Often,Neither good nor bad,Some support,Very dissatisfied,Somewhat,Average,ECE,ECE,C1_3_20_to_3_49,C1_3_20_to_3_49,False,0,2,2,2,1,2,2,1,3,2,3,2,2,2,2,1,1,3.35,0.875,4,0.375,0.333,0.5,0.333,0.125,-0.5,0.375
kuet,KUET,7.0,3.75+,3.50 - 3.74,Very satisfied,90% or more,11-15 hrs,Consistent throughout the semester,Almost everything,7-8 hrs,Sometimes,6-10 hrs,"Yes, exactly what I wanted",Rarely,Mostly suitable,Strong support,Very satisfied,Mostly,Mostly manageable,MSE,MSE,C2_3_50_to_3_74,C3_3_75_plus,False,4,4,4,4,3,4,4,3,2,2,1,3,4,3,3,2,3,3.62,0.875,4,0.875,0.667,0.875,0.917,0.75,0.5,0.125
kuet,KUET,7.0,3.50 - 3.74,3.50 - 3.74,Very dissatisfied,75-89%,7-10 hrs,Regularly but not every day,Most of it,6-7 hrs,Sometimes,1-5 hrs,Close to what I wanted,Sometimes,Mostly suitable,Good support,Very dissatisfied,Mostly,Mostly manageable,ECE,ECE,C2_3_50_to_3_74,C2_3_50_to_3_74,False,0,3,0,3,2,2,3,2,2,1,2,3,3,3,3,2,2,3.62,0.875,4,0.562,0.583,0.75,0.5,0.375,0.0,0.0
kuet,KUET,7.0,3.20 - 3.49,3.2 - 3.49,Neutral,75-89%,7-10 hrs,Occasionally when necessary,About half,6-7 hrs,Often,11-15 hrs,Mostly different,Often,Somewhat distracting,Some support,Neutral,Somewhat,Difficult to manage,ECE,ECE,C1_3_20_to_3_49,C1_3_20_to_3_49,False,2,1,2,3,2,0,2,2,3,3,3,1,2,1,2,1,1,3.35,0.875,4,0.375,0.333,0.375,0.417,0.25,-0.25,0.625
kuet,KUET,7.0,3.50 - 3.74,3.2 - 3.49,Very dissatisfied,75-89%,7-10 hrs,Mostly consistent routine,Most of it,7-8 hrs,Rarely,1-5 hrs,Close to what I wanted,Rarely,Excellent for focused study,Strong support,Very satisfied,Mostly,Very healthy and balanced,MSE,MSE,C1_3_20_to_3_49,C2_3_50_to_3_74,False,4,3,0,3,2,3,3,3,1,1,1,4,4,4,3,1,2,3.35,0.875,4,0.688,0.833,1.0,0.833,0.375,0.25,-0.25
kuet,KUET,7.0,3.75+,3.75+,Very satisfied,90% or more,More than 15 hrs,Consistent throughout the semester,Almost everything,6-7 hrs,Sometimes,6-10 hrs,"Yes, exactly what I wanted",Sometimes,Mostly suitable,Good support,Very satisfied,Completely,Mostly manageable,ECE,ECE,C3_3_75_plus,C3_3_75_plus,False,4,4,4,4,4,4,4,2,2,2,2,3,3,3,4,3,3,3.87,0.875,4,0.875,0.583,0.75,1.0,1.0,0.5,0.125
kuet,KUET,7.0,3.20 - 3.49,3.2 - 3.49,Very dissatisfied,60-74%,3-6 hrs,Mostly just before exams,About half,5-6 hrs,Often,11-15 hrs,Somewhat different,Almost every day,Somewhat distracting,Some support,Neutral,Somewhat,Difficult to manage,MSE,MSE,C1_3_20_to_3_49,C1_3_20_to_3_49,False,2,2,0,2,1,1,2,1,3,3,4,1,2,1,2,1,1,3.35,0.875,4,0.25,0.25,0.375,0.5,0.125,-0.75,0.625
kuet,KUET,7.0,3.75+,3.75+,Very satisfied,90% or more,7-10 hrs,Mostly just before exams,Most of it,7-8 hrs,Rarely,None,Close to what I wanted,Sometimes,Excellent for focused study,Strong support,Satisfied,Somewhat,Mostly manageable,CSE,CSE,C3_3_75_plus,C3_3_75_plus,False,3,3,4,4,2,1,3,3,1,0,2,4,4,3,2,3,3,3.87,0.875,4,0.562,0.75,1.0,0.667,0.375,0.0,-0.25
kuet,KUET,7.0,3.20 - 3.49,3.50 - 3.74,Very dissatisfied,60-74%,Less than 3 hrs,Occasionally when necessary,A little,7-8 hrs,Almost always,11-15 hrs,"Yes, exactly what I wanted",Almost every day,Mostly suitable,Strong support,Neutral,Mostly,Average,MSE,MSE,C2_3_50_to_3_74,C1_3_20_to_3_49,False,2,4,0,2,0,0,1,3,4,3,4,3,4,2,3,2,1,3.62,0.875,4,0.125,0.417,0.875,0.75,0.0,-1.0,0.625
kuet,KUET,7.0,3.75+,3.75+,Very dissatisfied,40-59%,7-10 hrs,Mostly consistent routine,About half,5-6 hrs,Sometimes,1-5 hrs,Close to what I wanted,Often,Neither good nor bad,Some support,Neutral,Mostly,Difficult to manage,EEE,EEE,C3_3_75_plus,C3_3_75_plus,False,2,3,0,1,2,3,2,1,2,1,3,2,2,1,3,3,3,3.87,0.875,4,0.438,0.333,0.5,0.667,0.25,-0.25,0.25
kuet,KUET,7.0,3.50 - 3.74,3.75+,Neutral,60-74%,3-6 hrs,Occasionally when necessary,A little,5-6 hrs,Sometimes,None,Close to what I wanted,Often,Mostly suitable,Some support,Very dissatisfied,Somewhat,Difficult to manage,EEE,EEE,C3_3_75_plus,C2_3_50_to_3_74,False,0,3,2,2,1,0,1,1,2,0,3,3,2,1,2,3,2,3.87,0.875,4,0.25,0.333,0.625,0.417,0.062,-0.5,0.125
kuet,KUET,7.0,3.75+,3.50 - 3.74,Neutral,60-74%,11-15 hrs,Regularly but not every day,A little,5-6 hrs,Rarely,11-15 hrs,"Yes, exactly what I wanted",Often,Neither good nor bad,Some support,Very dissatisfied,Not at all,Average,MSE,MSE,C2_3_50_to_3_74,C3_3_75_plus,False,0,4,2,2,3,2,1,1,1,3,3,2,2,2,0,2,3,3.62,0.875,4,0.5,0.5,0.5,0.333,0.188,0.0,0.25
kuet,KUET,7.0,3.20 - 3.49,3.2 - 3.49,Very dissatisfied,60-74%,Less than 3 hrs,Mostly just before exams,A little,Less than 5 hrs,Rarely,1-5 hrs,Somewhat different,Sometimes,Excellent for focused study,Some support,Very satisfied,Completely,Completely unmanageable,ECE,ECE,C1_3_20_to_3_49,C1_3_20_to_3_49,False,4,2,0,2,0,1,1,0,1,1,2,4,2,0,4,1,1,3.35,0.875,4,0.312,0.25,0.75,0.833,0.0,-0.5,0.25
kuet,KUET,7.0,3.20 - 3.49,3.2 - 3.49,Very dissatisfied,60-74%,11-15 hrs,Mostly just before exams,A little,Less than 5 hrs,Rarely,None,"Yes, exactly what I wanted",Sometimes,Mostly suitable,Some support,Very satisfied,Not at all,Difficult to manage,ECE,ECE,C1_3_20_to_3_49,C1_3_20_to_3_49,False,4,4,0,2,3,1,1,0,1,0,2,3,2,1,0,1,1,3.35,0.875,4,0.5,0.333,0.625,0.667,0.188,0.25,0.0
kuet,KUET,7.0,3.20 - 3.49,Below,Neutral,60-74%,11-15 hrs,Mostly consistent routine,Most of it,5-6 hrs,Sometimes,6-10 hrs,Mostly different,Almost every day,Excellent for focused study,Strong support,Neutral,Slightly,Average,MSE,MSE,C0_below_3_20,C1_3_20_to_3_49,False,2,1,2,2,3,3,3,1,2,2,4,4,4,2,1,0,1,3.0,0.875,4,0.5,0.417,1.0,0.333,0.562,-0.25,0.25
kuet,KUET,1.0,3.75+,3.75+,Neutral,90% or more,More than 15 hrs,Regularly but not every day,Most of it,Less than 5 hrs,Sometimes,1-5 hrs,"Yes, exactly what I wanted",Often,Mostly suitable,Good support,Satisfied,Somewhat,Mostly manageable,EEE,EEE,C3_3_75_plus,C3_3_75_plus,False,3,4,2,4,4,2,3,0,2,1,3,3,3,3,2,3,3,3.87,0.125,1,0.688,0.417,0.75,0.75,0.75,0.25,0.0
kuet,KUET,7.0,3.20 - 3.49,3.2 - 3.49,Very dissatisfied,60-74%,3-6 hrs,Mostly just before exams,Most of it,5-6 hrs,Often,1-5 hrs,"Yes, exactly what I wanted",Almost every day,Mostly suitable,Strong support,Very satisfied,Somewhat,Completely unmanageable,MSE,MSE,C1_3_20_to_3_49,C1_3_20_to_3_49,False,4,4,0,2,1,1,3,1,3,1,4,3,4,0,2,1,1,3.35,0.875,4,0.25,0.167,0.875,0.833,0.188,-0.75,0.5
kuet,KUET,7.0,3.50 - 3.74,3.50 - 3.74,Very satisfied,90% or more,3-6 hrs,Consistent throughout the semester,A little,6-7 hrs,Rarely,None,"Yes, exactly what I wanted",Almost every day,Neither good nor bad,Some support,Neutral,Slightly,Difficult to manage,ECE,ECE,C2_3_50_to_3_74,C2_3_50_to_3_74,False,2,4,4,4,1,4,1,2,1,0,4,2,2,1,1,2,2,3.62,0.875,4,0.562,0.5,0.5,0.583,0.062,-0.75,0.0
kuet,KUET,7.0,3.75+,3.50 - 3.74,Very dissatisfied,75-89%,7-10 hrs,Consistent throughout the semester,A little,5-6 hrs,Sometimes,11-15 hrs,"Yes, exactly what I wanted",Often,Neither good nor bad,Good support,Neutral,Slightly,Average,EEE,EEE,C2_3_50_to_3_74,C3_3_75_plus,False,2,4,0,3,2,4,1,1,2,3,3,2,3,2,1,2,3,3.62,0.875,4,0.625,0.417,0.625,0.583,0.125,-0.25,0.375
kuet,KUET,7.0,3.50 - 3.74,3.75+,Neutral,75-89%,3-6 hrs,Regularly but not every day,A little,Less than 5 hrs,Sometimes,1-5 hrs,"Yes, exactly what I wanted",Almost every day,Neither good nor bad,Good support,Very dissatisfied,Mostly,Average,EEE,EEE,C3_3_75_plus,C2_3_50_to_3_74,False,0,4,2,3,1,2,1,0,2,1,4,2,3,2,3,3,2,3.87,0.875,4,0.375,0.333,0.625,0.583,0.062,-0.75,0.125
kuet,KUET,7.0,3.20 - 3.49,3.50 - 3.74,Neutral,90% or more,3-6 hrs,Mostly consistent routine,A little,Less than 5 hrs,Often,None,Somewhat different,Sometimes,Mostly suitable,Some support,Very dissatisfied,Mostly,Average,MSE,MSE,C2_3_50_to_3_74,C1_3_20_to_3_49,False,0,2,2,4,1,3,1,0,3,0,2,3,2,2,3,2,1,3.62,0.875,4,0.625,0.25,0.625,0.417,0.062,-0.25,0.125
kuet,KUET,7.0,3.50 - 3.74,3.50 - 3.74,Very dissatisfied,60-74%,7-10 hrs,Occasionally when necessary,Most of it,6-7 hrs,Rarely,11-15 hrs,"Yes, exactly what I wanted",Sometimes,Neither good nor bad,Very little support,Very dissatisfied,Slightly,Difficult to manage,ECE,ECE,C2_3_50_to_3_74,C2_3_50_to_3_74,False,0,4,0,2,2,0,3,2,1,3,2,2,1,1,1,2,2,3.62,0.875,4,0.375,0.5,0.375,0.417,0.375,0.0,0.375
kuet,KUET,7.0,3.20 - 3.49,3.2 - 3.49,Neutral,90% or more,3-6 hrs,Mostly just before exams,A little,Less than 5 hrs,Rarely,1-5 hrs,Close to what I wanted,Almost every day,Excellent for focused study,Some support,Neutral,Somewhat,Difficult to manage,ECE,ECE,C1_3_20_to_3_49,C1_3_20_to_3_49,False,2,3,2,4,1,1,1,0,1,1,4,4,2,1,2,1,1,3.35,0.875,4,0.375,0.333,0.75,0.583,0.062,-0.75,0.125
kuet,KUET,7.0,3.20 - 3.49,3.2 - 3.49,Very dissatisfied,60-74%,11-15 hrs,Regularly but not every day,About half,5-6 hrs,Almost always,6-10 hrs,"Yes, exactly what I wanted",Almost every day,Mostly suitable,Good support,Neutral,Somewhat,Average,MSE,MSE,C1_3_20_to_3_49,C1_3_20_to_3_49,False,2,4,0,2,3,2,2,1,4,2,4,3,3,2,2,1,1,3.35,0.875,4,0.438,0.25,0.75,0.667,0.375,-0.25,0.5
kuet,KUET,7.0,3.50 - 3.74,3.50 - 3.74,Very dissatisfied,60-74%,Less than 3 hrs,Mostly consistent routine,About half,Less than 5 hrs,Sometimes,None,"Yes, exactly what I wanted",Sometimes,Somewhat distracting,Some support,Very dissatisfied,Somewhat,Difficult to manage,MSE,MSE,C2_3_50_to_3_74,C2_3_50_to_3_74,False,0,4,0,2,0,3,2,0,2,0,2,1,2,1,2,2,2,3.62,0.875,4,0.438,0.25,0.375,0.5,0.0,-0.5,0.125
kuet,KUET,7.0,3.20 - 3.49,3.2 - 3.49,Very satisfied,75-89%,7-10 hrs,Occasionally when necessary,A little,5-6 hrs,Sometimes,11-15 hrs,Mostly different,Sometimes,Somewhat distracting,Strong support,Neutral,Slightly,Average,MSE,MSE,C1_3_20_to_3_49,C1_3_20_to_3_49,False,2,1,4,3,2,0,1,1,2,3,2,1,4,2,1,1,1,3.35,0.875,4,0.438,0.417,0.625,0.333,0.125,0.0,0.375
kuet,KUET,7.0,3.20 - 3.49,3.50 - 3.74,Very dissatisfied,75-89%,Less than 3 hrs,Mostly just before exams,A little,6-7 hrs,Never,More than 15 hrs,Close to what I wanted,Sometimes,Excellent for focused study,Good support,Neutral,Mostly,Difficult to manage,ECE,ECE,C2_3_50_to_3_74,C1_3_20_to_3_49,False,2,3,0,3,0,1,1,2,0,4,2,4,3,1,3,2,1,3.62,0.875,4,0.375,0.583,0.875,0.667,0.0,-0.5,0.375
kuet,KUET,7.0,3.20 - 3.49,3.2 - 3.49,Neutral,60-74%,3-6 hrs,Mostly consistent routine,Almost nothing,6-7 hrs,Often,None,"Yes, exactly what I wanted",Often,Excellent for focused study,Some support,Very dissatisfied,Mostly,Difficult to manage,EEE,EEE,C1_3_20_to_3_49,C1_3_20_to_3_49,False,0,4,2,2,1,3,0,2,3,0,3,4,2,1,3,1,1,3.35,0.875,4,0.438,0.333,0.75,0.583,0.0,-0.5,0.25
kuet,KUET,7.0,3.20 - 3.49,3.2 - 3.49,Neutral,75-89%,3-6 hrs,Mostly just before exams,A little,Less than 5 hrs,Sometimes,More than 15 hrs,"Yes, exactly what I wanted",Often,Mostly suitable,Good support,Neutral,Somewhat,Difficult to manage,CSE,CSE,C1_3_20_to_3_49,C1_3_20_to_3_49,False,2,4,2,3,1,1,1,0,2,4,3,3,3,1,2,1,1,3.35,0.875,4,0.375,0.25,0.75,0.667,0.062,-0.5,0.625
kuet,KUET,7.0,3.20 - 3.49,3.2 - 3.49,Neutral,90% or more,More than 15 hrs,Mostly just before exams,About half,6-7 hrs,Rarely,6-10 hrs,"Yes, exactly what I wanted",Sometimes,Mostly suitable,No support,Neutral,Somewhat,Completely unmanageable,ECE,ECE,C1_3_20_to_3_49,C1_3_20_to_3_49,False,2,4,2,4,4,1,2,2,1,2,2,3,0,0,2,1,1,3.35,0.875,4,0.688,0.417,0.375,0.667,0.5,0.5,0.375
kuet,KUET,7.0,3.75+,3.50 - 3.74,Very dissatisfied,60-74%,More than 15 hrs,Mostly just before exams,About half,5-6 hrs,Often,11-15 hrs,"Yes, exactly what I wanted",Rarely,Mostly suitable,Some support,Very dissatisfied,Slightly,Mostly manageable,MSE,MSE,C2_3_50_to_3_74,C3_3_75_plus,False,0,4,0,2,4,1,2,1,3,3,1,3,2,3,1,2,3,3.62,0.875,4,0.625,0.417,0.625,0.417,0.5,0.75,0.375
kuet,KUET,7.0,3.50 - 3.74,3.50 - 3.74,Neutral,60-74%,Less than 3 hrs,Occasionally when necessary,About half,Less than 5 hrs,Sometimes,11-15 hrs,"Yes, exactly what I wanted",Never,Neither good nor bad,Good support,Very dissatisfied,Somewhat,Difficult to manage,MSE,MSE,C2_3_50_to_3_74,C2_3_50_to_3_74,False,0,4,2,2,0,0,2,0,2,3,0,2,3,1,2,2,2,3.62,0.875,4,0.375,0.25,0.625,0.5,0.0,0.0,0.5
kuet,KUET,7.0,3.20 - 3.49,3.75+,Neutral,60-74%,Less than 3 hrs,Occasionally when necessary,About half,6-7 hrs,Rarely,11-15 hrs,"Yes, exactly what I wanted",Rarely,Neither good nor bad,Good support,Very dissatisfied,Mostly,Difficult to manage,EEE,EEE,C3_3_75_plus,C1_3_20_to_3_49,False,0,4,2,2,0,0,2,2,1,3,1,2,3,1,3,3,1,3.87,0.875,4,0.312,0.5,0.625,0.583,0.0,-0.25,0.375
kuet,KUET,7.0,3.20 - 3.49,Below,Very dissatisfied,75-89%,3-6 hrs,Mostly just before exams,About half,5-6 hrs,Sometimes,1-5 hrs,Close to what I wanted,Almost every day,Neither good nor bad,Good support,Very dissatisfied,Not at all,Average,ECE,ECE,C0_below_3_20,C1_3_20_to_3_49,False,0,3,0,3,1,1,2,1,2,1,4,2,3,2,0,0,1,3.0,0.875,4,0.312,0.417,0.625,0.25,0.125,-0.75,0.125
kuet,KUET,7.0,3.20 - 3.49,Below,Very satisfied,90% or more,7-10 hrs,Occasionally when necessary,Most of it,5-6 hrs,Rarely,More than 15 hrs,Mostly different,Sometimes,Neither good nor bad,Strong support,Very dissatisfied,Somewhat,Difficult to manage,MSE,MSE,C0_below_3_20,C1_3_20_to_3_49,False,0,1,4,4,2,0,3,1,1,4,2,2,4,1,2,0,1,3.0,0.875,4,0.5,0.417,0.75,0.25,0.375,0.0,0.5
kuet,KUET,7.0,3.75+,3.50 - 3.74,Very dissatisfied,40-59%,7-10 hrs,Occasionally when necessary,About half,5-6 hrs,Often,11-15 hrs,Mostly different,Sometimes,Mostly suitable,Strong support,Neutral,Not at all,Average,MSE,MSE,C2_3_50_to_3_74,C3_3_75_plus,False,2,1,0,1,2,0,2,1,3,3,2,3,4,2,0,2,3,3.62,0.875,4,0.312,0.333,0.875,0.25,0.25,0.0,0.5
kuet,KUET,7.0,3.20 - 3.49,3.2 - 3.49,Neutral,60-74%,Less than 3 hrs,Mostly just before exams,Most of it,6-7 hrs,Sometimes,11-15 hrs,"Yes, exactly what I wanted",Often,Mostly suitable,Some support,Very dissatisfied,Somewhat,Completely unmanageable,EEE,EEE,C1_3_20_to_3_49,C1_3_20_to_3_49,False,0,4,2,2,0,1,3,2,2,3,3,3,2,0,2,1,1,3.35,0.875,4,0.25,0.333,0.625,0.5,0.0,-0.75,0.625
kuet,KUET,7.0,3.50 - 3.74,3.2 - 3.49,Very dissatisfied,75-89%,3-6 hrs,Mostly consistent routine,A little,5-6 hrs,Rarely,None,"Yes, exactly what I wanted",Often,Neither good nor bad,Some support,Very dissatisfied,Somewhat,Average,EEE,EEE,C1_3_20_to_3_49,C2_3_50_to_3_74,False,0,4,0,3,1,3,1,1,1,0,3,2,2,2,2,1,2,3.35,0.875,4,0.5,0.5,0.5,0.5,0.062,-0.5,-0.125
kuet,KUET,7.0,3.50 - 3.74,3.2 - 3.49,Very satisfied,40-59%,11-15 hrs,Occasionally when necessary,Most of it,5-6 hrs,Rarely,6-10 hrs,Close to what I wanted,Almost every day,Neither good nor bad,Good support,Very dissatisfied,Mostly,Mostly manageable,EEE,EEE,C1_3_20_to_3_49,C2_3_50_to_3_74,False,0,3,4,1,3,0,3,1,1,2,4,2,3,3,3,1,2,3.35,0.875,4,0.25,0.583,0.625,0.5,0.562,-0.25,0.0
kuet,KUET,7.0,Below,Below,Very dissatisfied,75-89%,3-6 hrs,Regularly but not every day,A little,6-7 hrs,Sometimes,None,"Yes, exactly what I wanted",Sometimes,Neither good nor bad,Good support,Very dissatisfied,Mostly,Difficult to manage,ECE,ECE,C0_below_3_20,C0_below_3_20,False,0,4,0,3,1,2,1,2,2,0,2,2,3,1,3,0,0,3.0,0.875,4,0.5,0.417,0.625,0.583,0.062,-0.25,0.125
kuet,KUET,7.0,3.20 - 3.49,Below,Very dissatisfied,60-74%,7-10 hrs,Mostly just before exams,Most of it,Less than 5 hrs,Almost always,11-15 hrs,"Yes, exactly what I wanted",Sometimes,Excellent for focused study,Strong support,Neutral,Mostly,Difficult to manage,ECE,ECE,C0_below_3_20,C1_3_20_to_3_49,False,2,4,0,2,2,1,3,0,4,3,2,4,4,1,3,0,1,3.0,0.875,4,0.438,0.083,1.0,0.75,0.375,0.0,0.75
kuet,KUET,7.0,3.20 - 3.49,3.2 - 3.49,Neutral,90% or more,Less than 3 hrs,Occasionally when necessary,About half,7-8 hrs,Often,1-5 hrs,"Yes, exactly what I wanted",Almost every day,Mostly suitable,Good support,Very dissatisfied,Somewhat,Very healthy and balanced,EEE,EEE,C1_3_20_to_3_49,C1_3_20_to_3_49,False,0,4,2,4,0,0,2,3,3,1,4,3,3,4,2,1,1,3.35,0.875,4,0.25,0.667,0.75,0.5,0.0,-1.0,0.0
kuet,KUET,7.0,3.20 - 3.49,3.2 - 3.49,Very dissatisfied,60-74%,7-10 hrs,Mostly just before exams,Most of it,5-6 hrs,Sometimes,6-10 hrs,Not at all what I wanted,Often,Neither good nor bad,Good support,Very dissatisfied,Not at all,Average,ECE,ECE,C1_3_20_to_3_49,C1_3_20_to_3_49,False,0,0,0,2,2,1,3,1,2,2,3,2,3,2,0,1,1,3.35,0.875,4,0.375,0.417,0.625,0.0,0.375,-0.25,0.25
kuet,KUET,7.0,3.75+,3.75+,Very dissatisfied,60-74%,3-6 hrs,Regularly but not every day,About half,7-8 hrs,Often,1-5 hrs,"Yes, exactly what I wanted",Almost every day,Somewhat distracting,Good support,Very dissatisfied,Mostly,Very healthy and balanced,EEE,EEE,C3_3_75_plus,C3_3_75_plus,False,0,4,0,2,1,2,2,3,3,1,4,1,3,4,3,3,3,3.87,0.875,4,0.312,0.667,0.5,0.583,0.125,-0.75,0.0
kuet,KUET,7.0,3.75+,3.50 - 3.74,Very dissatisfied,60-74%,Less than 3 hrs,Regularly but not every day,A little,Less than 5 hrs,Rarely,11-15 hrs,"Yes, exactly what I wanted",Sometimes,Neither good nor bad,Some support,Very dissatisfied,Slightly,Difficult to manage,EEE,EEE,C2_3_50_to_3_74,C3_3_75_plus,False,0,4,0,2,0,2,1,0,1,3,2,2,2,1,1,2,3,3.62,0.875,4,0.375,0.333,0.5,0.417,0.0,-0.5,0.375
kuet,KUET,7.0,3.20 - 3.49,Below,Neutral,60-74%,3-6 hrs,Occasionally when necessary,A little,Less than 5 hrs,Almost always,11-15 hrs,"Yes, exactly what I wanted",Often,Mostly suitable,Some support,Neutral,Completely,Mostly manageable,MSE,MSE,C0_below_3_20,C1_3_20_to_3_49,False,2,4,2,2,1,0,1,0,4,3,3,3,2,3,4,0,1,3.0,0.875,4,0.25,0.25,0.625,0.833,0.062,-0.5,0.5
kuet,KUET,7.0,3.20 - 3.49,3.2 - 3.49,Very dissatisfied,40-59%,More than 15 hrs,Occasionally when necessary,About half,5-6 hrs,Rarely,11-15 hrs,"Yes, exactly what I wanted",Sometimes,Neither good nor bad,Good support,Neutral,Somewhat,Difficult to manage,ECE,ECE,C1_3_20_to_3_49,C1_3_20_to_3_49,False,2,4,0,1,4,0,2,1,1,3,2,2,3,1,2,1,1,3.35,0.875,4,0.438,0.417,0.625,0.667,0.5,0.5,0.375
kuet,KUET,7.0,3.75+,3.75+,Satisfied,90% or more,7-10 hrs,Mostly consistent routine,Most of it,6-7 hrs,Sometimes,None,"Yes, exactly what I wanted",Rarely,Somewhat distracting,Some support,Satisfied,Slightly,Average,CE,CE,C3_3_75_plus,C3_3_75_plus,False,3,4,3,4,2,3,3,2,2,0,1,1,2,2,1,3,3,3.87,0.875,4,0.75,0.5,0.375,0.667,0.375,0.25,0.0
kuet,KUET,7.0,3.20 - 3.49,3.2 - 3.49,Neutral,90% or more,Less than 3 hrs,Mostly just before exams,Almost everything,6-7 hrs,Often,6-10 hrs,Close to what I wanted,Sometimes,Mostly suitable,Some support,Very dissatisfied,Completely,Difficult to manage,EEE,EEE,C1_3_20_to_3_49,C1_3_20_to_3_49,False,0,3,2,4,0,1,4,2,3,2,2,3,2,1,4,1,1,3.35,0.875,4,0.438,0.333,0.625,0.583,0.0,-0.5,0.5
kuet,KUET,7.0,3.50 - 3.74,3.50 - 3.74,Very dissatisfied,75-89%,7-10 hrs,Mostly just before exams,Most of it,6-7 hrs,Rarely,None,Not at all what I wanted,Often,Somewhat distracting,Good support,Very dissatisfied,Slightly,Difficult to manage,ECE,ECE,C2_3_50_to_3_74,C2_3_50_to_3_74,False,0,0,0,3,2,1,3,2,1,0,3,1,3,1,1,2,2,3.62,0.875,4,0.438,0.5,0.5,0.083,0.375,-0.25,0.0
kuet,KUET,7.0,3.75+,3.50 - 3.74,Very dissatisfied,60-74%,7-10 hrs,Mostly consistent routine,About half,5-6 hrs,Often,None,"Yes, exactly what I wanted",Often,Neither good nor bad,Good support,Very dissatisfied,Slightly,Average,MSE,MSE,C2_3_50_to_3_74,C3_3_75_plus,False,0,4,0,2,2,3,2,1,3,0,3,2,3,2,1,2,3,3.62,0.875,4,0.5,0.333,0.625,0.417,0.25,-0.25,0.125
kuet,KUET,7.0,3.20 - 3.49,3.2 - 3.49,Very dissatisfied,75-89%,More than 15 hrs,Mostly just before exams,Most of it,6-7 hrs,Sometimes,1-5 hrs,Close to what I wanted,Sometimes,Somewhat distracting,Good support,Neutral,Somewhat,Average,ECE,ECE,C1_3_20_to_3_49,C1_3_20_to_3_49,False,2,3,0,3,4,1,3,2,2,1,2,1,3,2,2,1,1,3.35,0.875,4,0.625,0.5,0.5,0.583,0.75,0.5,0.125
kuet,KUET,7.0,3.20 - 3.49,3.2 - 3.49,Very dissatisfied,90% or more,3-6 hrs,Occasionally when necessary,About half,6-7 hrs,Often,None,"Yes, exactly what I wanted",Sometimes,Mostly suitable,Some support,Very dissatisfied,Somewhat,Difficult to manage,MSE,MSE,C1_3_20_to_3_49,C1_3_20_to_3_49,False,0,4,0,4,1,0,2,2,3,0,2,3,2,1,2,1,1,3.35,0.875,4,0.438,0.333,0.625,0.5,0.125,-0.25,0.25
kuet,KUET,7.0,Below,Below,Neutral,60-74%,Less than 3 hrs,Mostly just before exams,Most of it,7-8 hrs,Sometimes,More than 15 hrs,"Yes, exactly what I wanted",Never,Somewhat distracting,Some support,Very satisfied,Slightly,Difficult to manage,CE,CE,C0_below_3_20,C0_below_3_20,False,4,4,2,2,0,1,3,3,2,4,0,1,2,1,1,0,0,3.0,0.875,4,0.438,0.5,0.375,0.75,0.0,0.0,0.625
kuet,KUET,7.0,3.20 - 3.49,Below,Very satisfied,75-89%,3-6 hrs,Occasionally when necessary,About half,5-6 hrs,Sometimes,6-10 hrs,"Yes, exactly what I wanted",Sometimes,Mostly suitable,Strong support,Very satisfied,Completely,Difficult to manage,CSE,CSE,C0_below_3_20,C1_3_20_to_3_49,False,4,4,4,3,1,0,2,1,2,2,2,3,4,1,4,0,1,3.0,0.875,4,0.375,0.333,0.875,1.0,0.125,-0.25,0.375
kuet,KUET,7.0,3.50 - 3.74,3.50 - 3.74,Neutral,75-89%,11-15 hrs,Occasionally when necessary,Most of it,Less than 5 hrs,Sometimes,More than 15 hrs,"Yes, exactly what I wanted",Sometimes,Mostly suitable,Good support,Satisfied,Somewhat,Difficult to manage,CSE,CSE,C2_3_50_to_3_74,C2_3_50_to_3_74,False,3,4,2,3,3,0,3,0,2,4,2,3,3,1,2,2,2,3.62,0.875,4,0.5,0.25,0.75,0.75,0.562,0.25,0.625
kuet,KUET,7.0,3.50 - 3.74,3.50 - 3.74,Very dissatisfied,60-74%,11-15 hrs,Mostly consistent routine,About half,Less than 5 hrs,Often,More than 15 hrs,"Yes, exactly what I wanted",Often,Mostly suitable,No support,Very dissatisfied,Mostly,Difficult to manage,CE,CE,C2_3_50_to_3_74,C2_3_50_to_3_74,False,0,4,0,2,3,3,2,0,3,4,3,3,0,1,3,2,2,3.62,0.875,4,0.562,0.167,0.375,0.583,0.375,0.0,0.75
kuet,KUET,7.0,3.20 - 3.49,3.2 - 3.49,Very dissatisfied,60-74%,7-10 hrs,Mostly consistent routine,A little,More than 8 hrs,Sometimes,None,Somewhat different,Rarely,Somewhat distracting,Strong support,Very dissatisfied,Not at all,Average,CE,CE,C1_3_20_to_3_49,C1_3_20_to_3_49,False,0,2,0,2,2,3,1,4,2,0,1,1,4,2,0,1,1,3.35,0.875,4,0.625,0.667,0.625,0.167,0.125,0.25,0.0
kuet,KUET,7.0,3.20 - 3.49,3.2 - 3.49,Neutral,75-89%,11-15 hrs,Occasionally when necessary,Almost everything,6-7 hrs,Never,More than 15 hrs,Somewhat different,Rarely,Excellent for focused study,Good support,Very dissatisfied,Mostly,Average,CE,CE,C1_3_20_to_3_49,C1_3_20_to_3_49,False,0,2,2,3,3,0,4,2,0,4,1,4,3,2,3,1,1,3.35,0.875,4,0.562,0.667,0.875,0.417,0.75,0.5,0.25
kuet,KUET,7.0,3.50 - 3.74,3.75+,Neutral,60-74%,More than 15 hrs,Consistent throughout the semester,A little,Less than 5 hrs,Rarely,1-5 hrs,Mostly different,Almost every day,Mostly suitable,Good support,Very dissatisfied,Slightly,Average,CE,CE,C3_3_75_plus,C2_3_50_to_3_74,False,0,1,2,2,4,4,1,0,1,1,4,3,3,2,1,3,2,3.87,0.875,4,0.625,0.417,0.75,0.167,0.25,0.0,0.0
kuet,KUET,7.0,Below,Below,Very dissatisfied,90% or more,Less than 3 hrs,Occasionally when necessary,A little,More than 8 hrs,Often,More than 15 hrs,Somewhat different,Almost every day,Excellent for focused study,Very little support,Neutral,Mostly,Average,CE,CE,C0_below_3_20,C0_below_3_20,False,2,2,0,4,0,0,1,4,3,4,4,4,1,2,3,0,0,3.0,0.875,4,0.25,0.583,0.625,0.583,0.0,-1.0,0.625
kuet,KUET,7.0,3.20 - 3.49,3.50 - 3.74,Neutral,90% or more,3-6 hrs,Occasionally when necessary,Most of it,5-6 hrs,Almost always,11-15 hrs,"Yes, exactly what I wanted",Often,Somewhat distracting,Strong support,Neutral,Completely,Mostly manageable,CE,CE,C2_3_50_to_3_74,C1_3_20_to_3_49,False,2,4,2,4,1,0,3,1,4,3,3,1,4,3,4,2,1,3.62,0.875,4,0.375,0.333,0.625,0.833,0.188,-0.5,0.5
kuet,KUET,7.0,3.50 - 3.74,3.2 - 3.49,Neutral,40-59%,More than 15 hrs,Consistent throughout the semester,Almost everything,Less than 5 hrs,Sometimes,11-15 hrs,Somewhat different,Often,Mostly suitable,Strong support,Very dissatisfied,Mostly,Mostly manageable,CE,CE,C1_3_20_to_3_49,C2_3_50_to_3_74,False,0,2,2,1,4,4,4,0,2,3,3,3,4,3,3,1,2,3.35,0.875,4,0.625,0.417,0.875,0.417,1.0,0.25,0.25
kuet,KUET,7.0,3.20 - 3.49,3.50 - 3.74,Very dissatisfied,90% or more,11-15 hrs,Occasionally when necessary,A little,7-8 hrs,Often,6-10 hrs,Close to what I wanted,Sometimes,Mostly suitable,Good support,Very dissatisfied,Completely,Completely unmanageable,CE,CE,C2_3_50_to_3_74,C1_3_20_to_3_49,False,0,3,0,4,3,0,1,3,3,2,2,3,3,0,4,2,1,3.62,0.875,4,0.562,0.333,0.75,0.583,0.188,0.25,0.625
kuet,KUET,7.0,3.20 - 3.49,3.2 - 3.49,Very dissatisfied,75-89%,7-10 hrs,Mostly just before exams,Almost everything,More than 8 hrs,Never,11-15 hrs,Somewhat different,Often,Mostly suitable,Strong support,Neutral,Not at all,Average,URP,URP,C1_3_20_to_3_49,C1_3_20_to_3_49,False,2,2,0,3,2,1,4,4,0,3,3,3,4,2,0,1,1,3.35,0.875,4,0.438,0.833,0.875,0.333,0.5,-0.25,0.125
kuet,KUET,7.0,3.50 - 3.74,Below,Very dissatisfied,40-59%,More than 15 hrs,Mostly just before exams,Almost nothing,6-7 hrs,Never,6-10 hrs,"Yes, exactly what I wanted",Sometimes,Mostly suitable,Very little support,Very dissatisfied,Not at all,Very healthy and balanced,CE,CE,C0_below_3_20,C2_3_50_to_3_74,False,0,4,0,1,4,1,0,2,0,2,2,3,1,4,0,0,2,3.0,0.875,4,0.5,0.833,0.5,0.333,0.0,0.5,-0.25
kuet,KUET,7.0,Below,3.50 - 3.74,Very dissatisfied,90% or more,3-6 hrs,Occasionally when necessary,A little,7-8 hrs,Rarely,11-15 hrs,Close to what I wanted,Sometimes,Somewhat distracting,Very little support,Neutral,Somewhat,Completely unmanageable,ChE,ChE,C2_3_50_to_3_74,C0_below_3_20,False,2,3,0,4,1,0,1,3,1,3,2,1,1,0,2,2,0,3.62,0.875,4,0.438,0.5,0.25,0.583,0.062,-0.25,0.5
kuet,KUET,7.0,3.75+,3.2 - 3.49,Very dissatisfied,60-74%,11-15 hrs,Mostly consistent routine,Almost everything,More than 8 hrs,Rarely,1-5 hrs,"Yes, exactly what I wanted",Rarely,Neither good nor bad,Very little support,Very dissatisfied,Somewhat,Difficult to manage,CE,CE,C1_3_20_to_3_49,C3_3_75_plus,False,0,4,0,2,3,3,4,4,1,1,1,2,1,1,2,1,3,3.35,0.875,4,0.688,0.667,0.375,0.5,0.75,0.5,0.125
kuet,KUET,7.0,Below,3.75+,Neutral,75-89%,11-15 hrs,Consistent throughout the semester,About half,5-6 hrs,Often,1-5 hrs,Not at all what I wanted,Sometimes,Somewhat distracting,Some support,Very dissatisfied,Somewhat,Difficult to manage,URP,URP,C3_3_75_plus,C0_below_3_20,False,0,0,2,3,3,4,2,1,3,1,2,1,2,1,2,3,0,3.87,0.875,4,0.75,0.25,0.375,0.167,0.375,0.25,0.375
kuet,KUET,7.0,3.50 - 3.74,3.50 - 3.74,Neutral,60-74%,7-10 hrs,Mostly consistent routine,About half,6-7 hrs,Almost always,None,Somewhat different,Often,Very distracting,Strong support,Neutral,Somewhat,Mostly manageable,CE,CE,C2_3_50_to_3_74,C2_3_50_to_3_74,False,2,2,2,2,2,3,2,2,4,0,3,0,4,3,2,2,2,3.62,0.875,4,0.5,0.417,0.5,0.5,0.25,-0.25,0.125
kuet,KUET,7.0,3.75+,Below,Very dissatisfied,90% or more,3-6 hrs,Occasionally when necessary,About half,7-8 hrs,Rarely,None,"Yes, exactly what I wanted",Never,Neither good nor bad,Some support,Very dissatisfied,Completely,Very healthy and balanced,ChE,ChE,C0_below_3_20,C3_3_75_plus,False,0,4,0,4,1,0,2,3,1,0,0,2,2,4,4,0,3,3.0,0.875,4,0.562,0.833,0.5,0.667,0.125,0.25,-0.375
kuet,KUET,7.0,3.75+,3.2 - 3.49,Neutral,Less than 40%,Less than 3 hrs,Mostly just before exams,A little,7-8 hrs,Never,1-5 hrs,Not at all what I wanted,Often,Very distracting,Good support,Neutral,Somewhat,Difficult to manage,CE,CE,C1_3_20_to_3_49,C3_3_75_plus,False,2,0,2,0,0,1,1,3,0,1,3,0,3,1,2,1,3,3.35,0.875,4,0.125,0.667,0.375,0.333,0.0,-0.75,0.0
kuet,KUET,7.0,Below,3.50 - 3.74,Very satisfied,60-74%,3-6 hrs,Regularly but not every day,A little,Less than 5 hrs,Rarely,1-5 hrs,"Yes, exactly what I wanted",Never,Excellent for focused study,Some support,Neutral,Slightly,Completely unmanageable,URP,URP,C2_3_50_to_3_74,C0_below_3_20,False,2,4,4,2,1,2,1,0,1,1,0,4,2,0,1,2,0,3.62,0.875,4,0.562,0.25,0.75,0.583,0.062,0.25,0.25
kuet,KUET,7.0,3.50 - 3.74,3.2 - 3.49,Very dissatisfied,75-89%,11-15 hrs,Occasionally when necessary,Almost nothing,More than 8 hrs,Often,11-15 hrs,Not at all what I wanted,Sometimes,Neither good nor bad,Very little support,Very dissatisfied,Somewhat,Average,CE,CE,C1_3_20_to_3_49,C2_3_50_to_3_74,False,0,0,0,3,3,0,0,4,3,3,2,2,1,2,2,1,2,3.35,0.875,4,0.5,0.583,0.375,0.167,0.0,0.25,0.5
kuet,KUET,7.0,Below,3.75+,Very dissatisfied,40-59%,3-6 hrs,Regularly but not every day,Almost nothing,6-7 hrs,Almost always,6-10 hrs,Mostly different,Sometimes,Mostly suitable,Very little support,Very dissatisfied,Mostly,Difficult to manage,ChE,ChE,C3_3_75_plus,C0_below_3_20,False,0,1,0,1,1,2,0,2,4,2,2,3,1,1,3,3,0,3.87,0.875,4,0.375,0.25,0.5,0.333,0.0,-0.25,0.625
kuet,KUET,7.0,3.50 - 3.74,3.2 - 3.49,Neutral,40-59%,11-15 hrs,Consistent throughout the semester,Most of it,6-7 hrs,Rarely,1-5 hrs,Not at all what I wanted,Rarely,Excellent for focused study,Good support,Very satisfied,Slightly,Mostly manageable,CE,CE,C1_3_20_to_3_49,C2_3_50_to_3_74,False,4,0,2,1,3,4,3,2,1,1,1,4,3,3,1,1,2,3.35,0.875,4,0.688,0.667,0.875,0.417,0.562,0.5,-0.125
kuet,KUET,7.0,Below,3.2 - 3.49,Very dissatisfied,40-59%,7-10 hrs,Regularly but not every day,Almost nothing,7-8 hrs,Often,6-10 hrs,Mostly different,Rarely,Excellent for focused study,No support,Very dissatisfied,Slightly,Difficult to manage,URP,URP,C1_3_20_to_3_49,C0_below_3_20,False,0,1,0,1,2,2,0,3,3,2,1,4,0,1,1,1,0,3.35,0.875,4,0.5,0.417,0.5,0.167,0.0,0.25,0.5
kuet,KUET,7.0,3.20 - 3.49,Below,Very satisfied,90% or more,More than 15 hrs,Regularly but not every day,Almost everything,5-6 hrs,Rarely,None,Not at all what I wanted,Often,Somewhat distracting,Very little support,Very dissatisfied,Completely,Mostly manageable,CE,CE,C0_below_3_20,C1_3_20_to_3_49,False,0,0,4,4,4,2,4,1,1,0,3,1,1,3,4,0,1,3.0,0.875,4,0.688,0.583,0.25,0.333,1.0,0.25,-0.25
kuet,KUET,7.0,3.50 - 3.74,3.50 - 3.74,Very dissatisfied,40-59%,7-10 hrs,Occasionally when necessary,Almost nothing,7-8 hrs,Rarely,None,Somewhat different,Almost every day,Somewhat distracting,No support,Very dissatisfied,Slightly,Average,ChE,ChE,C2_3_50_to_3_74,C2_3_50_to_3_74,False,0,2,0,1,2,0,0,3,1,0,4,1,0,2,1,2,2,3.62,0.875,4,0.188,0.667,0.125,0.25,0.0,-0.5,-0.125
kuet,KUET,7.0,Below,3.75+,Very dissatisfied,75-89%,11-15 hrs,Mostly just before exams,Almost nothing,5-6 hrs,Rarely,None,Mostly different,Never,Neither good nor bad,No support,Neutral,Somewhat,Completely unmanageable,CE,CE,C3_3_75_plus,C0_below_3_20,False,2,1,0,3,3,1,0,1,1,0,0,2,0,0,2,3,0,3.87,0.875,4,0.688,0.333,0.25,0.417,0.0,0.75,0.125
kuet,KUET,7.0,3.20 - 3.49,3.75+,Very dissatisfied,90% or more,7-10 hrs,Mostly just before exams,Most of it,More than 8 hrs,Rarely,11-15 hrs,Not at all what I wanted,Almost every day,Somewhat distracting,No support,Very dissatisfied,Mostly,Very healthy and balanced,URP,URP,C3_3_75_plus,C1_3_20_to_3_49,False,0,0,0,4,2,1,3,4,1,3,4,1,0,4,3,3,1,3.87,0.875,4,0.438,0.917,0.125,0.25,0.375,-0.5,0.0
kuet,KUET,7.0,3.75+,3.75+,Very dissatisfied,40-59%,Less than 3 hrs,Regularly but not every day,About half,5-6 hrs,Rarely,None,Mostly different,Often,Mostly suitable,Strong support,Very satisfied,Mostly,Very healthy and balanced,CE,CE,C3_3_75_plus,C3_3_75_plus,False,4,1,0,1,0,2,2,1,1,0,3,3,4,4,3,3,3,3.87,0.875,4,0.25,0.667,0.875,0.667,0.0,-0.75,-0.375
kuet,KUET,7.0,3.75+,3.50 - 3.74,Very dissatisfied,75-89%,More than 15 hrs,Regularly but not every day,A little,7-8 hrs,Rarely,11-15 hrs,Mostly different,Sometimes,Neither good nor bad,Very little support,Very dissatisfied,Somewhat,Difficult to manage,ChE,ChE,C2_3_50_to_3_74,C3_3_75_plus,False,0,1,0,3,4,2,1,3,1,3,2,2,1,1,2,2,3,3.62,0.875,4,0.688,0.583,0.375,0.25,0.25,0.5,0.375
kuet,KUET,7.0,Below,3.75+,Very dissatisfied,Less than 40%,7-10 hrs,Mostly just before exams,Almost everything,More than 8 hrs,Sometimes,More than 15 hrs,"Yes, exactly what I wanted",Often,Very distracting,Strong support,Very dissatisfied,Somewhat,Completely unmanageable,CE,CE,C3_3_75_plus,C0_below_3_20,False,0,4,0,0,2,1,4,4,2,4,3,0,4,0,2,3,0,3.87,0.875,4,0.25,0.5,0.5,0.5,0.5,-0.25,0.75
kuet,KUET,7.0,3.20 - 3.49,3.50 - 3.74,Very dissatisfied,75-89%,Less than 3 hrs,Occasionally when necessary,Most of it,5-6 hrs,Almost always,1-5 hrs,Somewhat different,Often,Somewhat distracting,Very little support,Very satisfied,Somewhat,Mostly manageable,URP,URP,C2_3_50_to_3_74,C1_3_20_to_3_49,False,4,2,0,3,0,0,3,1,4,1,3,1,1,3,2,2,1,3.62,0.875,4,0.25,0.333,0.25,0.667,0.0,-0.75,0.25
kuet,KUET,7.0,3.75+,3.50 - 3.74,Very dissatisfied,90% or more,7-10 hrs,Occasionally when necessary,A little,6-7 hrs,Sometimes,More than 15 hrs,"Yes, exactly what I wanted",Sometimes,Mostly suitable,Very little support,Neutral,Not at all,Average,CSE,CSE,C2_3_50_to_3_74,C3_3_75_plus,False,2,4,0,4,2,0,1,2,2,4,2,3,1,2,0,2,3,3.62,0.875,4,0.5,0.5,0.5,0.5,0.125,0.0,0.5
kuet,KUET,7.0,3.50 - 3.74,3.2 - 3.49,Very dissatisfied,60-74%,3-6 hrs,Consistent throughout the semester,Most of it,Less than 5 hrs,Often,More than 15 hrs,Mostly different,Never,Excellent for focused study,Good support,Very dissatisfied,Mostly,Mostly manageable,CE,CE,C1_3_20_to_3_49,C2_3_50_to_3_74,False,0,1,0,2,1,4,3,0,3,4,0,4,3,3,3,1,2,3.35,0.875,4,0.688,0.333,0.875,0.333,0.188,0.25,0.5
kuet,KUET,7.0,3.75+,3.2 - 3.49,Very dissatisfied,75-89%,More than 15 hrs,Consistent throughout the semester,Most of it,Less than 5 hrs,Often,11-15 hrs,Mostly different,Rarely,Neither good nor bad,Good support,Neutral,Mostly,Mostly manageable,ChE,ChE,C1_3_20_to_3_49,C3_3_75_plus,False,2,1,0,3,4,4,3,0,3,3,1,2,3,3,3,1,3,3.35,0.875,4,0.875,0.333,0.625,0.5,0.75,0.75,0.375
kuet,KUET,7.0,3.20 - 3.49,3.75+,Very satisfied,Less than 40%,3-6 hrs,Regularly but not every day,Most of it,6-7 hrs,Rarely,None,"Yes, exactly what I wanted",Often,Very distracting,Very little support,Very dissatisfied,Not at all,Completely unmanageable,CE,CE,C3_3_75_plus,C1_3_20_to_3_49,False,0,4,4,0,1,2,3,2,1,0,3,0,1,0,0,3,1,3.87,0.875,4,0.25,0.417,0.125,0.333,0.188,-0.5,0.125
kuet,KUET,7.0,Below,3.50 - 3.74,Very satisfied,40-59%,3-6 hrs,Regularly but not every day,A little,More than 8 hrs,Never,More than 15 hrs,"Yes, exactly what I wanted",Often,Very distracting,Very little support,Very dissatisfied,Not at all,Very healthy and balanced,URP,URP,C2_3_50_to_3_74,C0_below_3_20,False,0,4,4,1,1,2,1,4,0,4,3,0,1,4,0,2,0,3.62,0.875,4,0.312,1.0,0.125,0.333,0.062,-0.5,0.0
kuet,KUET,7.0,3.20 - 3.49,3.2 - 3.49,Neutral,90% or more,Less than 3 hrs,Occasionally when necessary,A little,Less than 5 hrs,Rarely,1-5 hrs,Mostly different,Sometimes,Mostly suitable,Very little support,Neutral,Not at all,Completely unmanageable,CE,CE,C1_3_20_to_3_49,C1_3_20_to_3_49,False,2,1,2,4,0,0,1,0,1,1,2,3,1,0,0,1,1,3.35,0.875,4,0.375,0.25,0.5,0.25,0.0,-0.5,0.25
kuet,KUET,7.0,3.75+,3.50 - 3.74,Very dissatisfied,40-59%,Less than 3 hrs,Mostly consistent routine,A little,More than 8 hrs,Almost always,1-5 hrs,Close to what I wanted,Almost every day,Very distracting,Good support,Neutral,Mostly,Difficult to manage,ChE,ChE,C2_3_50_to_3_74,C3_3_75_plus,False,2,3,0,1,0,3,1,4,4,1,4,0,3,1,3,2,3,3.62,0.875,4,0.25,0.417,0.375,0.667,0.0,-1.0,0.5
kuet,KUET,7.0,3.50 - 3.74,3.75+,Very dissatisfied,90% or more,11-15 hrs,Mostly consistent routine,A little,Less than 5 hrs,Often,11-15 hrs,"Yes, exactly what I wanted",Often,Neither good nor bad,No support,Very satisfied,Mostly,Difficult to manage,CE,CE,C3_3_75_plus,C2_3_50_to_3_74,False,4,4,0,4,3,3,1,0,3,3,3,2,0,1,3,3,2,3.87,0.875,4,0.688,0.167,0.25,0.917,0.188,0.0,0.625
kuet,KUET,7.0,3.50 - 3.74,3.50 - 3.74,Very dissatisfied,75-89%,7-10 hrs,Regularly but not every day,A little,7-8 hrs,Rarely,More than 15 hrs,Mostly different,Almost every day,Mostly suitable,Strong support,Very dissatisfied,Completely,Average,URP,URP,C2_3_50_to_3_74,C2_3_50_to_3_74,False,0,1,0,3,2,2,1,3,1,4,4,3,4,2,4,2,2,3.62,0.875,4,0.438,0.667,0.875,0.417,0.125,-0.5,0.375
kuet,KUET,7.0,3.50 - 3.74,Below,Very dissatisfied,60-74%,Less than 3 hrs,Regularly but not every day,A little,6-7 hrs,Often,None,Mostly different,Rarely,Somewhat distracting,Good support,Very dissatisfied,Completely,Very healthy and balanced,CE,CE,C0_below_3_20,C2_3_50_to_3_74,False,0,1,0,2,0,2,1,2,3,0,1,1,3,4,4,0,2,3.0,0.875,4,0.438,0.583,0.5,0.417,0.0,-0.25,-0.125
kuet,KUET,7.0,3.20 - 3.49,Below,Very satisfied,Less than 40%,11-15 hrs,Regularly but not every day,Almost nothing,7-8 hrs,Often,11-15 hrs,Mostly different,Sometimes,Somewhat distracting,Good support,Very dissatisfied,Slightly,Average,ME,ME,C0_below_3_20,C1_3_20_to_3_49,False,0,1,4,0,3,2,0,3,3,3,2,1,3,2,1,0,1,3.0,0.875,4,0.438,0.5,0.5,0.167,0.0,0.25,0.5
kuet,KUET,7.0,3.50 - 3.74,3.75+,Very dissatisfied,Less than 40%,3-6 hrs,Regularly but not every day,A little,More than 8 hrs,Rarely,None,Somewhat different,Never,Neither good nor bad,Good support,Neutral,Not at all,Very healthy and balanced,LE,LE,C3_3_75_plus,C2_3_50_to_3_74,False,2,2,0,0,1,2,1,4,1,0,0,2,3,4,0,3,2,3.87,0.875,4,0.438,0.917,0.625,0.333,0.062,0.25,-0.375
kuet,KUET,7.0,3.75+,Below,Very dissatisfied,Less than 40%,3-6 hrs,Consistent throughout the semester,About half,6-7 hrs,Often,6-10 hrs,Mostly different,Almost every day,Excellent for focused study,Good support,Very dissatisfied,Slightly,Average,TE,TE,C0_below_3_20,C3_3_75_plus,False,0,1,0,0,1,4,2,2,3,2,4,4,3,2,1,0,3,3.0,0.875,4,0.312,0.417,0.875,0.167,0.125,-0.75,0.375
kuet,KUET,7.0,3.20 - 3.49,Below,Very dissatisfied,75-89%,More than 15 hrs,Occasionally when necessary,About half,5-6 hrs,Almost always,None,Close to what I wanted,Almost every day,Very distracting,Some support,Neutral,Mostly,Completely unmanageable,ESE,ESE,C0_below_3_20,C1_3_20_to_3_49,False,2,3,0,3,4,0,2,1,4,0,4,0,2,0,3,0,1,3.0,0.875,4,0.438,0.083,0.25,0.667,0.5,0.0,0.5
kuet,KUET,7.0,3.50 - 3.74,Below,Very dissatisfied,75-89%,More than 15 hrs,Consistent throughout the semester,About half,6-7 hrs,Rarely,11-15 hrs,"Yes, exactly what I wanted",Sometimes,Excellent for focused study,Very little support,Very dissatisfied,Slightly,Average,MTE,MTE,C0_below_3_20,C2_3_50_to_3_74,False,0,4,0,3,4,4,2,2,1,3,2,4,1,2,1,0,2,3.0,0.875,4,0.812,0.583,0.625,0.417,0.5,0.5,0.25
kuet,KUET,7.0,Below,Below,Neutral,75-89%,More than 15 hrs,Mostly just before exams,About half,5-6 hrs,Almost always,11-15 hrs,Not at all what I wanted,Almost every day,Mostly suitable,No support,Very satisfied,Completely,Mostly manageable,BME,BME,C0_below_3_20,C0_below_3_20,False,4,0,2,3,4,1,2,1,4,3,4,3,0,3,4,0,0,3.0,0.875,4,0.5,0.333,0.375,0.667,0.5,0.0,0.5
kuet,KUET,7.0,3.75+,3.50 - 3.74,Very dissatisfied,Less than 40%,More than 15 hrs,Mostly just before exams,A little,5-6 hrs,Rarely,1-5 hrs,"Yes, exactly what I wanted",Almost every day,Very distracting,Strong support,Neutral,Slightly,Mostly manageable,BECM,BECM,C2_3_50_to_3_74,C3_3_75_plus,False,2,4,0,0,4,1,1,1,1,1,4,0,4,3,1,2,3,3.62,0.875,4,0.312,0.583,0.5,0.583,0.25,0.0,-0.125
kuet,KUET,7.0,3.75+,3.2 - 3.49,Very dissatisfied,75-89%,More than 15 hrs,Regularly but not every day,A little,7-8 hrs,Often,1-5 hrs,Not at all what I wanted,Almost every day,Neither good nor bad,No support,Very satisfied,Slightly,Difficult to manage,ME,ME,C1_3_20_to_3_49,C3_3_75_plus,False,4,0,0,3,4,2,1,3,3,1,4,2,0,1,1,1,3,3.35,0.875,4,0.562,0.417,0.25,0.417,0.25,0.0,0.375
kuet,KUET,7.0,3.75+,3.50 - 3.74,Very dissatisfied,40-59%,7-10 hrs,Occasionally when necessary,A little,7-8 hrs,Never,More than 15 hrs,"Yes, exactly what I wanted",Never,Somewhat distracting,Very little support,Very satisfied,Mostly,Completely unmanageable,LE,LE,C2_3_50_to_3_74,C3_3_75_plus,False,4,4,0,1,2,0,1,3,0,4,0,1,1,0,3,2,3,3.62,0.875,4,0.438,0.583,0.25,0.917,0.125,0.5,0.5
kuet,KUET,7.0,3.50 - 3.74,3.75+,Very dissatisfied,60-74%,11-15 hrs,Occasionally when necessary,A little,7-8 hrs,Almost always,11-15 hrs,Close to what I wanted,Almost every day,Very distracting,Strong support,Very satisfied,Somewhat,Difficult to manage,TE,TE,C3_3_75_plus,C2_3_50_to_3_74,False,4,3,0,2,3,0,1,3,4,3,4,0,4,1,2,3,2,3.87,0.875,4,0.312,0.333,0.5,0.75,0.188,-0.25,0.75
kuet,KUET,7.0,3.75+,3.75+,Very satisfied,90% or more,Less than 3 hrs,Occasionally when necessary,Almost nothing,More than 8 hrs,Almost always,More than 15 hrs,Somewhat different,Never,Very distracting,Very little support,Very dissatisfied,Not at all,Average,ME,ME,C3_3_75_plus,C3_3_75_plus,False,0,2,4,4,0,0,0,4,4,4,0,0,1,2,0,3,3,3.87,0.875,4,0.5,0.5,0.125,0.167,0.0,0.0,0.75
kuet,KUET,7.0,3.20 - 3.49,3.2 - 3.49,Very satisfied,90% or more,11-15 hrs,Consistent throughout the semester,Most of it,6-7 hrs,Sometimes,More than 15 hrs,Close to what I wanted,Rarely,Mostly suitable,No support,Very dissatisfied,Somewhat,Mostly manageable,LE,LE,C1_3_20_to_3_49,C1_3_20_to_3_49,False,0,3,4,4,3,4,3,2,2,4,1,3,0,3,2,1,1,3.35,0.875,4,0.875,0.583,0.375,0.417,0.562,0.5,0.375
kuet,KUET,7.0,3.50 - 3.74,Below,Very dissatisfied,40-59%,3-6 hrs,Mostly consistent routine,Most of it,Less than 5 hrs,Rarely,More than 15 hrs,Not at all what I wanted,Rarely,Very distracting,Strong support,Very dissatisfied,Completely,Completely unmanageable,TE,TE,C0_below_3_20,C2_3_50_to_3_74,False,0,0,0,1,1,3,3,0,1,4,1,0,4,0,4,0,2,3.0,0.875,4,0.5,0.25,0.5,0.333,0.188,0.0,0.625
kuet,KUET,7.0,Below,Below,Very satisfied,Less than 40%,11-15 hrs,Consistent throughout the semester,About half,7-8 hrs,Never,1-5 hrs,Not at all what I wanted,Rarely,Neither good nor bad,Strong support,Very satisfied,Somewhat,Mostly manageable,ESE,ESE,C0_below_3_20,C0_below_3_20,False,4,0,4,0,3,4,2,3,0,1,1,2,4,3,2,0,0,3.0,0.875,4,0.625,0.833,0.75,0.5,0.375,0.5,-0.25
kuet,KUET,7.0,3.75+,3.50 - 3.74,Very dissatisfied,75-89%,7-10 hrs,Consistent throughout the semester,About half,5-6 hrs,Sometimes,1-5 hrs,Mostly different,Rarely,Mostly suitable,Some support,Very dissatisfied,Somewhat,Average,MTE,MTE,C2_3_50_to_3_74,C3_3_75_plus,False,0,1,0,3,2,4,2,1,2,1,1,3,2,2,2,2,3,3.62,0.875,4,0.75,0.417,0.625,0.25,0.25,0.25,0.125
kuet,KUET,7.0,Below,3.50 - 3.74,Very dissatisfied,90% or more,7-10 hrs,Mostly just before exams,A little,More than 8 hrs,Rarely,11-15 hrs,Mostly different,Almost every day,Mostly suitable,Strong support,Very satisfied,Mostly,Completely unmanageable,BME,BME,C2_3_50_to_3_74,C0_below_3_20,False,4,1,0,4,2,1,1,4,1,3,4,3,4,0,3,2,0,3.62,0.875,4,0.438,0.583,0.875,0.667,0.125,-0.5,0.5
kuet,KUET,7.0,3.20 - 3.49,3.2 - 3.49,Neutral,Less than 40%,11-15 hrs,Regularly but not every day,Almost everything,Less than 5 hrs,Rarely,1-5 hrs,Mostly different,Rarely,Somewhat distracting,Good support,Neutral,Mostly,Mostly manageable,BECM,BECM,C1_3_20_to_3_49,C1_3_20_to_3_49,False,2,1,2,0,3,2,4,0,1,1,1,1,3,3,3,1,1,3.35,0.875,4,0.5,0.5,0.5,0.5,0.75,0.5,-0.125
kuet,KUET,7.0,Below,3.75+,Very dissatisfied,60-74%,Less than 3 hrs,Mostly consistent routine,Almost everything,7-8 hrs,Sometimes,None,Mostly different,Almost every day,Excellent for focused study,Some support,Neutral,Somewhat,Difficult to manage,ME,ME,C3_3_75_plus,C0_below_3_20,False,2,1,0,2,0,3,4,3,2,0,4,4,2,1,2,3,0,3.87,0.875,4,0.312,0.5,0.75,0.417,0.0,-1.0,0.125
kuet,KUET,7.0,3.20 - 3.49,3.75+,Very dissatisfied,75-89%,11-15 hrs,Mostly consistent routine,A little,5-6 hrs,Often,None,"Yes, exactly what I wanted",Often,Very distracting,Very little support,Very dissatisfied,Slightly,Very healthy and balanced,LE,LE,C3_3_75_plus,C1_3_20_to_3_49,False,0,4,0,3,3,3,1,1,3,0,3,0,1,4,1,3,1,3.87,0.875,4,0.625,0.5,0.125,0.417,0.188,0.0,-0.125
kuet,KUET,7.0,3.75+,Below,Very dissatisfied,60-74%,11-15 hrs,Mostly just before exams,Most of it,More than 8 hrs,Rarely,6-10 hrs,Mostly different,Rarely,Mostly suitable,Very little support,Neutral,Somewhat,Mostly manageable,TE,TE,C0_below_3_20,C3_3_75_plus,False,2,1,0,2,3,1,3,4,1,2,1,3,1,3,2,0,3,3.0,0.875,4,0.562,0.833,0.5,0.417,0.562,0.5,0.0
kuet,KUET,7.0,3.50 - 3.74,3.50 - 3.74,Very dissatisfied,60-74%,Less than 3 hrs,Occasionally when necessary,About half,6-7 hrs,Rarely,6-10 hrs,"Yes, exactly what I wanted",Almost every day,Somewhat distracting,No support,Very satisfied,Not at all,Difficult to manage,ME,ME,C2_3_50_to_3_74,C2_3_50_to_3_74,False,4,4,0,2,0,0,2,2,1,2,4,1,0,1,0,2,2,3.62,0.875,4,0.125,0.5,0.125,0.667,0.0,-1.0,0.25
kuet,KUET,7.0,3.20 - 3.49,Below,Very satisfied,40-59%,3-6 hrs,Mostly just before exams,About half,5-6 hrs,Rarely,None,"Yes, exactly what I wanted",Rarely,Somewhat distracting,Strong support,Very dissatisfied,Mostly,Very healthy and balanced,LE,LE,C0_below_3_20,C1_3_20_to_3_49,False,0,4,4,1,1,1,2,1,1,0,1,1,4,4,3,0,1,3.0,0.875,4,0.375,0.667,0.625,0.583,0.125,0.0,-0.375
kuet,KUET,7.0,Below,3.75+,Very dissatisfied,90% or more,7-10 hrs,Regularly but not every day,Almost everything,5-6 hrs,Never,More than 15 hrs,Not at all what I wanted,Sometimes,Excellent for focused study,No support,Neutral,Not at all,Average,TE,TE,C3_3_75_plus,C0_below_3_20,False,2,0,0,4,2,2,4,1,0,4,2,4,0,2,0,3,0,3.87,0.875,4,0.625,0.583,0.5,0.167,0.5,0.0,0.25
kuet,KUET,7.0,3.20 - 3.49,3.75+,Neutral,75-89%,Less than 3 hrs,Mostly just before exams,About half,6-7 hrs,Sometimes,11-15 hrs,"Yes, exactly what I wanted",Rarely,Excellent for focused study,No support,Very dissatisfied,Not at all,Mostly manageable,ESE,ESE,C3_3_75_plus,C1_3_20_to_3_49,False,0,4,2,3,0,1,2,2,2,3,1,4,0,3,0,3,1,3.87,0.875,4,0.438,0.583,0.5,0.333,0.0,-0.25,0.25
kuet,KUET,7.0,Below,3.50 - 3.74,Neutral,75-89%,3-6 hrs,Occasionally when necessary,Almost everything,More than 8 hrs,Rarely,11-15 hrs,Not at all what I wanted,Sometimes,Very distracting,Strong support,Very dissatisfied,Mostly,Average,MTE,MTE,C2_3_50_to_3_74,C0_below_3_20,False,0,0,2,3,1,0,4,4,1,3,2,0,4,2,3,2,0,3.62,0.875,4,0.375,0.75,0.5,0.25,0.25,-0.25,0.25
kuet,KUET,7.0,3.75+,3.2 - 3.49,Very dissatisfied,60-74%,11-15 hrs,Mostly just before exams,About half,5-6 hrs,Never,11-15 hrs,Somewhat different,Sometimes,Excellent for focused study,Very little support,Very dissatisfied,Completely,Average,BME,BME,C1_3_20_to_3_49,C3_3_75_plus,False,0,2,0,2,3,1,2,1,0,3,2,4,1,2,4,1,3,3.35,0.875,4,0.5,0.583,0.625,0.5,0.375,0.25,0.125
kuet,KUET,7.0,3.75+,3.50 - 3.74,Very satisfied,90% or more,More than 15 hrs,Consistent throughout the semester,Almost nothing,5-6 hrs,Sometimes,11-15 hrs,"Yes, exactly what I wanted",Sometimes,Somewhat distracting,No support,Very dissatisfied,Somewhat,Difficult to manage,BECM,BECM,C2_3_50_to_3_74,C3_3_75_plus,False,0,4,4,4,4,4,0,1,2,3,2,1,0,1,2,2,3,3.62,0.875,4,0.875,0.333,0.125,0.5,0.0,0.5,0.5
kuet,KUET,7.0,Below,3.2 - 3.49,Very satisfied,90% or more,More than 15 hrs,Mostly just before exams,About half,5-6 hrs,Often,11-15 hrs,Mostly different,Almost every day,Mostly suitable,Good support,Neutral,Completely,Difficult to manage,ME,ME,C1_3_20_to_3_49,C0_below_3_20,False,2,1,4,4,4,1,2,1,3,3,4,3,3,1,4,1,0,3.35,0.875,4,0.562,0.25,0.75,0.583,0.5,0.0,0.625
kuet,KUET,7.0,3.75+,3.2 - 3.49,Very dissatisfied,90% or more,7-10 hrs,Consistent throughout the semester,Most of it,7-8 hrs,Often,1-5 hrs,Mostly different,Rarely,Somewhat distracting,Strong support,Neutral,Not at all,Completely unmanageable,LE,LE,C1_3_20_to_3_49,C3_3_75_plus,False,2,1,0,4,2,4,3,3,3,1,1,1,4,0,0,1,3,3.35,0.875,4,0.812,0.333,0.625,0.25,0.375,0.25,0.5
kuet,KUET,7.0,3.20 - 3.49,Below,Very dissatisfied,60-74%,11-15 hrs,Mostly just before exams,Almost nothing,Less than 5 hrs,Sometimes,11-15 hrs,Somewhat different,Sometimes,Mostly suitable,Very little support,Very dissatisfied,Completely,Completely unmanageable,TE,TE,C0_below_3_20,C1_3_20_to_3_49,False,0,2,0,2,3,1,0,0,2,3,2,3,1,0,4,0,1,3.0,0.875,4,0.5,0.167,0.5,0.5,0.0,0.25,0.625
kuet,KUET,7.0,3.75+,3.2 - 3.49,Very dissatisfied,90% or more,11-15 hrs,Consistent throughout the semester,About half,5-6 hrs,Never,6-10 hrs,"Yes, exactly what I wanted",Rarely,Very distracting,Strong support,Very satisfied,Not at all,Very healthy and balanced,ME,ME,C1_3_20_to_3_49,C3_3_75_plus,False,4,4,0,4,3,4,2,1,0,2,1,0,4,4,0,1,3,3.35,0.875,4,0.875,0.75,0.5,0.667,0.375,0.5,-0.25
kuet,KUET,7.0,3.20 - 3.49,3.75+,Very dissatisfied,90% or more,More than 15 hrs,Mostly just before exams,About half,Less than 5 hrs,Rarely,1-5 hrs,Not at all what I wanted,Almost every day,Excellent for focused study,Good support,Very dissatisfied,Completely,Completely unmanageable,LE,LE,C3_3_75_plus,C1_3_20_to_3_49,False,0,0,0,4,4,1,2,0,1,1,4,4,3,0,4,3,1,3.87,0.875,4,0.562,0.25,0.875,0.333,0.5,0.0,0.25
kuet,KUET,7.0,3.75+,Below,Very satisfied,60-74%,3-6 hrs,Mostly consistent routine,Almost everything,More than 8 hrs,Never,None,Mostly different,Often,Neither good nor bad,Very little support,Very satisfied,Somewhat,Completely unmanageable,TE,TE,C0_below_3_20,C3_3_75_plus,False,4,1,4,2,1,3,4,4,0,0,3,2,1,0,2,0,3,3.0,0.875,4,0.438,0.667,0.375,0.583,0.25,-0.5,0.0
kuet,KUET,7.0,3.20 - 3.49,3.50 - 3.74,Very dissatisfied,60-74%,11-15 hrs,Occasionally when necessary,Most of it,7-8 hrs,Often,6-10 hrs,Somewhat different,Rarely,Neither good nor bad,Good support,Very dissatisfied,Not at all,Completely unmanageable,ESE,ESE,C2_3_50_to_3_74,C1_3_20_to_3_49,False,0,2,0,2,3,0,3,3,3,2,1,2,3,0,0,2,1,3.62,0.875,4,0.5,0.333,0.625,0.167,0.562,0.5,0.625
kuet,KUET,7.0,3.50 - 3.74,3.2 - 3.49,Very dissatisfied,90% or more,7-10 hrs,Occasionally when necessary,Most of it,5-6 hrs,Never,11-15 hrs,Not at all what I wanted,Sometimes,Very distracting,No support,Very dissatisfied,Slightly,Difficult to manage,MTE,MTE,C1_3_20_to_3_49,C2_3_50_to_3_74,False,0,0,0,4,2,0,3,1,0,3,2,0,0,1,1,1,2,3.35,0.875,4,0.5,0.5,0.0,0.083,0.375,0.0,0.25
kuet,KUET,7.0,Below,3.75+,Very satisfied,60-74%,More than 15 hrs,Occasionally when necessary,Almost everything,7-8 hrs,Often,1-5 hrs,"Yes, exactly what I wanted",Often,Neither good nor bad,Strong support,Very dissatisfied,Completely,Mostly manageable,BME,BME,C3_3_75_plus,C0_below_3_20,False,0,4,4,2,4,0,4,3,3,1,3,2,4,3,4,3,0,3.87,0.875,4,0.438,0.583,0.75,0.667,1.0,0.25,0.125
kuet,KUET,7.0,Below,3.50 - 3.74,Neutral,75-89%,Less than 3 hrs,Mostly just before exams,About half,More than 8 hrs,Never,None,Close to what I wanted,Sometimes,Very distracting,No support,Very satisfied,Mostly,Completely unmanageable,BECM,BECM,C2_3_50_to_3_74,C0_below_3_20,False,4,3,2,3,0,1,2,4,0,0,2,0,0,0,3,2,0,3.62,0.875,4,0.375,0.667,0.0,0.833,0.0,-0.5,0.0
kuet,KUET,7.0,3.20 - 3.49,3.50 - 3.74,Neutral,90% or more,11-15 hrs,Regularly but not every day,Almost everything,6-7 hrs,Never,None,Not at all what I wanted,Often,Somewhat distracting,Very little support,Very dissatisfied,Mostly,Average,ME,ME,C2_3_50_to_3_74,C1_3_20_to_3_49,False,0,0,2,4,3,2,4,2,0,0,3,1,1,2,3,2,1,3.62,0.875,4,0.625,0.667,0.25,0.25,0.75,0.0,-0.25
kuet,KUET,7.0,3.75+,3.75+,Very satisfied,75-89%,11-15 hrs,Mostly just before exams,Almost nothing,6-7 hrs,Sometimes,None,Somewhat different,Sometimes,Neither good nor bad,Very little support,Very satisfied,Mostly,Mostly manageable,LE,LE,C3_3_75_plus,C3_3_75_plus,False,4,2,4,3,3,1,0,2,2,0,2,2,1,3,3,3,3,3.87,0.875,4,0.562,0.583,0.375,0.75,0.0,0.25,-0.125
kuet,KUET,7.0,3.75+,3.50 - 3.74,Very dissatisfied,90% or more,More than 15 hrs,Consistent throughout the semester,Almost nothing,7-8 hrs,Almost always,6-10 hrs,"Yes, exactly what I wanted",Often,Excellent for focused study,Very little support,Very dissatisfied,Slightly,Average,TE,TE,C2_3_50_to_3_74,C3_3_75_plus,False,0,4,0,4,4,4,0,3,4,2,3,4,1,2,1,2,3,3.62,0.875,4,0.812,0.417,0.625,0.417,0.0,0.25,0.5
kuet,KUET,7.0,3.20 - 3.49,3.50 - 3.74,Very dissatisfied,90% or more,3-6 hrs,Consistent throughout the semester,A little,Less than 5 hrs,Never,6-10 hrs,Somewhat different,Rarely,Neither good nor bad,Strong support,Very satisfied,Somewhat,Average,ARCH,ARCH,C2_3_50_to_3_74,C1_3_20_to_3_49,False,4,2,0,4,1,4,1,0,0,2,1,2,4,2,2,2,1,3.62,0.875,4,0.75,0.5,0.75,0.667,0.062,0.0,0.0
kuet,KUET,7.0,Below,3.2 - 3.49,Very dissatisfied,90% or more,More than 15 hrs,Consistent throughout the semester,Almost nothing,5-6 hrs,Almost always,6-10 hrs,Somewhat different,Rarely,Mostly suitable,Very little support,Very dissatisfied,Not at all,Mostly manageable,EEE,EEE,C1_3_20_to_3_49,C0_below_3_20,False,0,2,0,4,4,4,0,1,4,2,1,3,1,3,0,1,0,3.35,0.875,4,0.938,0.333,0.5,0.167,0.0,0.75,0.375
kuet,KUET,7.0,3.20 - 3.49,3.2 - 3.49,Very dissatisfied,75-89%,More than 15 hrs,Mostly just before exams,Most of it,6-7 hrs,Almost always,6-10 hrs,Somewhat different,Sometimes,Somewhat distracting,Very little support,Very satisfied,Somewhat,Completely unmanageable,ME,ME,C1_3_20_to_3_49,C1_3_20_to_3_49,False,4,2,0,3,4,1,3,2,4,2,2,1,1,0,2,1,1,3.35,0.875,4,0.625,0.167,0.25,0.667,0.75,0.5,0.75
kuet,KUET,7.0,3.20 - 3.49,3.50 - 3.74,Very dissatisfied,75-89%,3-6 hrs,Consistent throughout the semester,Almost everything,7-8 hrs,Almost always,More than 15 hrs,"Yes, exactly what I wanted",Rarely,Very distracting,Good support,Neutral,Completely,Very healthy and balanced,EEE,EEE,C2_3_50_to_3_74,C1_3_20_to_3_49,False,2,4,0,3,1,4,4,3,4,4,1,0,3,4,4,2,1,3.62,0.875,4,0.688,0.583,0.375,0.833,0.25,0.0,0.5
kuet,KUET,7.0,3.75+,3.75+,Very dissatisfied,75-89%,11-15 hrs,Mostly just before exams,Almost everything,Less than 5 hrs,Almost always,6-10 hrs,Close to what I wanted,Often,Mostly suitable,Some support,Very satisfied,Slightly,Mostly manageable,LE,LE,C3_3_75_plus,C3_3_75_plus,False,4,3,0,3,3,1,4,0,4,2,3,3,2,3,1,3,3,3.87,0.875,4,0.5,0.25,0.625,0.667,0.75,0.0,0.375
kuet,KUET,7.0,Below,3.75+,Very satisfied,75-89%,11-15 hrs,Mostly consistent routine,Almost everything,5-6 hrs,Rarely,11-15 hrs,Somewhat different,Rarely,Very distracting,Good support,Very dissatisfied,Slightly,Difficult to manage,MTE,MTE,C3_3_75_plus,C0_below_3_20,False,0,2,4,3,3,3,4,1,1,3,1,0,3,1,1,3,0,3.87,0.875,4,0.75,0.417,0.375,0.25,0.75,0.5,0.375
kuet,KUET,7.0,3.20 - 3.49,Below,Very dissatisfied,60-74%,3-6 hrs,Mostly consistent routine,Most of it,5-6 hrs,Often,11-15 hrs,Not at all what I wanted,Sometimes,Very distracting,Some support,Very dissatisfied,Not at all,Very healthy and balanced,TE,TE,C0_below_3_20,C1_3_20_to_3_49,False,0,0,0,2,1,3,3,1,3,3,2,0,2,4,0,0,1,3.0,0.875,4,0.5,0.5,0.25,0.0,0.188,-0.25,0.25
kuet,KUET,7.0,3.50 - 3.74,3.75+,Very dissatisfied,90% or more,7-10 hrs,Consistent throughout the semester,Most of it,5-6 hrs,Almost always,More than 15 hrs,Close to what I wanted,Often,Mostly suitable,No support,Very dissatisfied,Mostly,Difficult to manage,BECM,BECM,C3_3_75_plus,C2_3_50_to_3_74,False,0,3,0,4,2,4,3,1,4,4,3,3,0,1,3,3,2,3.87,0.875,4,0.688,0.167,0.375,0.5,0.375,-0.25,0.875
kuet,KUET,7.0,3.75+,3.2 - 3.49,Neutral,60-74%,More than 15 hrs,Regularly but not every day,Almost nothing,Less than 5 hrs,Often,1-5 hrs,Close to what I wanted,Almost every day,Very distracting,Very little support,Very dissatisfied,Mostly,Very healthy and balanced,EEE,EEE,C1_3_20_to_3_49,C3_3_75_plus,False,0,3,2,2,4,2,0,0,3,1,4,0,1,4,3,1,3,3.35,0.875,4,0.5,0.417,0.125,0.5,0.0,0.0,0.0
kuet,KUET,7.0,Below,3.75+,Neutral,90% or more,11-15 hrs,Regularly but not every day,Almost nothing,6-7 hrs,Almost always,More than 15 hrs,Mostly different,Sometimes,Neither good nor bad,Strong support,Very dissatisfied,Not at all,Very healthy and balanced,CE,CE,C3_3_75_plus,C0_below_3_20,False,0,1,2,4,3,2,0,2,4,4,2,2,4,4,0,3,0,3.87,0.875,4,0.688,0.5,0.75,0.083,0.0,0.25,0.5
kuet,KUET,7.0,3.20 - 3.49,3.75+,Very dissatisfied,75-89%,11-15 hrs,Consistent throughout the semester,Almost nothing,7-8 hrs,Sometimes,None,Close to what I wanted,Sometimes,Very distracting,No support,Very dissatisfied,Completely,Average,EEE,EEE,C3_3_75_plus,C1_3_20_to_3_49,False,0,3,0,3,3,4,0,3,2,0,2,0,0,2,4,3,1,3.87,0.875,4,0.75,0.583,0.0,0.583,0.0,0.25,0.0
kuet,KUET,7.0,3.75+,3.2 - 3.49,Very satisfied,90% or more,Less than 3 hrs,Mostly just before exams,About half,5-6 hrs,Often,None,Close to what I wanted,Sometimes,Somewhat distracting,Very little support,Neutral,Completely,Mostly manageable,CE,CE,C1_3_20_to_3_49,C3_3_75_plus,False,2,3,4,4,0,1,2,1,3,0,2,1,1,3,4,1,3,3.35,0.875,4,0.438,0.417,0.25,0.75,0.0,-0.5,0.0
kuet,KUET,7.0,Below,3.2 - 3.49,Very dissatisfied,60-74%,3-6 hrs,Occasionally when necessary,Almost everything,More than 8 hrs,Often,More than 15 hrs,Close to what I wanted,Sometimes,Mostly suitable,Strong support,Very dissatisfied,Mostly,Very healthy and balanced,URP,URP,C1_3_20_to_3_49,C0_below_3_20,False,0,3,0,2,1,0,4,4,3,4,2,3,4,4,3,1,0,3.35,0.875,4,0.312,0.75,0.875,0.5,0.25,-0.25,0.375
kuet,KUET,7.0,3.20 - 3.49,3.50 - 3.74,Very dissatisfied,75-89%,3-6 hrs,Consistent throughout the semester,A little,Less than 5 hrs,Rarely,1-5 hrs,Close to what I wanted,Often,Excellent for focused study,Some support,Very dissatisfied,Mostly,Very healthy and balanced,ARCH,ARCH,C2_3_50_to_3_74,C1_3_20_to_3_49,False,0,3,0,3,1,4,1,0,1,1,3,4,2,4,3,2,1,3.62,0.875,4,0.562,0.583,0.75,0.5,0.062,-0.5,-0.25
kuet,KUET,7.0,3.75+,3.2 - 3.49,Neutral,60-74%,11-15 hrs,Mostly consistent routine,A little,7-8 hrs,Rarely,11-15 hrs,Somewhat different,Often,Somewhat distracting,Good support,Very dissatisfied,Not at all,Average,EEE,EEE,C1_3_20_to_3_49,C3_3_75_plus,False,0,2,2,2,3,3,1,3,1,3,3,1,3,2,0,1,3,3.35,0.875,4,0.562,0.667,0.5,0.167,0.188,0.0,0.25
kuet,KUET,7.0,3.20 - 3.49,3.50 - 3.74,Very dissatisfied,60-74%,7-10 hrs,Regularly but not every day,About half,Less than 5 hrs,Never,6-10 hrs,Close to what I wanted,Never,Very distracting,Strong support,Neutral,Mostly,Very healthy and balanced,ME,ME,C2_3_50_to_3_74,C1_3_20_to_3_49,False,2,3,0,2,2,2,2,0,0,2,0,0,4,4,3,2,1,3.62,0.875,4,0.625,0.667,0.5,0.667,0.25,0.5,-0.25
kuet,KUET,7.0,3.50 - 3.74,Below,Very satisfied,75-89%,7-10 hrs,Mostly just before exams,About half,6-7 hrs,Rarely,More than 15 hrs,Close to what I wanted,Almost every day,Mostly suitable,Some support,Very satisfied,Mostly,Average,EEE,EEE,C0_below_3_20,C2_3_50_to_3_74,False,4,3,4,3,2,1,2,2,1,4,4,3,2,2,3,0,2,3.0,0.875,4,0.375,0.583,0.625,0.833,0.25,-0.5,0.375
kuet,KUET,7.0,Below,3.50 - 3.74,Very dissatisfied,90% or more,11-15 hrs,Consistent throughout the semester,About half,5-6 hrs,Sometimes,1-5 hrs,"Yes, exactly what I wanted",Often,Excellent for focused study,Some support,Neutral,Mostly,Average,LE,LE,C2_3_50_to_3_74,C0_below_3_20,False,2,4,0,4,3,4,2,1,2,1,3,4,2,2,3,2,0,3.62,0.875,4,0.75,0.417,0.75,0.75,0.375,0.0,0.125
kuet,KUET,7.0,3.75+,Below,Very satisfied,60-74%,Less than 3 hrs,Occasionally when necessary,A little,5-6 hrs,Sometimes,11-15 hrs,Close to what I wanted,Sometimes,Somewhat distracting,Very little support,Very satisfied,Somewhat,Average,MTE,MTE,C0_below_3_20,C3_3_75_plus,False,4,3,4,2,0,0,1,1,2,3,2,1,1,2,2,0,3,3.0,0.875,4,0.25,0.417,0.25,0.75,0.0,-0.5,0.375
kuet,KUET,7.0,Below,3.2 - 3.49,Very satisfied,90% or more,11-15 hrs,Consistent throughout the semester,Most of it,7-8 hrs,Rarely,11-15 hrs,Not at all what I wanted,Sometimes,Neither good nor bad,Very little support,Very dissatisfied,Not at all,Very healthy and balanced,TE,TE,C1_3_20_to_3_49,C0_below_3_20,False,0,0,4,4,3,4,3,3,1,3,2,2,1,4,0,1,0,3.35,0.875,4,0.812,0.833,0.375,0.0,0.562,0.25,0.0
kuet,KUET,4.0,3.50 - 3.74,3.2 - 3.49,Neutral,75-89%,3-6 hrs,Mostly just before exams,Almost nothing,5-6 hrs,Often,1-5 hrs,Not at all what I wanted,Almost every day,Mostly suitable,Strong support,Neutral,Not at all,Difficult to manage,CSE,CSE,C1_3_20_to_3_49,C2_3_50_to_3_74,False,2,0,2,3,1,1,0,1,3,1,4,3,4,1,0,1,2,3.35,0.5,2,0.312,0.25,0.875,0.167,0.0,-0.75,0.375
kuet,KUET,7.0,3.75+,3.50 - 3.74,Very dissatisfied,90% or more,3-6 hrs,Occasionally when necessary,About half,More than 8 hrs,Almost always,More than 15 hrs,Close to what I wanted,Almost every day,Very distracting,Strong support,Very dissatisfied,Somewhat,Average,BECM,BECM,C2_3_50_to_3_74,C3_3_75_plus,False,0,3,0,4,1,0,2,4,4,4,4,0,4,2,2,2,3,3.62,0.875,4,0.312,0.5,0.5,0.417,0.125,-0.75,0.75
kuet,KUET,7.0,3.20 - 3.49,Below,Very dissatisfied,75-89%,11-15 hrs,Consistent throughout the semester,Almost everything,7-8 hrs,Often,1-5 hrs,Mostly different,Never,Very distracting,Strong support,Neutral,Completely,Mostly manageable,EEE,EEE,C0_below_3_20,C1_3_20_to_3_49,False,2,1,0,3,3,4,4,3,3,1,0,0,4,3,4,0,1,3.0,0.875,4,0.875,0.583,0.5,0.583,0.75,0.75,0.125
kuet,KUET,7.0,3.75+,Below,Very dissatisfied,60-74%,More than 15 hrs,Mostly consistent routine,Almost nothing,Less than 5 hrs,Rarely,6-10 hrs,Not at all what I wanted,Never,Very distracting,Good support,Very satisfied,Slightly,Average,CE,CE,C0_below_3_20,C3_3_75_plus,False,4,0,0,2,4,3,0,0,1,2,0,0,3,2,1,0,3,3.0,0.875,4,0.812,0.417,0.375,0.417,0.0,1.0,0.125
kuet,KUET,7.0,3.75+,Below,Very dissatisfied,90% or more,7-10 hrs,Regularly but not every day,Almost everything,5-6 hrs,Rarely,6-10 hrs,"Yes, exactly what I wanted",Never,Mostly suitable,Very little support,Very dissatisfied,Somewhat,Average,EEE,EEE,C0_below_3_20,C3_3_75_plus,False,0,4,0,4,2,2,4,1,1,2,0,3,1,2,2,0,3,3.0,0.875,4,0.75,0.5,0.5,0.5,0.5,0.5,0.125
kuet,KUET,7.0,Below,Below,Very dissatisfied,90% or more,Less than 3 hrs,Mostly consistent routine,Most of it,5-6 hrs,Sometimes,None,Not at all what I wanted,Rarely,Somewhat distracting,Good support,Very dissatisfied,Somewhat,Difficult to manage,CE,CE,C0_below_3_20,C0_below_3_20,False,0,0,0,4,0,3,3,1,2,0,1,1,3,1,2,0,0,3.0,0.875,4,0.625,0.333,0.5,0.167,0.0,-0.25,0.125
kuet,KUET,7.0,3.75+,Below,Neutral,90% or more,3-6 hrs,Mostly consistent routine,About half,5-6 hrs,Rarely,11-15 hrs,Mostly different,Never,Excellent for focused study,Some support,Neutral,Completely,Mostly manageable,URP,URP,C0_below_3_20,C3_3_75_plus,False,2,1,2,4,1,3,2,1,1,3,0,4,2,3,4,0,3,3.0,0.875,4,0.75,0.583,0.75,0.583,0.125,0.25,0.125
kuet,KUET,7.0,3.20 - 3.49,Below,Very dissatisfied,75-89%,3-6 hrs,Mostly consistent routine,A little,7-8 hrs,Never,6-10 hrs,Close to what I wanted,Almost every day,Excellent for focused study,Some support,Very satisfied,Not at all,Mostly manageable,ARCH,ARCH,C0_below_3_20,C1_3_20_to_3_49,False,4,3,0,3,1,3,1,3,0,2,4,4,2,3,0,0,1,3.0,0.875,4,0.438,0.833,0.75,0.583,0.062,-0.75,-0.125
kuet,KUET,7.0,3.75+,Below,Very dissatisfied,60-74%,11-15 hrs,Consistent throughout the semester,A little,Less than 5 hrs,Sometimes,6-10 hrs,Somewhat different,Almost every day,Somewhat distracting,No support,Very dissatisfied,Mostly,Difficult to manage,EEE,EEE,C0_below_3_20,C3_3_75_plus,False,0,2,0,2,3,4,1,0,2,2,4,1,0,1,3,0,3,3.0,0.875,4,0.562,0.25,0.125,0.417,0.188,-0.25,0.375
kuet,KUET,7.0,3.75+,Below,Very dissatisfied,75-89%,3-6 hrs,Mostly just before exams,Almost nothing,7-8 hrs,Rarely,11-15 hrs,Not at all what I wanted,Almost every day,Mostly suitable,Very little support,Very dissatisfied,Somewhat,Mostly manageable,ME,ME,C0_below_3_20,C3_3_75_plus,False,0,0,0,3,1,1,0,3,1,3,4,3,1,3,2,0,3,3.0,0.875,4,0.312,0.75,0.5,0.167,0.0,-0.75,0.125
kuet,KUET,7.0,Below,3.50 - 3.74,Very satisfied,60-74%,7-10 hrs,Regularly but not every day,A little,Less than 5 hrs,Almost always,1-5 hrs,Not at all what I wanted,Never,Somewhat distracting,Strong support,Very dissatisfied,Not at all,Mostly manageable,EEE,EEE,C2_3_50_to_3_74,C0_below_3_20,False,0,0,4,2,2,2,1,0,4,1,0,1,4,3,0,2,0,3.62,0.875,4,0.625,0.25,0.625,0.0,0.125,0.5,0.25
kuet,KUET,7.0,3.50 - 3.74,3.50 - 3.74,Neutral,90% or more,More than 15 hrs,Occasionally when necessary,Most of it,7-8 hrs,Almost always,None,Not at all what I wanted,Often,Neither good nor bad,No support,Very dissatisfied,Mostly,Completely unmanageable,LE,LE,C2_3_50_to_3_74,C2_3_50_to_3_74,False,0,0,2,4,4,0,3,3,4,0,3,2,0,0,3,2,2,3.62,0.875,4,0.562,0.25,0.25,0.25,0.75,0.25,0.5
kuet,KUET,7.0,3.75+,3.75+,Very dissatisfied,60-74%,Less than 3 hrs,Mostly consistent routine,A little,6-7 hrs,Never,1-5 hrs,Mostly different,Sometimes,Very distracting,Good support,Very dissatisfied,Mostly,Difficult to manage,MTE,MTE,C3_3_75_plus,C3_3_75_plus,False,0,1,0,2,0,3,1,2,0,1,2,0,3,1,3,3,3,3.87,0.875,4,0.438,0.583,0.375,0.333,0.0,-0.5,0.0
kuet,KUET,7.0,3.20 - 3.49,Below,Neutral,90% or more,More than 15 hrs,Regularly but not every day,Almost nothing,More than 8 hrs,Rarely,More than 15 hrs,Somewhat different,Rarely,Very distracting,Some support,Very dissatisfied,Completely,Very healthy and balanced,TE,TE,C0_below_3_20,C1_3_20_to_3_49,False,0,2,2,4,4,2,0,4,1,4,1,0,2,4,4,0,1,3.0,0.875,4,0.812,0.917,0.25,0.5,0.0,0.75,0.125
kuet,KUET,7.0,3.75+,3.2 - 3.49,Very dissatisfied,60-74%,7-10 hrs,Mostly consistent routine,About half,5-6 hrs,Almost always,6-10 hrs,Mostly different,Almost every day,Somewhat distracting,Very little support,Very satisfied,Slightly,Difficult to manage,BECM,BECM,C1_3_20_to_3_49,C3_3_75_plus,False,4,1,0,2,2,3,2,1,4,2,4,1,1,1,1,1,3,3.35,0.875,4,0.438,0.167,0.25,0.5,0.25,-0.5,0.625
kuet,KUET,7.0,Below,3.50 - 3.74,Very dissatisfied,60-74%,7-10 hrs,Occasionally when necessary,A little,Less than 5 hrs,Rarely,None,"Yes, exactly what I wanted",Often,Neither good nor bad,Some support,Very dissatisfied,Not at all,Very healthy and balanced,EEE,EEE,C2_3_50_to_3_74,C0_below_3_20,False,0,4,0,2,2,0,1,0,1,0,3,2,2,4,0,2,0,3.62,0.875,4,0.312,0.583,0.5,0.333,0.125,-0.25,-0.375
kuet,KUET,7.0,3.20 - 3.49,3.75+,Very dissatisfied,75-89%,Less than 3 hrs,Mostly just before exams,About half,7-8 hrs,Never,6-10 hrs,Close to what I wanted,Never,Somewhat distracting,Strong support,Very satisfied,Not at all,Mostly manageable,CE,CE,C3_3_75_plus,C1_3_20_to_3_49,False,4,3,0,3,0,1,2,3,0,2,0,1,4,3,0,3,1,3.87,0.875,4,0.5,0.833,0.625,0.583,0.0,0.0,-0.125
kuet,KUET,7.0,3.20 - 3.49,Below,Very dissatisfied,60-74%,More than 15 hrs,Occasionally when necessary,About half,Less than 5 hrs,Sometimes,None,"Yes, exactly what I wanted",Almost every day,Neither good nor bad,Some support,Very dissatisfied,Mostly,Very healthy and balanced,EEE,EEE,C0_below_3_20,C1_3_20_to_3_49,False,0,4,0,2,4,0,2,0,2,0,4,2,2,4,3,0,1,3.0,0.875,4,0.375,0.5,0.5,0.583,0.5,0.0,-0.25
kuet,KUET,7.0,3.75+,3.2 - 3.49,Very dissatisfied,60-74%,Less than 3 hrs,Mostly consistent routine,Almost nothing,6-7 hrs,Almost always,1-5 hrs,Not at all what I wanted,Rarely,Somewhat distracting,Very little support,Very dissatisfied,Completely,Average,CE,CE,C1_3_20_to_3_49,C3_3_75_plus,False,0,0,0,2,0,3,0,2,4,1,1,1,1,2,4,1,3,3.35,0.875,4,0.5,0.333,0.25,0.333,0.0,-0.25,0.375
kuet,KUET,7.0,3.20 - 3.49,Below,Very dissatisfied,90% or more,Less than 3 hrs,Regularly but not every day,About half,5-6 hrs,Almost always,None,Somewhat different,Never,Very distracting,Good support,Very dissatisfied,Slightly,Mostly manageable,URP,URP,C0_below_3_20,C1_3_20_to_3_49,False,0,2,0,4,0,2,2,1,4,0,0,0,3,3,1,0,1,3.0,0.875,4,0.625,0.333,0.375,0.25,0.0,0.0,0.125
kuet,KUET,7.0,3.75+,3.75+,Very dissatisfied,75-89%,More than 15 hrs,Mostly consistent routine,Almost nothing,Less than 5 hrs,Almost always,More than 15 hrs,"Yes, exactly what I wanted",Almost every day,Very distracting,Some support,Very dissatisfied,Slightly,Mostly manageable,ARCH,ARCH,C3_3_75_plus,C3_3_75_plus,False,0,4,0,3,4,3,0,0,4,4,4,0,2,3,1,3,3,3.87,0.875,4,0.625,0.25,0.25,0.417,0.0,0.0,0.625
kuet,KUET,7.0,3.75+,Below,Very dissatisfied,90% or more,More than 15 hrs,Mostly consistent routine,Almost nothing,More than 8 hrs,Almost always,More than 15 hrs,Mostly different,Almost every day,Very distracting,No support,Neutral,Somewhat,Completely unmanageable,EEE,EEE,C0_below_3_20,C3_3_75_plus,False,2,1,0,4,4,3,0,4,4,4,4,0,0,0,2,0,3,3.0,0.875,4,0.688,0.333,0.0,0.417,0.0,0.0,1.0
kuet,KUET,7.0,3.75+,3.2 - 3.49,Neutral,75-89%,Less than 3 hrs,Mostly consistent routine,Almost everything,6-7 hrs,Almost always,More than 15 hrs,Close to what I wanted,Never,Excellent for focused study,No support,Very dissatisfied,Completely,Mostly manageable,ME,ME,C1_3_20_to_3_49,C3_3_75_plus,False,0,3,2,3,0,3,4,2,4,4,0,4,0,3,4,1,3,3.35,0.875,4,0.625,0.417,0.5,0.583,0.0,0.0,0.625
kuet,KUET,7.0,3.20 - 3.49,Below,Neutral,90% or more,Less than 3 hrs,Consistent throughout the semester,Almost everything,6-7 hrs,Never,1-5 hrs,Somewhat different,Often,Very distracting,Very little support,Very dissatisfied,Completely,Very healthy and balanced,EEE,EEE,C0_below_3_20,C1_3_20_to_3_49,False,0,2,2,4,0,4,4,2,0,1,3,0,1,4,4,0,1,3.0,0.875,4,0.562,0.833,0.125,0.5,0.0,-0.75,-0.375
kuet,KUET,7.0,3.50 - 3.74,3.75+,Very satisfied,60-74%,Less than 3 hrs,Occasionally when necessary,A little,More than 8 hrs,Sometimes,6-10 hrs,Close to what I wanted,Almost every day,Neither good nor bad,No support,Neutral,Slightly,Average,LE,LE,C3_3_75_plus,C2_3_50_to_3_74,False,2,3,4,2,0,0,1,4,2,2,4,2,0,2,1,3,2,3.87,0.875,4,0.125,0.667,0.25,0.5,0.0,-1.0,0.25
kuet,KUET,7.0,3.20 - 3.49,3.50 - 3.74,Very dissatisfied,90% or more,11-15 hrs,Regularly but not every day,Most of it,6-7 hrs,Never,1-5 hrs,Somewhat different,Never,Excellent for focused study,Strong support,Very dissatisfied,Somewhat,Very healthy and balanced,MTE,MTE,C2_3_50_to_3_74,C1_3_20_to_3_49,False,0,2,0,4,3,2,3,2,0,1,0,4,4,4,2,2,1,3.62,0.875,4,0.812,0.833,1.0,0.333,0.562,0.75,-0.375
kuet,KUET,7.0,3.75+,3.50 - 3.74,Very dissatisfied,75-89%,3-6 hrs,Mostly just before exams,About half,7-8 hrs,Sometimes,6-10 hrs,Close to what I wanted,Rarely,Neither good nor bad,Good support,Very dissatisfied,Slightly,Completely unmanageable,TE,TE,C2_3_50_to_3_74,C3_3_75_plus,False,0,3,0,3,1,1,2,3,2,2,1,2,3,0,1,2,3,3.62,0.875,4,0.5,0.417,0.625,0.333,0.125,0.0,0.5
kuet,KUET,7.0,3.20 - 3.49,3.2 - 3.49,Neutral,60-74%,7-10 hrs,Consistent throughout the semester,Almost everything,More than 8 hrs,Never,More than 15 hrs,Mostly different,Often,Somewhat distracting,Good support,Very dissatisfied,Slightly,Very healthy and balanced,BECM,BECM,C1_3_20_to_3_49,C1_3_20_to_3_49,False,0,1,2,2,2,4,4,4,0,4,3,1,3,4,1,1,1,3.35,0.875,4,0.562,1.0,0.5,0.167,0.5,-0.25,0.0
kuet,KUET,7.0,Below,3.75+,Very dissatisfied,90% or more,11-15 hrs,Regularly but not every day,About half,Less than 5 hrs,Often,1-5 hrs,"Yes, exactly what I wanted",Rarely,Neither good nor bad,Good support,Very dissatisfied,Not at all,Difficult to manage,EEE,EEE,C3_3_75_plus,C0_below_3_20,False,0,4,0,4,3,2,2,0,3,1,1,2,3,1,0,3,0,3.87,0.875,4,0.75,0.167,0.625,0.333,0.375,0.5,0.375
kuet,KUET,7.0,Below,3.2 - 3.49,Very dissatisfied,90% or more,3-6 hrs,Consistent throughout the semester,About half,Less than 5 hrs,Sometimes,6-10 hrs,Close to what I wanted,Rarely,Neither good nor bad,Good support,Very dissatisfied,Slightly,Completely unmanageable,CE,CE,C1_3_20_to_3_49,C0_below_3_20,False,0,3,0,4,1,4,2,0,2,2,1,2,3,0,1,1,0,3.35,0.875,4,0.75,0.167,0.625,0.333,0.125,0.0,0.5
kuet,KUET,7.0,3.75+,Below,Neutral,90% or more,Less than 3 hrs,Mostly consistent routine,Almost nothing,Less than 5 hrs,Rarely,None,Close to what I wanted,Often,Very distracting,Strong support,Very dissatisfied,Completely,Mostly manageable,EEE,EEE,C0_below_3_20,C3_3_75_plus,False,0,3,2,4,0,3,0,0,1,0,3,0,4,3,4,0,3,3.0,0.875,4,0.5,0.5,0.5,0.583,0.0,-0.75,-0.25
kuet,KUET,7.0,3.50 - 3.74,3.2 - 3.49,Very dissatisfied,90% or more,7-10 hrs,Consistent throughout the semester,Most of it,More than 8 hrs,Sometimes,More than 15 hrs,Somewhat different,Often,Very distracting,Some support,Neutral,Not at all,Completely unmanageable,CE,CE,C1_3_20_to_3_49,C2_3_50_to_3_74,False,2,2,0,4,2,4,3,4,2,4,3,0,2,0,0,1,2,3.35,0.875,4,0.688,0.5,0.25,0.333,0.375,-0.25,0.75
kuet,KUET,7.0,3.50 - 3.74,3.50 - 3.74,Very dissatisfied,90% or more,7-10 hrs,Mostly just before exams,A little,5-6 hrs,Almost always,None,Not at all what I wanted,Rarely,Mostly suitable,No support,Satisfied,Not at all,Completely unmanageable,CSE,CSE,C2_3_50_to_3_74,C2_3_50_to_3_74,False,3,0,0,4,2,1,1,1,4,0,1,3,0,0,0,2,2,3.62,0.875,4,0.625,0.083,0.375,0.25,0.125,0.25,0.5
kuet,KUET,7.0,3.20 - 3.49,Below,Very dissatisfied,90% or more,3-6 hrs,Mostly just before exams,Most of it,6-7 hrs,Never,11-15 hrs,Close to what I wanted,Rarely,Very distracting,Good support,Very satisfied,Slightly,Very healthy and balanced,URP,URP,C0_below_3_20,C1_3_20_to_3_49,False,4,3,0,4,1,1,3,2,0,3,1,0,3,4,1,0,1,3.0,0.875,4,0.562,0.833,0.375,0.667,0.188,0.0,-0.125
kuet,KUET,7.0,3.75+,3.2 - 3.49,Very dissatisfied,75-89%,3-6 hrs,Mostly just before exams,Almost everything,7-8 hrs,Often,None,Not at all what I wanted,Never,Very distracting,No support,Very dissatisfied,Completely,Average,ARCH,ARCH,C1_3_20_to_3_49,C3_3_75_plus,False,0,0,0,3,1,1,4,3,3,0,0,0,0,2,4,1,3,3.35,0.875,4,0.562,0.5,0.0,0.333,0.25,0.25,0.125
kuet,KUET,7.0,Below,3.75+,Very satisfied,75-89%,Less than 3 hrs,Mostly consistent routine,A little,Less than 5 hrs,Sometimes,None,"Yes, exactly what I wanted",Almost every day,Somewhat distracting,Strong support,Very dissatisfied,Somewhat,Difficult to manage,EEE,EEE,C3_3_75_plus,C0_below_3_20,False,0,4,4,3,0,3,1,0,2,0,4,1,4,1,2,3,0,3.87,0.875,4,0.375,0.25,0.625,0.5,0.0,-1.0,0.125
kuet,KUET,7.0,3.50 - 3.74,3.2 - 3.49,Very dissatisfied,90% or more,3-6 hrs,Consistent throughout the semester,Almost nothing,5-6 hrs,Almost always,More than 15 hrs,Somewhat different,Almost every day,Somewhat distracting,Strong support,Very dissatisfied,Slightly,Mostly manageable,ME,ME,C1_3_20_to_3_49,C2_3_50_to_3_74,False,0,2,0,4,1,4,0,1,4,4,4,1,4,3,1,1,2,3.35,0.875,4,0.562,0.333,0.625,0.25,0.0,-0.75,0.625
kuet,KUET,7.0,3.50 - 3.74,3.50 - 3.74,Neutral,90% or more,Less than 3 hrs,Mostly just before exams,Most of it,7-8 hrs,Almost always,11-15 hrs,Mostly different,Almost every day,Somewhat distracting,Very little support,Very dissatisfied,Mostly,Completely unmanageable,EEE,EEE,C2_3_50_to_3_74,C2_3_50_to_3_74,False,0,1,2,4,0,1,3,3,4,3,4,1,1,0,3,2,2,3.62,0.875,4,0.312,0.25,0.25,0.333,0.0,-1.0,0.875
kuet,KUET,7.0,3.50 - 3.74,3.75+,Very dissatisfied,60-74%,3-6 hrs,Occasionally when necessary,About half,More than 8 hrs,Rarely,6-10 hrs,Mostly different,Sometimes,Mostly suitable,No support,Very dissatisfied,Completely,Very healthy and balanced,LE,LE,C3_3_75_plus,C2_3_50_to_3_74,False,0,1,0,2,1,0,2,4,1,2,2,3,0,4,4,3,2,3.87,0.875,4,0.312,0.917,0.375,0.417,0.125,-0.25,-0.125
kuet,KUET,7.0,3.75+,3.75+,Very satisfied,75-89%,Less than 3 hrs,Consistent throughout the semester,Most of it,5-6 hrs,Often,None,Close to what I wanted,Sometimes,Neither good nor bad,Strong support,Very dissatisfied,Slightly,Average,MTE,MTE,C3_3_75_plus,C3_3_75_plus,False,0,3,4,3,0,4,3,1,3,0,2,2,4,2,1,3,3,3.87,0.875,4,0.562,0.333,0.75,0.333,0.0,-0.5,0.125
kuet,KUET,7.0,3.20 - 3.49,3.75+,Very dissatisfied,75-89%,3-6 hrs,Regularly but not every day,About half,6-7 hrs,Almost always,None,Close to what I wanted,Almost every day,Very distracting,Strong support,Very dissatisfied,Completely,Completely unmanageable,TE,TE,C3_3_75_plus,C1_3_20_to_3_49,False,0,3,0,3,1,2,2,2,4,0,4,0,4,0,4,3,1,3.87,0.875,4,0.375,0.167,0.5,0.583,0.125,-0.75,0.5
kuet,KUET,7.0,Below,3.75+,Very dissatisfied,60-74%,Less than 3 hrs,Mostly just before exams,Most of it,More than 8 hrs,Sometimes,None,Not at all what I wanted,Sometimes,Very distracting,Very little support,Neutral,Slightly,Completely unmanageable,BECM,BECM,C3_3_75_plus,C0_below_3_20,False,2,0,0,2,0,1,3,4,2,0,2,0,1,0,1,3,0,3.87,0.875,4,0.312,0.5,0.125,0.25,0.0,-0.5,0.25
kuet,KUET,7.0,3.20 - 3.49,3.50 - 3.74,Very dissatisfied,90% or more,More than 15 hrs,Occasionally when necessary,Most of it,5-6 hrs,Never,6-10 hrs,Not at all what I wanted,Sometimes,Very distracting,Very little support,Very dissatisfied,Mostly,Mostly manageable,EEE,EEE,C2_3_50_to_3_74,C1_3_20_to_3_49,False,0,0,0,4,4,0,3,1,0,2,2,0,1,3,3,2,1,3.62,0.875,4,0.625,0.667,0.125,0.25,0.75,0.5,-0.125
kuet,KUET,7.0,3.20 - 3.49,3.50 - 3.74,Very satisfied,60-74%,7-10 hrs,Occasionally when necessary,About half,5-6 hrs,Rarely,11-15 hrs,Somewhat different,Sometimes,Very distracting,Strong support,Very dissatisfied,Completely,Completely unmanageable,CE,CE,C2_3_50_to_3_74,C1_3_20_to_3_49,False,0,2,4,2,2,0,2,1,1,3,2,0,4,0,4,2,1,3.62,0.875,4,0.375,0.333,0.5,0.5,0.25,0.0,0.5
kuet,KUET,7.0,Below,3.75+,Very dissatisfied,90% or more,11-15 hrs,Occasionally when necessary,A little,6-7 hrs,Sometimes,More than 15 hrs,Close to what I wanted,Never,Neither good nor bad,No support,Very satisfied,Completely,Completely unmanageable,EEE,EEE,C3_3_75_plus,C0_below_3_20,False,4,3,0,4,3,0,1,2,2,4,0,2,0,0,4,3,0,3.87,0.875,4,0.688,0.333,0.25,0.917,0.188,0.75,0.75
kuet,KUET,7.0,3.50 - 3.74,3.50 - 3.74,Very dissatisfied,60-74%,3-6 hrs,Mostly just before exams,A little,7-8 hrs,Often,1-5 hrs,Somewhat different,Sometimes,Mostly suitable,Strong support,Very dissatisfied,Somewhat,Mostly manageable,CE,CE,C2_3_50_to_3_74,C2_3_50_to_3_74,False,0,2,0,2,1,1,1,3,3,1,2,3,4,3,2,2,2,3.62,0.875,4,0.375,0.583,0.875,0.333,0.062,-0.25,0.125
kuet,KUET,7.0,3.50 - 3.74,3.75+,Very satisfied,75-89%,3-6 hrs,Consistent throughout the semester,Almost everything,Less than 5 hrs,Sometimes,11-15 hrs,Not at all what I wanted,Sometimes,Very distracting,Very little support,Neutral,Slightly,Mostly manageable,URP,URP,C3_3_75_plus,C2_3_50_to_3_74,False,2,0,4,3,1,4,4,0,2,3,2,0,1,3,1,3,2,3.87,0.875,4,0.625,0.417,0.125,0.25,0.25,-0.25,0.25
kuet,KUET,7.0,3.75+,3.2 - 3.49,Neutral,90% or more,3-6 hrs,Occasionally when necessary,About half,Less than 5 hrs,Almost always,None,Mostly different,Often,Very distracting,Very little support,Very satisfied,Somewhat,Mostly manageable,ARCH,ARCH,C1_3_20_to_3_49,C3_3_75_plus,False,4,1,2,4,1,0,2,0,4,0,3,0,1,3,2,1,3,3.35,0.875,4,0.375,0.25,0.125,0.583,0.125,-0.5,0.125
kuet,KUET,7.0,3.20 - 3.49,3.75+,Very satisfied,75-89%,11-15 hrs,Mostly consistent routine,A little,7-8 hrs,Rarely,More than 15 hrs,Somewhat different,Almost every day,Neither good nor bad,Good support,Neutral,Completely,Mostly manageable,EEE,EEE,C3_3_75_plus,C1_3_20_to_3_49,False,2,2,4,3,3,3,1,3,1,4,4,2,3,3,4,3,1,3.87,0.875,4,0.562,0.75,0.625,0.667,0.188,-0.25,0.25
kuet,KUET,7.0,3.75+,Below,Very dissatisfied,90% or more,Less than 3 hrs,Mostly just before exams,Almost nothing,Less than 5 hrs,Sometimes,6-10 hrs,"Yes, exactly what I wanted",Often,Very distracting,Very little support,Very dissatisfied,Not at all,Difficult to manage,ME,ME,C0_below_3_20,C3_3_75_plus,False,0,4,0,4,0,1,0,0,2,2,3,0,1,1,0,0,3,3.0,0.875,4,0.375,0.25,0.125,0.333,0.0,-0.75,0.375
kuet,KUET,7.0,3.50 - 3.74,3.75+,Very satisfied,60-74%,Less than 3 hrs,Mostly consistent routine,Almost everything,More than 8 hrs,Never,None,"Yes, exactly what I wanted",Never,Very distracting,Very little support,Very satisfied,Somewhat,Difficult to manage,EEE,EEE,C3_3_75_plus,C2_3_50_to_3_74,False,4,4,4,2,0,3,4,4,0,0,0,0,1,1,2,3,2,3.87,0.875,4,0.562,0.75,0.125,0.833,0.0,0.0,-0.125
kuet,KUET,7.0,3.75+,3.50 - 3.74,Very satisfied,90% or more,11-15 hrs,Occasionally when necessary,Almost nothing,6-7 hrs,Almost always,None,Close to what I wanted,Rarely,Mostly suitable,Good support,Very dissatisfied,Slightly,Difficult to manage,LE,LE,C2_3_50_to_3_74,C3_3_75_plus,False,0,3,4,4,3,0,0,2,4,0,1,3,3,1,1,2,3,3.62,0.875,4,0.625,0.25,0.75,0.333,0.0,0.5,0.375
kuet,KUET,7.0,3.75+,Below,Very dissatisfied,75-89%,7-10 hrs,Regularly but not every day,Almost nothing,7-8 hrs,Often,6-10 hrs,Close to what I wanted,Never,Very distracting,Good support,Neutral,Slightly,Mostly manageable,MTE,MTE,C0_below_3_20,C3_3_75_plus,False,2,3,0,3,2,2,0,3,3,2,0,0,3,3,1,0,3,3.0,0.875,4,0.688,0.583,0.375,0.5,0.0,0.5,0.25
kuet,KUET,7.0,3.20 - 3.49,3.50 - 3.74,Very dissatisfied,60-74%,3-6 hrs,Mostly consistent routine,A little,7-8 hrs,Sometimes,More than 15 hrs,"Yes, exactly what I wanted",Sometimes,Somewhat distracting,Some support,Very dissatisfied,Mostly,Completely unmanageable,TE,TE,C2_3_50_to_3_74,C1_3_20_to_3_49,False,0,4,0,2,1,3,1,3,2,4,2,1,2,0,3,2,1,3.62,0.875,4,0.5,0.417,0.375,0.583,0.062,-0.25,0.75
kuet,KUET,7.0,3.50 - 3.74,3.50 - 3.74,Very dissatisfied,60-74%,7-10 hrs,Occasionally when necessary,Most of it,More than 8 hrs,Sometimes,6-10 hrs,Not at all what I wanted,Almost every day,Excellent for focused study,Very little support,Very dissatisfied,Somewhat,Mostly manageable,BECM,BECM,C2_3_50_to_3_74,C2_3_50_to_3_74,False,0,0,0,2,2,0,3,4,2,2,4,4,1,3,2,2,2,3.62,0.875,4,0.25,0.75,0.625,0.167,0.375,-0.5,0.125
kuet,KUET,7.0,3.20 - 3.49,3.50 - 3.74,Very dissatisfied,75-89%,7-10 hrs,Occasionally when necessary,Almost everything,7-8 hrs,Rarely,6-10 hrs,Not at all what I wanted,Almost every day,Mostly suitable,Very little support,Neutral,Mostly,Completely unmanageable,EEE,EEE,C2_3_50_to_3_74,C1_3_20_to_3_49,False,2,0,0,3,2,0,4,3,1,2,4,3,1,0,3,2,1,3.62,0.875,4,0.312,0.5,0.5,0.417,0.5,-0.5,0.375
kuet,KUET,7.0,3.20 - 3.49,3.75+,Neutral,90% or more,More than 15 hrs,Regularly but not every day,Almost nothing,More than 8 hrs,Rarely,11-15 hrs,"Yes, exactly what I wanted",Sometimes,Mostly suitable,Strong support,Very dissatisfied,Slightly,Average,CE,CE,C3_3_75_plus,C1_3_20_to_3_49,False,0,4,2,4,4,2,0,4,1,3,2,3,4,2,1,3,1,3.87,0.875,4,0.75,0.75,0.875,0.417,0.0,0.5,0.25
kuet,KUET,7.0,3.20 - 3.49,Below,Very dissatisfied,75-89%,7-10 hrs,Consistent throughout the semester,About half,6-7 hrs,Sometimes,11-15 hrs,Close to what I wanted,Often,Very distracting,Some support,Neutral,Somewhat,Completely unmanageable,EEE,EEE,C0_below_3_20,C1_3_20_to_3_49,False,2,3,0,3,2,4,2,2,2,3,3,0,2,0,2,0,1,3.0,0.875,4,0.625,0.333,0.25,0.583,0.25,-0.25,0.625
kuet,KUET,7.0,Below,3.2 - 3.49,Neutral,75-89%,7-10 hrs,Regularly but not every day,A little,More than 8 hrs,Never,1-5 hrs,"Yes, exactly what I wanted",Rarely,Very distracting,Strong support,Very dissatisfied,Not at all,Completely unmanageable,CE,CE,C1_3_20_to_3_49,C0_below_3_20,False,0,4,2,3,2,2,1,4,0,1,1,0,4,0,0,1,0,3.35,0.875,4,0.625,0.667,0.5,0.333,0.125,0.25,0.125
kuet,KUET,7.0,Below,3.2 - 3.49,Very dissatisfied,75-89%,Less than 3 hrs,Occasionally when necessary,About half,Less than 5 hrs,Almost always,More than 15 hrs,Close to what I wanted,Sometimes,Mostly suitable,No support,Very dissatisfied,Somewhat,Completely unmanageable,URP,URP,C1_3_20_to_3_49,C0_below_3_20,False,0,3,0,3,0,0,2,0,4,4,2,3,0,0,2,1,0,3.35,0.875,4,0.312,0.0,0.375,0.417,0.0,-0.5,1.0
kuet,KUET,7.0,3.20 - 3.49,3.2 - 3.49,Very dissatisfied,60-74%,3-6 hrs,Consistent throughout the semester,Almost everything,7-8 hrs,Rarely,1-5 hrs,"Yes, exactly what I wanted",Almost every day,Excellent for focused study,Very little support,Very dissatisfied,Completely,Average,ARCH,ARCH,C1_3_20_to_3_49,C1_3_20_to_3_49,False,0,4,0,2,1,4,4,3,1,1,4,4,1,2,4,1,1,3.35,0.875,4,0.438,0.667,0.625,0.667,0.25,-0.75,0.0
kuet,KUET,7.0,3.75+,3.50 - 3.74,Very dissatisfied,90% or more,3-6 hrs,Mostly consistent routine,Most of it,Less than 5 hrs,Often,More than 15 hrs,Mostly different,Sometimes,Excellent for focused study,No support,Very dissatisfied,Slightly,Difficult to manage,EEE,EEE,C2_3_50_to_3_74,C3_3_75_plus,False,0,1,0,4,1,3,3,0,3,4,2,4,0,1,1,2,3,3.62,0.875,4,0.625,0.167,0.5,0.167,0.188,-0.25,0.75
kuet,KUET,7.0,3.50 - 3.74,3.50 - 3.74,Very dissatisfied,90% or more,11-15 hrs,Occasionally when necessary,Almost everything,6-7 hrs,Never,6-10 hrs,Not at all what I wanted,Rarely,Excellent for focused study,Some support,Neutral,Completely,Very healthy and balanced,ME,ME,C2_3_50_to_3_74,C2_3_50_to_3_74,False,2,0,0,4,3,0,4,2,0,2,1,4,2,4,4,2,2,3.62,0.875,4,0.625,0.833,0.75,0.5,0.75,0.5,-0.25
kuet,KUET,7.0,Below,3.75+,Very dissatisfied,90% or more,11-15 hrs,Mostly consistent routine,Almost everything,5-6 hrs,Never,More than 15 hrs,Close to what I wanted,Never,Very distracting,No support,Very satisfied,Mostly,Mostly manageable,EEE,EEE,C3_3_75_plus,C0_below_3_20,False,4,3,0,4,3,3,4,1,0,4,0,0,0,3,3,3,0,3.87,0.875,4,0.875,0.667,0.0,0.833,0.75,0.75,0.125
kuet,KUET,7.0,3.75+,3.50 - 3.74,Very dissatisfied,60-74%,Less than 3 hrs,Occasionally when necessary,A little,5-6 hrs,Almost always,None,"Yes, exactly what I wanted",Almost every day,Mostly suitable,Good support,Neutral,Mostly,Very healthy and balanced,MSE,MSE,C2_3_50_to_3_74,C3_3_75_plus,False,2,4,0,2,0,0,1,1,4,0,4,3,3,4,3,2,3,3.62,0.875,4,0.125,0.417,0.75,0.75,0.0,-1.0,0.0
kuet,KUET,7.0,3.20 - 3.49,3.2 - 3.49,Very dissatisfied,60-74%,3-6 hrs,Mostly just before exams,Most of it,5-6 hrs,Often,6-10 hrs,"Yes, exactly what I wanted",Often,Mostly suitable,Good support,Very satisfied,Slightly,Mostly manageable,MSE,MSE,C1_3_20_to_3_49,C1_3_20_to_3_49,False,4,4,0,2,1,1,3,1,3,2,3,3,3,3,1,1,1,3.35,0.875,4,0.312,0.417,0.75,0.75,0.188,-0.5,0.25
kuet,KUET,7.0,Below,3.75+,Very dissatisfied,75-89%,Less than 3 hrs,Mostly consistent routine,Most of it,5-6 hrs,Almost always,6-10 hrs,"Yes, exactly what I wanted",Rarely,Neither good nor bad,Good support,Very satisfied,Mostly,Mostly manageable,EEE,EEE,C3_3_75_plus,C0_below_3_20,False,4,4,0,3,0,3,3,1,4,2,1,2,3,3,3,3,0,3.87,0.875,4,0.562,0.333,0.625,0.917,0.0,-0.25,0.375
kuet,KUET,7.0,3.75+,3.2 - 3.49,Neutral,90% or more,Less than 3 hrs,Regularly but not every day,Almost nothing,7-8 hrs,Sometimes,11-15 hrs,Mostly different,Almost every day,Very distracting,Some support,Very dissatisfied,Not at all,Average,CE,CE,C1_3_20_to_3_49,C3_3_75_plus,False,0,1,2,4,0,2,0,3,2,3,4,0,2,2,0,1,3,3.35,0.875,4,0.375,0.583,0.25,0.083,0.0,-1.0,0.375
kuet,KUET,7.0,3.20 - 3.49,Below,Neutral,75-89%,Less than 3 hrs,Occasionally when necessary,Most of it,5-6 hrs,Almost always,6-10 hrs,Mostly different,Sometimes,Very distracting,Good support,Very satisfied,Slightly,Very healthy and balanced,MSE,MSE,C0_below_3_20,C1_3_20_to_3_49,False,4,1,2,3,0,0,3,1,4,2,2,0,3,4,1,0,1,3.0,0.875,4,0.312,0.417,0.375,0.5,0.0,-0.5,0.25
kuet,KUET,7.0,3.50 - 3.74,3.2 - 3.49,Very dissatisfied,60-74%,Less than 3 hrs,Occasionally when necessary,Almost nothing,Less than 5 hrs,Sometimes,11-15 hrs,Mostly different,Rarely,Mostly suitable,Some support,Neutral,Not at all,Completely unmanageable,ECE,ECE,C1_3_20_to_3_49,C2_3_50_to_3_74,False,2,1,0,2,0,0,0,0,2,3,1,3,2,0,0,1,2,3.35,0.875,4,0.312,0.167,0.625,0.25,0.0,-0.25,0.625
kuet,KUET,7.0,3.75+,3.75+,Very satisfied,75-89%,Less than 3 hrs,Occasionally when necessary,Almost nothing,5-6 hrs,Rarely,None,Somewhat different,Never,Neither good nor bad,Some support,Very dissatisfied,Slightly,Difficult to manage,ME,ME,C3_3_75_plus,C3_3_75_plus,False,0,2,4,3,0,0,0,1,1,0,0,2,2,1,1,3,3,3.87,0.875,4,0.438,0.417,0.5,0.25,0.0,0.0,0.0
kuet,KUET,7.0,3.20 - 3.49,3.50 - 3.74,Very dissatisfied,75-89%,11-15 hrs,Mostly just before exams,A little,5-6 hrs,Almost always,1-5 hrs,Mostly different,Sometimes,Neither good nor bad,Some support,Very dissatisfied,Somewhat,Mostly manageable,ECE,ECE,C2_3_50_to_3_74,C1_3_20_to_3_49,False,0,1,0,3,3,1,1,1,4,1,2,2,2,3,2,2,1,3.62,0.875,4,0.562,0.333,0.5,0.25,0.188,0.25,0.25
kuet,KUET,7.0,Below,Below,Very dissatisfied,90% or more,More than 15 hrs,Regularly but not every day,About half,Less than 5 hrs,Almost always,11-15 hrs,Somewhat different,Rarely,Somewhat distracting,No support,Very dissatisfied,Completely,Average,IEM,IEM,C0_below_3_20,C0_below_3_20,False,0,2,0,4,4,2,2,0,4,3,1,1,0,2,4,0,0,3.0,0.875,4,0.812,0.167,0.125,0.5,0.5,0.75,0.625
kuet,KUET,7.0,3.20 - 3.49,Below,Very dissatisfied,90% or more,11-15 hrs,Mostly just before exams,About half,6-7 hrs,Sometimes,1-5 hrs,Close to what I wanted,Often,Excellent for focused study,Good support,Neutral,Somewhat,Completely unmanageable,MSE,MSE,C0_below_3_20,C1_3_20_to_3_49,False,2,3,0,4,3,1,2,2,2,1,3,4,3,0,2,0,1,3.0,0.875,4,0.562,0.333,0.875,0.583,0.375,0.0,0.375
kuet,KUET,7.0,Below,3.2 - 3.49,Very dissatisfied,75-89%,Less than 3 hrs,Regularly but not every day,Almost nothing,Less than 5 hrs,Sometimes,1-5 hrs,"Yes, exactly what I wanted",Often,Neither good nor bad,Strong support,Very satisfied,Somewhat,Average,ECE,ECE,C1_3_20_to_3_49,C0_below_3_20,False,4,4,0,3,0,2,0,0,2,1,3,2,4,2,2,1,0,3.35,0.875,4,0.375,0.333,0.75,0.833,0.0,-0.75,0.125
kuet,KUET,7.0,3.20 - 3.49,3.75+,Very satisfied,90% or more,7-10 hrs,Regularly but not every day,About half,5-6 hrs,Often,None,Somewhat different,Sometimes,Somewhat distracting,Strong support,Very satisfied,Somewhat,Mostly manageable,CE,CE,C3_3_75_plus,C1_3_20_to_3_49,False,4,2,4,4,2,2,2,1,3,0,2,1,4,3,2,3,1,3.87,0.875,4,0.625,0.417,0.625,0.667,0.25,0.0,0.0
kuet,KUET,7.0,Below,Below,Neutral,75-89%,3-6 hrs,Occasionally when necessary,About half,5-6 hrs,Almost always,1-5 hrs,Close to what I wanted,Often,Mostly suitable,Some support,Very dissatisfied,Completely,Mostly manageable,ECE,ECE,C0_below_3_20,C0_below_3_20,False,0,3,2,3,1,0,2,1,4,1,3,3,2,3,4,0,0,3.0,0.875,4,0.312,0.333,0.625,0.583,0.125,-0.5,0.25
kuet,KUET,7.0,3.75+,Below,Very dissatisfied,75-89%,11-15 hrs,Mostly consistent routine,A little,5-6 hrs,Rarely,11-15 hrs,Mostly different,Almost every day,Neither good nor bad,No support,Very dissatisfied,Mostly,Completely unmanageable,ME,ME,C0_below_3_20,C3_3_75_plus,False,0,1,0,3,3,3,1,1,1,3,4,2,0,0,3,0,3,3.0,0.875,4,0.562,0.333,0.25,0.333,0.188,-0.25,0.5
kuet,KUET,7.0,3.50 - 3.74,3.75+,Neutral,75-89%,More than 15 hrs,Consistent throughout the semester,Most of it,7-8 hrs,Almost always,6-10 hrs,Close to what I wanted,Almost every day,Very distracting,Strong support,Very dissatisfied,Not at all,Mostly manageable,EEE,EEE,C3_3_75_plus,C2_3_50_to_3_74,False,0,3,2,3,4,4,3,3,4,2,4,0,4,3,0,3,2,3.87,0.875,4,0.688,0.5,0.5,0.25,0.75,0.0,0.375
kuet,KUET,7.0,3.75+,3.50 - 3.74,Neutral,60-74%,3-6 hrs,Occasionally when necessary,Most of it,More than 8 hrs,Almost always,None,"Yes, exactly what I wanted",Often,Neither good nor bad,No support,Neutral,Mostly,Average,ECE,ECE,C2_3_50_to_3_74,C3_3_75_plus,False,2,4,2,2,1,0,3,4,4,0,3,2,0,2,3,2,3,3.62,0.875,4,0.25,0.5,0.25,0.75,0.188,-0.5,0.25
kuet,KUET,7.0,3.50 - 3.74,3.75+,Very dissatisfied,90% or more,7-10 hrs,Consistent throughout the semester,Most of it,7-8 hrs,Sometimes,More than 15 hrs,Mostly different,Almost every day,Neither good nor bad,Strong support,Very dissatisfied,Mostly,Very healthy and balanced,BECM,BECM,C3_3_75_plus,C2_3_50_to_3_74,False,0,1,0,4,2,4,3,3,2,4,4,2,4,4,3,3,2,3.87,0.875,4,0.625,0.75,0.75,0.333,0.375,-0.5,0.25
kuet,KUET,7.0,3.20 - 3.49,3.50 - 3.74,Neutral,90% or more,3-6 hrs,Occasionally when necessary,Almost nothing,7-8 hrs,Never,None,Close to what I wanted,Rarely,Mostly suitable,Good support,Very satisfied,Slightly,Difficult to manage,ECE,ECE,C2_3_50_to_3_74,C1_3_20_to_3_49,False,4,3,2,4,1,0,0,3,0,0,1,3,3,1,1,2,1,3.62,0.875,4,0.5,0.667,0.75,0.667,0.0,0.0,-0.125
kuet,KUET,1.0,Below,Below,Very dissatisfied,40-59%,Less than 3 hrs,Mostly just before exams,Almost nothing,5-6 hrs,Sometimes,1-5 hrs,"Yes, exactly what I wanted",Almost every day,Neither good nor bad,Very little support,Neutral,Not at all,Difficult to manage,EEE,EEE,C0_below_3_20,C0_below_3_20,False,2,4,0,1,0,1,0,1,2,1,4,2,1,1,0,0,0,3.0,0.125,1,0.125,0.333,0.375,0.5,0.0,-1.0,0.25
kuet,KUET,7.0,3.75+,3.50 - 3.74,Very satisfied,60-74%,Less than 3 hrs,Occasionally when necessary,Most of it,Less than 5 hrs,Sometimes,6-10 hrs,"Yes, exactly what I wanted",Sometimes,Neither good nor bad,Good support,Very dissatisfied,Somewhat,Very healthy and balanced,MSE,MSE,C2_3_50_to_3_74,C3_3_75_plus,False,0,4,4,2,0,0,3,0,2,2,2,2,3,4,2,2,3,3.62,0.875,4,0.25,0.5,0.625,0.5,0.0,-0.5,0.0
kuet,KUET,7.0,Below,3.2 - 3.49,Very dissatisfied,90% or more,3-6 hrs,Mostly just before exams,Most of it,More than 8 hrs,Almost always,11-15 hrs,Mostly different,Often,Excellent for focused study,No support,Very dissatisfied,Mostly,Mostly manageable,ME,ME,C1_3_20_to_3_49,C0_below_3_20,False,0,1,0,4,1,1,3,4,4,3,3,4,0,3,3,1,0,3.35,0.875,4,0.438,0.583,0.5,0.333,0.188,-0.5,0.5
kuet,KUET,7.0,3.75+,3.75+,Very dissatisfied,60-74%,7-10 hrs,Occasionally when necessary,Most of it,5-6 hrs,Often,1-5 hrs,"Yes, exactly what I wanted",Rarely,Somewhat distracting,Very little support,Neutral,Completely,Average,MSE,MSE,C3_3_75_plus,C3_3_75_plus,False,2,4,0,2,2,0,3,1,3,1,1,1,1,2,4,3,3,3.87,0.875,4,0.438,0.333,0.25,0.833,0.375,0.25,0.25
kuet,KUET,7.0,3.75+,3.2 - 3.49,Neutral,75-89%,3-6 hrs,Occasionally when necessary,A little,6-7 hrs,Almost always,11-15 hrs,Not at all what I wanted,Never,Somewhat distracting,Good support,Very satisfied,Somewhat,Average,EEE,EEE,C1_3_20_to_3_49,C3_3_75_plus,False,4,0,2,3,1,0,1,2,4,3,0,1,3,2,2,1,3,3.35,0.875,4,0.5,0.333,0.5,0.5,0.062,0.25,0.625
kuet,KUET,7.0,3.20 - 3.49,3.2 - 3.49,Very dissatisfied,90% or more,7-10 hrs,Occasionally when necessary,About half,5-6 hrs,Often,6-10 hrs,Not at all what I wanted,Almost every day,Mostly suitable,Some support,Very dissatisfied,Mostly,Difficult to manage,ECE,ECE,C1_3_20_to_3_49,C1_3_20_to_3_49,False,0,0,0,4,2,0,2,1,3,2,4,3,2,1,3,1,1,3.35,0.875,4,0.375,0.25,0.625,0.25,0.25,-0.5,0.5
kuet,KUET,7.0,Below,Below,Very dissatisfied,60-74%,3-6 hrs,Mostly just before exams,A little,5-6 hrs,Often,6-10 hrs,Mostly different,Sometimes,Neither good nor bad,Strong support,Very dissatisfied,Mostly,Average,MSE,MSE,C0_below_3_20,C0_below_3_20,False,0,1,0,2,1,1,1,1,3,2,2,2,4,2,3,0,0,3.0,0.875,4,0.375,0.333,0.75,0.333,0.062,-0.25,0.375
kuet,KUET,7.0,Below,Below,Very dissatisfied,60-74%,More than 15 hrs,Occasionally when necessary,A little,6-7 hrs,Often,1-5 hrs,"Yes, exactly what I wanted",Sometimes,Excellent for focused study,No support,Very dissatisfied,Completely,Difficult to manage,CE,CE,C0_below_3_20,C0_below_3_20,False,0,4,0,2,4,0,1,2,3,1,2,4,0,1,4,0,0,3.0,0.875,4,0.5,0.333,0.5,0.667,0.25,0.5,0.375
kuet,KUET,7.0,Below,3.50 - 3.74,Very satisfied,75-89%,7-10 hrs,Mostly just before exams,Almost nothing,5-6 hrs,Never,None,"Yes, exactly what I wanted",Never,Very distracting,Strong support,Neutral,Somewhat,Mostly manageable,CSE,CSE,C2_3_50_to_3_74,C0_below_3_20,False,2,4,4,3,2,1,0,1,0,0,0,0,4,3,2,2,0,3.62,0.875,4,0.625,0.667,0.5,0.667,0.0,0.5,-0.375
kuet,KUET,7.0,3.75+,3.75+,Very dissatisfied,60-74%,3-6 hrs,Occasionally when necessary,A little,5-6 hrs,Almost always,1-5 hrs,"Yes, exactly what I wanted",Often,Mostly suitable,Good support,Very dissatisfied,Mostly,Average,MSE,MSE,C3_3_75_plus,C3_3_75_plus,False,0,4,0,2,1,0,1,1,4,1,3,3,3,2,3,3,3,3.87,0.875,4,0.25,0.25,0.75,0.583,0.062,-0.5,0.375
kuet,KUET,7.0,3.50 - 3.74,3.50 - 3.74,Very dissatisfied,90% or more,Less than 3 hrs,Mostly consistent routine,Almost everything,7-8 hrs,Often,1-5 hrs,Not at all what I wanted,Often,Very distracting,No support,Neutral,Not at all,Completely unmanageable,EEE,EEE,C2_3_50_to_3_74,C2_3_50_to_3_74,False,2,0,0,4,0,3,4,3,3,1,3,0,0,0,0,2,2,3.62,0.875,4,0.5,0.333,0.0,0.167,0.0,-0.75,0.5
kuet,KUET,7.0,3.75+,3.50 - 3.74,Very dissatisfied,90% or more,3-6 hrs,Mostly just before exams,About half,6-7 hrs,Sometimes,11-15 hrs,"Yes, exactly what I wanted",Rarely,Very distracting,Very little support,Very dissatisfied,Mostly,Difficult to manage,MSE,MSE,C2_3_50_to_3_74,C3_3_75_plus,False,0,4,0,4,1,1,2,2,2,3,1,0,1,1,3,2,3,3.62,0.875,4,0.562,0.417,0.125,0.583,0.125,0.0,0.5
kuet,KUET,7.0,3.75+,3.50 - 3.74,Neutral,90% or more,Less than 3 hrs,Occasionally when necessary,About half,5-6 hrs,Sometimes,6-10 hrs,Mostly different,Sometimes,Excellent for focused study,Some support,Very dissatisfied,Somewhat,Completely unmanageable,MSE,MSE,C2_3_50_to_3_74,C3_3_75_plus,False,0,1,2,4,0,0,2,1,2,2,2,4,2,0,2,2,3,3.62,0.875,4,0.375,0.25,0.75,0.25,0.0,-0.5,0.5
kuet,KUET,7.0,3.50 - 3.74,3.75+,Neutral,90% or more,Less than 3 hrs,Regularly but not every day,About half,Less than 5 hrs,Never,None,Not at all what I wanted,Rarely,Mostly suitable,Good support,Very dissatisfied,Slightly,Mostly manageable,CE,CE,C3_3_75_plus,C2_3_50_to_3_74,False,0,0,2,4,0,2,2,0,0,0,1,3,3,3,1,3,2,3.87,0.875,4,0.562,0.583,0.75,0.083,0.0,-0.25,-0.375
kuet,KUET,7.0,3.20 - 3.49,3.2 - 3.49,Very satisfied,60-74%,3-6 hrs,Mostly just before exams,About half,7-8 hrs,Often,None,Close to what I wanted,Almost every day,Mostly suitable,Some support,Neutral,Slightly,Very healthy and balanced,ECE,ECE,C1_3_20_to_3_49,C1_3_20_to_3_49,False,2,3,4,2,1,1,2,3,3,0,4,3,2,4,1,1,1,3.35,0.875,4,0.25,0.667,0.625,0.5,0.125,-0.75,-0.125
kuet,KUET,7.0,3.50 - 3.74,3.50 - 3.74,Very satisfied,75-89%,Less than 3 hrs,Consistent throughout the semester,About half,5-6 hrs,Rarely,None,Mostly different,Never,Very distracting,Some support,Very dissatisfied,Not at all,Very healthy and balanced,ME,ME,C2_3_50_to_3_74,C2_3_50_to_3_74,False,0,1,4,3,0,4,2,1,1,0,0,0,2,4,0,2,2,3.62,0.875,4,0.688,0.667,0.25,0.083,0.0,0.0,-0.375
kuet,KUET,7.0,3.20 - 3.49,3.75+,Very dissatisfied,90% or more,11-15 hrs,Consistent throughout the semester,Almost everything,Less than 5 hrs,Sometimes,11-15 hrs,Not at all what I wanted,Often,Excellent for focused study,Some support,Very dissatisfied,Mostly,Mostly manageable,IEM,IEM,C3_3_75_plus,C1_3_20_to_3_49,False,0,0,0,4,3,4,4,0,2,3,3,4,2,3,3,3,1,3.87,0.875,4,0.75,0.417,0.75,0.25,0.75,0.0,0.25
kuet,KUET,7.0,3.20 - 3.49,3.50 - 3.74,Very dissatisfied,75-89%,3-6 hrs,Occasionally when necessary,About half,Less than 5 hrs,Often,1-5 hrs,Somewhat different,Never,Mostly suitable,Very little support,Very dissatisfied,Somewhat,Average,ECE,ECE,C2_3_50_to_3_74,C1_3_20_to_3_49,False,0,2,0,3,1,0,2,0,3,1,0,3,1,2,2,2,1,3.62,0.875,4,0.5,0.25,0.5,0.333,0.125,0.25,0.25
kuet,KUET,7.0,3.50 - 3.74,Below,Very dissatisfied,90% or more,7-10 hrs,Regularly but not every day,A little,More than 8 hrs,Almost always,None,Somewhat different,Sometimes,Neither good nor bad,Strong support,Very satisfied,Slightly,Mostly manageable,CE,CE,C0_below_3_20,C2_3_50_to_3_74,False,4,2,0,4,2,2,1,4,4,0,2,2,4,3,1,0,2,3.0,0.875,4,0.625,0.583,0.75,0.583,0.125,0.0,0.125
kuet,KUET,7.0,3.20 - 3.49,Below,Very satisfied,90% or more,Less than 3 hrs,Occasionally when necessary,A little,6-7 hrs,Never,None,Close to what I wanted,Often,Somewhat distracting,Good support,Very dissatisfied,Completely,Very healthy and balanced,ME,ME,C0_below_3_20,C1_3_20_to_3_49,False,0,3,4,4,0,0,1,2,0,0,3,1,3,4,4,0,1,3.0,0.875,4,0.312,0.833,0.5,0.583,0.0,-0.75,-0.5
kuet,KUET,7.0,Below,3.2 - 3.49,Very dissatisfied,90% or more,More than 15 hrs,Regularly but not every day,A little,6-7 hrs,Often,None,"Yes, exactly what I wanted",Sometimes,Somewhat distracting,Some support,Very dissatisfied,Slightly,Difficult to manage,ECE,ECE,C1_3_20_to_3_49,C0_below_3_20,False,0,4,0,4,4,2,1,2,3,0,2,1,2,1,1,1,0,3.35,0.875,4,0.75,0.333,0.375,0.417,0.25,0.5,0.25
kuet,KUET,7.0,3.20 - 3.49,3.2 - 3.49,Neutral,60-74%,More than 15 hrs,Mostly just before exams,Almost nothing,7-8 hrs,Almost always,None,Close to what I wanted,Rarely,Very distracting,Strong support,Very satisfied,Mostly,Difficult to manage,EEE,EEE,C1_3_20_to_3_49,C1_3_20_to_3_49,False,4,3,2,2,4,1,0,3,4,0,1,0,4,1,3,1,1,3.35,0.875,4,0.625,0.333,0.5,0.833,0.0,0.75,0.375
kuet,KUET,7.0,3.20 - 3.49,3.2 - 3.49,Neutral,60-74%,3-6 hrs,Mostly consistent routine,Almost nothing,7-8 hrs,Almost always,1-5 hrs,"Yes, exactly what I wanted",Often,Neither good nor bad,Good support,Very dissatisfied,Mostly,Average,MSE,MSE,C1_3_20_to_3_49,C1_3_20_to_3_49,False,0,4,2,2,1,3,0,3,4,1,3,2,3,2,3,1,1,3.35,0.875,4,0.438,0.417,0.625,0.583,0.0,-0.5,0.375
kuet,KUET,7.0,3.75+,3.75+,Very dissatisfied,90% or more,More than 15 hrs,Consistent throughout the semester,A little,7-8 hrs,Sometimes,6-10 hrs,Mostly different,Often,Somewhat distracting,Some support,Very dissatisfied,Slightly,Difficult to manage,BECM,BECM,C3_3_75_plus,C3_3_75_plus,False,0,1,0,4,4,4,1,3,2,2,3,1,2,1,1,3,3,3.87,0.875,4,0.812,0.5,0.375,0.167,0.25,0.25,0.375
kuet,KUET,7.0,Below,3.2 - 3.49,Very dissatisfied,75-89%,Less than 3 hrs,Occasionally when necessary,Most of it,Less than 5 hrs,Often,11-15 hrs,"Yes, exactly what I wanted",Almost every day,Neither good nor bad,Good support,Very dissatisfied,Mostly,Difficult to manage,ECE,ECE,C1_3_20_to_3_49,C0_below_3_20,False,0,4,0,3,0,0,3,0,3,3,4,2,3,1,3,1,0,3.35,0.875,4,0.188,0.167,0.625,0.583,0.0,-1.0,0.625
kuet,KUET,7.0,Below,3.75+,Neutral,90% or more,11-15 hrs,Occasionally when necessary,Most of it,5-6 hrs,Never,11-15 hrs,Close to what I wanted,Almost every day,Mostly suitable,Very little support,Very dissatisfied,Slightly,Very healthy and balanced,ME,ME,C3_3_75_plus,C0_below_3_20,False,0,3,2,4,3,0,3,1,0,3,4,3,1,4,1,3,0,3.87,0.875,4,0.438,0.75,0.5,0.333,0.562,-0.25,-0.125
kuet,KUET,7.0,3.75+,3.50 - 3.74,Very dissatisfied,75-89%,3-6 hrs,Mostly just before exams,A little,5-6 hrs,Sometimes,1-5 hrs,Somewhat different,Often,Mostly suitable,Some support,Very dissatisfied,Mostly,Very healthy and balanced,ECE,ECE,C2_3_50_to_3_74,C3_3_75_plus,False,0,2,0,3,1,1,1,1,2,1,3,3,2,4,3,2,3,3.62,0.875,4,0.375,0.583,0.625,0.417,0.062,-0.5,-0.125
kuet,KUET,7.0,Below,3.50 - 3.74,Very dissatisfied,60-74%,More than 15 hrs,Mostly just before exams,Almost everything,Less than 5 hrs,Never,6-10 hrs,Somewhat different,Almost every day,Very distracting,Very little support,Very dissatisfied,Mostly,Completely unmanageable,EEE,EEE,C2_3_50_to_3_74,C0_below_3_20,False,0,2,0,2,4,1,4,0,0,2,4,0,1,0,3,2,0,3.62,0.875,4,0.438,0.333,0.125,0.417,1.0,0.0,0.25
kuet,KUET,7.0,Below,Below,Very dissatisfied,60-74%,3-6 hrs,Mostly just before exams,Most of it,5-6 hrs,Almost always,None,Mostly different,Sometimes,Mostly suitable,Strong support,Very dissatisfied,Completely,Average,MSE,MSE,C0_below_3_20,C0_below_3_20,False,0,1,0,2,1,1,3,1,4,0,2,3,4,2,4,0,0,3.0,0.875,4,0.375,0.25,0.875,0.417,0.188,-0.25,0.25
kuet,KUET,7.0,3.50 - 3.74,Below,Neutral,60-74%,3-6 hrs,Mostly consistent routine,A little,7-8 hrs,Sometimes,None,Mostly different,Rarely,Very distracting,Good support,Very dissatisfied,Mostly,Average,CE,CE,C0_below_3_20,C2_3_50_to_3_74,False,0,1,2,2,1,3,1,3,2,0,1,0,3,2,3,0,2,3.0,0.875,4,0.562,0.583,0.375,0.333,0.062,0.0,0.0
kuet,KUET,7.0,3.50 - 3.74,3.50 - 3.74,Neutral,90% or more,3-6 hrs,Occasionally when necessary,About half,More than 8 hrs,Often,6-10 hrs,Close to what I wanted,Often,Mostly suitable,Some support,Very dissatisfied,Mostly,Average,MSE,MSE,C2_3_50_to_3_74,C2_3_50_to_3_74,False,0,3,2,4,1,0,2,4,3,2,3,3,2,2,3,2,2,3.62,0.875,4,0.375,0.583,0.625,0.5,0.125,-0.5,0.375
kuet,KUET,7.0,3.50 - 3.74,Below,Very dissatisfied,75-89%,Less than 3 hrs,Regularly but not every day,Almost everything,7-8 hrs,Sometimes,11-15 hrs,Somewhat different,Never,Neither good nor bad,Some support,Very satisfied,Not at all,Average,CSE,CSE,C0_below_3_20,C2_3_50_to_3_74,False,4,2,0,3,0,2,4,3,2,3,0,2,2,2,0,0,2,3.0,0.875,4,0.562,0.583,0.5,0.5,0.0,0.0,0.375
kuet,KUET,7.0,3.20 - 3.49,3.2 - 3.49,Very dissatisfied,75-89%,7-10 hrs,Regularly but not every day,Most of it,5-6 hrs,Often,1-5 hrs,Not at all what I wanted,Sometimes,Somewhat distracting,No support,Very satisfied,Somewhat,Difficult to manage,EEE,EEE,C1_3_20_to_3_49,C1_3_20_to_3_49,False,4,0,0,3,2,2,3,1,3,1,2,1,0,1,2,1,1,3.35,0.875,4,0.562,0.25,0.125,0.5,0.375,0.0,0.375
kuet,KUET,7.0,3.50 - 3.74,3.2 - 3.49,Very satisfied,75-89%,Less than 3 hrs,Mostly just before exams,A little,7-8 hrs,Almost always,More than 15 hrs,Somewhat different,Sometimes,Excellent for focused study,Some support,Very dissatisfied,Mostly,Average,ECE,ECE,C1_3_20_to_3_49,C2_3_50_to_3_74,False,0,2,4,3,0,1,1,3,4,4,2,4,2,2,3,1,2,3.35,0.875,4,0.375,0.417,0.75,0.417,0.0,-0.5,0.75
kuet,KUET,7.0,3.20 - 3.49,3.2 - 3.49,Neutral,75-89%,Less than 3 hrs,Mostly consistent routine,A little,5-6 hrs,Sometimes,None,Close to what I wanted,Rarely,Mostly suitable,Good support,Very dissatisfied,Somewhat,Mostly manageable,CE,CE,C1_3_20_to_3_49,C1_3_20_to_3_49,False,0,3,2,3,0,3,1,1,2,0,1,3,3,3,2,1,1,3.35,0.875,4,0.562,0.5,0.75,0.417,0.0,-0.25,-0.125
kuet,KUET,7.0,3.50 - 3.74,3.2 - 3.49,Neutral,90% or more,More than 15 hrs,Occasionally when necessary,Almost nothing,7-8 hrs,Sometimes,More than 15 hrs,Close to what I wanted,Almost every day,Mostly suitable,Some support,Neutral,Mostly,Very healthy and balanced,ME,ME,C1_3_20_to_3_49,C2_3_50_to_3_74,False,2,3,2,4,4,0,0,3,2,4,4,3,2,4,3,1,2,3.35,0.875,4,0.5,0.75,0.625,0.667,0.0,0.0,0.25
kuet,KUET,7.0,Below,Below,Very dissatisfied,60-74%,3-6 hrs,Regularly but not every day,About half,Less than 5 hrs,Often,None,Somewhat different,Often,Very distracting,Some support,Neutral,Mostly,Average,MSE,MSE,C0_below_3_20,C0_below_3_20,False,2,2,0,2,1,2,2,0,3,0,3,0,2,2,3,0,0,3.0,0.875,4,0.375,0.25,0.25,0.583,0.125,-0.5,0.125
kuet,KUET,7.0,3.75+,Below,Very satisfied,90% or more,7-10 hrs,Mostly consistent routine,Almost nothing,7-8 hrs,Sometimes,11-15 hrs,"Yes, exactly what I wanted",Almost every day,Mostly suitable,Good support,Very dissatisfied,Mostly,Average,IEM,IEM,C0_below_3_20,C3_3_75_plus,False,0,4,4,4,2,3,0,3,2,3,4,3,3,2,3,0,3,3.0,0.875,4,0.562,0.583,0.75,0.583,0.0,-0.5,0.375
kuet,KUET,7.0,3.20 - 3.49,3.2 - 3.49,Very dissatisfied,90% or more,7-10 hrs,Regularly but not every day,Almost nothing,6-7 hrs,Sometimes,11-15 hrs,Somewhat different,Often,Neither good nor bad,Strong support,Neutral,Somewhat,Mostly manageable,MSE,MSE,C1_3_20_to_3_49,C1_3_20_to_3_49,False,2,2,0,4,2,2,0,2,2,3,3,2,4,3,2,1,1,3.35,0.875,4,0.562,0.583,0.75,0.5,0.0,-0.25,0.25
kuet,KUET,7.0,Below,3.2 - 3.49,Very dissatisfied,75-89%,3-6 hrs,Occasionally when necessary,Almost everything,Less than 5 hrs,Sometimes,1-5 hrs,"Yes, exactly what I wanted",Often,Excellent for focused study,Strong support,Very dissatisfied,Mostly,Very healthy and balanced,CE,CE,C1_3_20_to_3_49,C0_below_3_20,False,0,4,0,3,1,0,4,0,2,1,3,4,4,4,3,1,0,3.35,0.875,4,0.312,0.5,1.0,0.583,0.25,-0.5,-0.125
kuet,KUET,7.0,3.20 - 3.49,Below,Very satisfied,90% or more,3-6 hrs,Consistent throughout the semester,A little,5-6 hrs,Never,11-15 hrs,Not at all what I wanted,Never,Mostly suitable,Very little support,Very satisfied,Slightly,Average,ME,ME,C0_below_3_20,C1_3_20_to_3_49,False,4,0,4,4,1,4,1,1,0,3,0,3,1,2,1,0,1,3.0,0.875,4,0.812,0.583,0.5,0.417,0.062,0.25,0.125
kuet,KUET,7.0,3.50 - 3.74,3.50 - 3.74,Neutral,60-74%,3-6 hrs,Mostly just before exams,A little,5-6 hrs,Often,None,Close to what I wanted,Sometimes,Neither good nor bad,Very little support,Very dissatisfied,Mostly,Mostly manageable,ECE,ECE,C2_3_50_to_3_74,C2_3_50_to_3_74,False,0,3,2,2,1,1,1,1,3,0,2,2,1,3,3,2,2,3.62,0.875,4,0.375,0.417,0.375,0.5,0.062,-0.25,0.0
kuet,KUET,7.0,3.20 - 3.49,Below,Very satisfied,60-74%,Less than 3 hrs,Occasionally when necessary,Most of it,More than 8 hrs,Sometimes,6-10 hrs,Not at all what I wanted,Often,Very distracting,Some support,Very dissatisfied,Not at all,Very healthy and balanced,EEE,EEE,C0_below_3_20,C1_3_20_to_3_49,False,0,0,4,2,0,0,3,4,2,2,3,0,2,4,0,0,1,3.0,0.875,4,0.188,0.833,0.25,0.0,0.0,-0.75,0.0
kuet,KUET,7.0,3.50 - 3.74,3.50 - 3.74,Neutral,60-74%,3-6 hrs,Consistent throughout the semester,Most of it,6-7 hrs,Sometimes,1-5 hrs,"Yes, exactly what I wanted",Rarely,Neither good nor bad,Good support,Very satisfied,Somewhat,Average,ECE,ECE,C2_3_50_to_3_74,C2_3_50_to_3_74,False,4,4,2,2,1,4,3,2,2,1,1,2,3,2,2,2,2,3.62,0.875,4,0.625,0.5,0.625,0.833,0.188,0.0,0.125
kuet,KUET,7.0,3.20 - 3.49,3.75+,Very dissatisfied,75-89%,11-15 hrs,Mostly just before exams,A little,5-6 hrs,Never,11-15 hrs,Mostly different,Often,Somewhat distracting,Some support,Very dissatisfied,Not at all,Very healthy and balanced,BECM,BECM,C3_3_75_plus,C1_3_20_to_3_49,False,0,1,0,3,3,1,1,1,0,3,3,1,2,4,0,3,1,3.87,0.875,4,0.5,0.75,0.375,0.083,0.188,0.0,-0.125
kuet,KUET,7.0,3.50 - 3.74,3.50 - 3.74,Neutral,60-74%,3-6 hrs,Regularly but not every day,Almost nothing,Less than 5 hrs,Never,6-10 hrs,"Yes, exactly what I wanted",Sometimes,Mostly suitable,Very little support,Very dissatisfied,Not at all,Average,ME,ME,C2_3_50_to_3_74,C2_3_50_to_3_74,False,0,4,2,2,1,2,0,0,0,2,2,3,1,2,0,2,2,3.62,0.875,4,0.438,0.5,0.5,0.333,0.0,-0.25,0.0
kuet,KUET,7.0,3.75+,3.2 - 3.49,Neutral,60-74%,7-10 hrs,Consistent throughout the semester,Almost everything,7-8 hrs,Almost always,More than 15 hrs,Close to what I wanted,Sometimes,Very distracting,Some support,Neutral,Slightly,Very healthy and balanced,EEE,EEE,C1_3_20_to_3_49,C3_3_75_plus,False,2,3,2,2,2,4,4,3,4,4,2,0,2,4,1,1,3,3.35,0.875,4,0.625,0.583,0.25,0.5,0.5,0.0,0.5
kuet,KUET,7.0,3.50 - 3.74,3.2 - 3.49,Very dissatisfied,60-74%,7-10 hrs,Regularly but not every day,Most of it,6-7 hrs,Never,1-5 hrs,Close to what I wanted,Never,Somewhat distracting,Strong support,Very dissatisfied,Slightly,Difficult to manage,CE,CE,C1_3_20_to_3_49,C2_3_50_to_3_74,False,0,3,0,2,2,2,3,2,0,1,0,1,4,1,1,1,2,3.35,0.875,4,0.625,0.583,0.625,0.333,0.375,0.5,0.0
kuet,KUET,7.0,3.75+,3.75+,Very satisfied,90% or more,7-10 hrs,Mostly just before exams,A little,Less than 5 hrs,Often,More than 15 hrs,"Yes, exactly what I wanted",Never,Very distracting,Good support,Very dissatisfied,Completely,Average,CSE,CSE,C3_3_75_plus,C3_3_75_plus,False,0,4,4,4,2,1,1,0,3,4,0,0,3,2,4,3,3,3.87,0.875,4,0.688,0.25,0.375,0.667,0.125,0.5,0.625
kuet,KUET,7.0,3.50 - 3.74,3.50 - 3.74,Very dissatisfied,75-89%,7-10 hrs,Occasionally when necessary,About half,More than 8 hrs,Never,11-15 hrs,Not at all what I wanted,Sometimes,Neither good nor bad,Strong support,Very dissatisfied,Mostly,Difficult to manage,EEE,EEE,C2_3_50_to_3_74,C2_3_50_to_3_74,False,0,0,0,3,2,0,2,4,0,3,2,2,4,1,3,2,2,3.62,0.875,4,0.438,0.75,0.75,0.25,0.25,0.0,0.25
kuet,KUET,7.0,3.20 - 3.49,3.75+,Very dissatisfied,75-89%,11-15 hrs,Consistent throughout the semester,Almost nothing,7-8 hrs,Rarely,6-10 hrs,Close to what I wanted,Often,Somewhat distracting,Very little support,Very satisfied,Not at all,Very healthy and balanced,CE,CE,C3_3_75_plus,C1_3_20_to_3_49,False,4,3,0,3,3,4,0,3,1,2,3,1,1,4,0,3,1,3.87,0.875,4,0.688,0.833,0.25,0.583,0.0,0.0,-0.125
kuet,KUET,7.0,3.50 - 3.74,Below,Neutral,60-74%,More than 15 hrs,Mostly consistent routine,A little,5-6 hrs,Rarely,11-15 hrs,Close to what I wanted,Sometimes,Mostly suitable,Strong support,Neutral,Mostly,Difficult to manage,ME,ME,C0_below_3_20,C2_3_50_to_3_74,False,2,3,2,2,4,3,1,1,1,3,2,3,4,1,3,0,2,3.0,0.875,4,0.688,0.417,0.875,0.667,0.25,0.5,0.375
kuet,KUET,7.0,3.50 - 3.74,3.50 - 3.74,Very satisfied,60-74%,Less than 3 hrs,Mostly just before exams,About half,6-7 hrs,Often,None,"Yes, exactly what I wanted",Never,Excellent for focused study,Strong support,Very satisfied,Completely,Very healthy and balanced,IEM,IEM,C2_3_50_to_3_74,C2_3_50_to_3_74,False,4,4,4,2,0,1,2,2,3,0,0,4,4,4,4,2,2,3.62,0.875,4,0.438,0.583,1.0,1.0,0.0,0.0,-0.125
kuet,KUET,7.0,3.75+,3.2 - 3.49,Very dissatisfied,60-74%,7-10 hrs,Regularly but not every day,Almost nothing,7-8 hrs,Sometimes,More than 15 hrs,Not at all what I wanted,Often,Excellent for focused study,No support,Very dissatisfied,Mostly,Difficult to manage,CE,CE,C1_3_20_to_3_49,C3_3_75_plus,False,0,0,0,2,2,2,0,3,2,4,3,4,0,1,3,1,3,3.35,0.875,4,0.438,0.5,0.5,0.25,0.0,-0.25,0.625
kuet,KUET,7.0,3.50 - 3.74,Below,Neutral,75-89%,3-6 hrs,Consistent throughout the semester,Almost everything,7-8 hrs,Almost always,1-5 hrs,Not at all what I wanted,Almost every day,Neither good nor bad,Very little support,Very dissatisfied,Not at all,Completely unmanageable,ME,ME,C0_below_3_20,C2_3_50_to_3_74,False,0,0,2,3,1,4,4,3,4,1,4,2,1,0,0,0,2,3.0,0.875,4,0.5,0.25,0.375,0.0,0.25,-0.75,0.625
kuet,KUET,7.0,3.20 - 3.49,Below,Very dissatisfied,75-89%,7-10 hrs,Consistent throughout the semester,About half,5-6 hrs,Almost always,6-10 hrs,Close to what I wanted,Almost every day,Mostly suitable,Good support,Very dissatisfied,Completely,Very healthy and balanced,EEE,EEE,C0_below_3_20,C1_3_20_to_3_49,False,0,3,0,3,2,4,2,1,4,2,4,3,3,4,4,0,1,3.0,0.875,4,0.562,0.417,0.75,0.583,0.25,-0.5,0.25
kuet,KUET,7.0,3.75+,3.50 - 3.74,Very dissatisfied,60-74%,7-10 hrs,Mostly just before exams,About half,5-6 hrs,Sometimes,1-5 hrs,Mostly different,Often,Mostly suitable,Very little support,Very satisfied,Somewhat,Completely unmanageable,BECM,BECM,C2_3_50_to_3_74,C3_3_75_plus,False,4,1,0,2,2,1,2,1,2,1,3,3,1,0,2,2,3,3.62,0.875,4,0.375,0.25,0.5,0.583,0.25,-0.25,0.375
kuet,KUET,7.0,3.75+,3.75+,Very dissatisfied,60-74%,3-6 hrs,Occasionally when necessary,About half,7-8 hrs,Almost always,6-10 hrs,Close to what I wanted,Sometimes,Very distracting,No support,Very dissatisfied,Completely,Difficult to manage,ME,ME,C3_3_75_plus,C3_3_75_plus,False,0,3,0,2,1,0,2,3,4,2,2,0,0,1,4,3,3,3.87,0.875,4,0.312,0.333,0.0,0.583,0.125,-0.25,0.625
kuet,KUET,7.0,3.75+,3.75+,Very dissatisfied,75-89%,11-15 hrs,Mostly just before exams,Almost everything,5-6 hrs,Sometimes,More than 15 hrs,Mostly different,Sometimes,Neither good nor bad,Some support,Very dissatisfied,Slightly,Mostly manageable,EEE,EEE,C3_3_75_plus,C3_3_75_plus,False,0,1,0,3,3,1,4,1,2,4,2,2,2,3,1,3,3,3.87,0.875,4,0.562,0.5,0.5,0.167,0.75,0.25,0.375
kuet,KUET,7.0,Below,Below,Very dissatisfied,75-89%,11-15 hrs,Occasionally when necessary,Almost nothing,Less than 5 hrs,Almost always,More than 15 hrs,Somewhat different,Never,Excellent for focused study,No support,Very dissatisfied,Mostly,Average,CE,CE,C0_below_3_20,C0_below_3_20,False,0,2,0,3,3,0,0,0,4,4,0,4,0,2,3,0,0,3.0,0.875,4,0.625,0.167,0.5,0.417,0.0,0.75,0.75
kuet,KUET,7.0,3.75+,Below,Very dissatisfied,75-89%,Less than 3 hrs,Mostly consistent routine,Almost everything,5-6 hrs,Almost always,6-10 hrs,"Yes, exactly what I wanted",Almost every day,Very distracting,No support,Very satisfied,Slightly,Average,CSE,CSE,C0_below_3_20,C3_3_75_plus,False,4,4,0,3,0,3,4,1,4,2,4,0,0,2,1,0,3,3.0,0.875,4,0.375,0.25,0.0,0.75,0.0,-1.0,0.5
kuet,KUET,7.0,3.75+,3.2 - 3.49,Very dissatisfied,90% or more,11-15 hrs,Occasionally when necessary,Most of it,Less than 5 hrs,Sometimes,None,Mostly different,Sometimes,Mostly suitable,No support,Very dissatisfied,Completely,Average,TE,TE,C1_3_20_to_3_49,C3_3_75_plus,False,0,1,0,4,3,0,3,0,2,0,2,3,0,2,4,1,3,3.35,0.875,4,0.562,0.333,0.375,0.417,0.562,0.25,0.0
kuet,KUET,7.0,Below,Below,Neutral,90% or more,11-15 hrs,Mostly consistent routine,Almost nothing,6-7 hrs,Never,None,Not at all what I wanted,Sometimes,Neither good nor bad,No support,Very dissatisfied,Slightly,Mostly manageable,URP,URP,C0_below_3_20,C0_below_3_20,False,0,0,2,4,3,3,0,2,0,0,2,2,0,3,1,0,0,3.0,0.875,4,0.75,0.75,0.25,0.083,0.0,0.25,-0.375
kuet,KUET,7.0,3.75+,Below,Very dissatisfied,60-74%,3-6 hrs,Regularly but not every day,Almost everything,Less than 5 hrs,Often,11-15 hrs,"Yes, exactly what I wanted",Rarely,Somewhat distracting,Very little support,Very satisfied,Not at all,Mostly manageable,CE,CE,C0_below_3_20,C3_3_75_plus,False,4,4,0,2,1,2,4,0,3,3,1,1,1,3,0,0,3,3.0,0.875,4,0.5,0.333,0.25,0.667,0.25,0.0,0.375
kuet,KUET,7.0,3.50 - 3.74,3.75+,Very dissatisfied,75-89%,3-6 hrs,Mostly just before exams,About half,6-7 hrs,Rarely,11-15 hrs,Not at all what I wanted,Almost every day,Excellent for focused study,No support,Very satisfied,Slightly,Very healthy and balanced,IEM,IEM,C3_3_75_plus,C2_3_50_to_3_74,False,4,0,0,3,1,1,2,2,1,3,4,4,0,4,1,3,2,3.87,0.875,4,0.312,0.75,0.5,0.417,0.125,-0.75,0.0
kuet,KUET,7.0,Below,Below,Very dissatisfied,75-89%,7-10 hrs,Occasionally when necessary,About half,More than 8 hrs,Almost always,More than 15 hrs,Not at all what I wanted,Almost every day,Mostly suitable,No support,Neutral,Mostly,Very healthy and balanced,MSE,MSE,C0_below_3_20,C0_below_3_20,False,2,0,0,3,2,0,2,4,4,4,4,3,0,4,3,0,0,3.0,0.875,4,0.312,0.667,0.375,0.417,0.25,-0.5,0.5
kuet,KUET,7.0,3.50 - 3.74,3.75+,Very dissatisfied,75-89%,7-10 hrs,Mostly consistent routine,Almost nothing,7-8 hrs,Rarely,1-5 hrs,Close to what I wanted,Almost every day,Neither good nor bad,Very little support,Very satisfied,Completely,Difficult to manage,CE,CE,C3_3_75_plus,C2_3_50_to_3_74,False,4,3,0,3,2,3,0,3,1,1,4,2,1,1,4,3,2,3.87,0.875,4,0.5,0.583,0.375,0.917,0.0,-0.5,0.125
kuet,KUET,7.0,Below,3.50 - 3.74,Very dissatisfied,90% or more,More than 15 hrs,Regularly but not every day,Almost nothing,More than 8 hrs,Rarely,11-15 hrs,Somewhat different,Almost every day,Mostly suitable,Strong support,Very dissatisfied,Completely,Mostly manageable,TE,TE,C2_3_50_to_3_74,C0_below_3_20,False,0,2,0,4,4,2,0,4,1,3,4,3,4,3,4,2,0,3.62,0.875,4,0.625,0.833,0.875,0.5,0.0,0.0,0.125
kuet,KUET,7.0,Below,3.2 - 3.49,Very dissatisfied,60-74%,3-6 hrs,Occasionally when necessary,Almost nothing,More than 8 hrs,Rarely,None,Close to what I wanted,Often,Excellent for focused study,No support,Very satisfied,Mostly,Average,ME,ME,C1_3_20_to_3_49,C0_below_3_20,False,4,3,0,2,1,0,0,4,1,0,3,4,0,2,3,1,0,3.35,0.875,4,0.25,0.75,0.5,0.833,0.0,-0.5,-0.125
kuet,KUET,7.0,3.20 - 3.49,3.75+,Very dissatisfied,75-89%,Less than 3 hrs,Occasionally when necessary,Almost everything,6-7 hrs,Never,None,Somewhat different,Sometimes,Somewhat distracting,Strong support,Neutral,Slightly,Difficult to manage,BECM,BECM,C3_3_75_plus,C1_3_20_to_3_49,False,2,2,0,3,0,0,4,2,0,0,2,1,4,1,1,3,1,3.87,0.875,4,0.312,0.583,0.625,0.417,0.0,-0.5,-0.125
kuet,KUET,7.0,Below,3.75+,Neutral,75-89%,3-6 hrs,Occasionally when necessary,About half,6-7 hrs,Almost always,11-15 hrs,Close to what I wanted,Rarely,Neither good nor bad,Some support,Very dissatisfied,Slightly,Difficult to manage,ChE,ChE,C3_3_75_plus,C0_below_3_20,False,0,3,2,3,1,0,2,2,4,3,1,2,2,1,1,3,0,3.87,0.875,4,0.438,0.25,0.5,0.333,0.125,0.0,0.75
kuet,KUET,7.0,3.20 - 3.49,Below,Neutral,60-74%,3-6 hrs,Regularly but not every day,About half,6-7 hrs,Never,1-5 hrs,Not at all what I wanted,Sometimes,Excellent for focused study,Strong support,Very dissatisfied,Not at all,Completely unmanageable,MTE,MTE,C0_below_3_20,C1_3_20_to_3_49,False,0,0,2,2,1,2,2,2,0,1,2,4,4,0,0,0,1,3.0,0.875,4,0.438,0.5,1.0,0.0,0.125,-0.25,0.125
kuet,KUET,7.0,3.75+,Below,Neutral,75-89%,Less than 3 hrs,Occasionally when necessary,A little,Less than 5 hrs,Rarely,11-15 hrs,Close to what I wanted,Never,Mostly suitable,No support,Very dissatisfied,Not at all,Difficult to manage,ME,ME,C0_below_3_20,C3_3_75_plus,False,0,3,2,3,0,0,1,0,1,3,0,3,0,1,0,0,3,3.0,0.875,4,0.438,0.333,0.375,0.25,0.0,0.0,0.375
kuet,KUET,7.0,Below,3.50 - 3.74,Very dissatisfied,60-74%,More than 15 hrs,Regularly but not every day,About half,More than 8 hrs,Rarely,1-5 hrs,Somewhat different,Often,Somewhat distracting,Very little support,Very dissatisfied,Somewhat,Difficult to manage,URP,URP,C2_3_50_to_3_74,C0_below_3_20,False,0,2,0,2,4,2,2,4,1,1,3,1,1,1,2,2,0,3.62,0.875,4,0.562,0.667,0.25,0.333,0.5,0.25,0.125
kuet,KUET,7.0,3.75+,Below,Neutral,90% or more,7-10 hrs,Mostly consistent routine,Almost everything,Less than 5 hrs,Rarely,6-10 hrs,"Yes, exactly what I wanted",Never,Somewhat distracting,Good support,Very dissatisfied,Somewhat,Mostly manageable,ARCH,ARCH,C0_below_3_20,C3_3_75_plus,False,0,4,2,4,2,3,4,0,1,2,0,1,3,3,2,0,3,3.0,0.875,4,0.812,0.5,0.5,0.5,0.5,0.5,0.0
kuet,KUET,7.0,3.20 - 3.49,3.2 - 3.49,Very dissatisfied,75-89%,3-6 hrs,Regularly but not every day,A little,Less than 5 hrs,Rarely,None,"Yes, exactly what I wanted",Often,Very distracting,Some support,Very dissatisfied,Somewhat,Difficult to manage,CE,CE,C1_3_20_to_3_49,C1_3_20_to_3_49,False,0,4,0,3,1,2,1,0,1,0,3,0,2,1,2,1,1,3.35,0.875,4,0.438,0.333,0.25,0.5,0.062,-0.5,0.0
kuet,KUET,7.0,3.75+,Below,Very dissatisfied,75-89%,More than 15 hrs,Occasionally when necessary,Almost everything,5-6 hrs,Rarely,11-15 hrs,Mostly different,Almost every day,Very distracting,No support,Very dissatisfied,Not at all,Very healthy and balanced,EEE,EEE,C0_below_3_20,C3_3_75_plus,False,0,1,0,3,4,0,4,1,1,3,4,0,0,4,0,0,3,3.0,0.875,4,0.438,0.667,0.0,0.083,1.0,0.0,0.0
kuet,KUET,7.0,3.75+,3.50 - 3.74,Very satisfied,60-74%,Less than 3 hrs,Regularly but not every day,Most of it,7-8 hrs,Sometimes,11-15 hrs,Not at all what I wanted,Rarely,Mostly suitable,Good support,Very dissatisfied,Slightly,Average,CSE,CSE,C2_3_50_to_3_74,C3_3_75_plus,False,0,0,4,2,0,2,3,3,2,3,1,3,3,2,1,2,3,3.62,0.875,4,0.438,0.583,0.75,0.083,0.0,-0.25,0.375
kuet,KUET,7.0,Below,3.50 - 3.74,Neutral,60-74%,More than 15 hrs,Mostly consistent routine,About half,More than 8 hrs,Rarely,More than 15 hrs,Somewhat different,Never,Mostly suitable,Good support,Very satisfied,Mostly,Very healthy and balanced,MSE,MSE,C2_3_50_to_3_74,C0_below_3_20,False,4,2,2,2,4,3,2,4,1,4,0,3,3,4,3,2,0,3.62,0.875,4,0.812,0.917,0.75,0.75,0.5,1.0,0.125
kuet,KUET,7.0,3.20 - 3.49,3.75+,Neutral,90% or more,7-10 hrs,Mostly consistent routine,Almost nothing,6-7 hrs,Almost always,More than 15 hrs,Close to what I wanted,Almost every day,Mostly suitable,Very little support,Very satisfied,Not at all,Mostly manageable,EEE,EEE,C3_3_75_plus,C1_3_20_to_3_49,False,4,3,2,4,2,3,0,2,4,4,4,3,1,3,0,3,1,3.87,0.875,4,0.562,0.417,0.5,0.583,0.0,-0.5,0.625
kuet,KUET,7.0,Below,3.2 - 3.49,Very satisfied,60-74%,Less than 3 hrs,Regularly but not every day,Almost everything,More than 8 hrs,Rarely,11-15 hrs,Close to what I wanted,Often,Somewhat distracting,Strong support,Neutral,Somewhat,Mostly manageable,BECM,BECM,C1_3_20_to_3_49,C0_below_3_20,False,2,3,4,2,0,2,4,4,1,3,3,1,4,3,2,1,0,3.35,0.875,4,0.312,0.833,0.625,0.583,0.0,-0.75,0.125
kuet,KUET,7.0,3.75+,3.75+,Very dissatisfied,75-89%,11-15 hrs,Mostly just before exams,Almost everything,7-8 hrs,Never,6-10 hrs,Not at all what I wanted,Never,Somewhat distracting,Very little support,Very dissatisfied,Completely,Difficult to manage,LE,LE,C3_3_75_plus,C3_3_75_plus,False,0,0,0,3,3,1,4,3,0,2,0,1,1,1,4,3,3,3.87,0.875,4,0.688,0.667,0.25,0.333,0.75,0.75,0.125
kuet,KUET,7.0,3.75+,Below,Very dissatisfied,60-74%,11-15 hrs,Mostly consistent routine,About half,7-8 hrs,Almost always,None,Somewhat different,Sometimes,Neither good nor bad,Good support,Very satisfied,Slightly,Completely unmanageable,EEE,EEE,C0_below_3_20,C3_3_75_plus,False,4,2,0,2,3,3,2,3,4,0,2,2,3,0,1,0,3,3.0,0.875,4,0.625,0.25,0.625,0.583,0.375,0.25,0.5
kuet,KUET,7.0,3.50 - 3.74,3.50 - 3.74,Very satisfied,75-89%,7-10 hrs,Consistent throughout the semester,A little,5-6 hrs,Sometimes,6-10 hrs,Somewhat different,Rarely,Mostly suitable,Good support,Very dissatisfied,Slightly,Difficult to manage,BME,BME,C2_3_50_to_3_74,C2_3_50_to_3_74,False,0,2,4,3,2,4,1,1,2,2,1,3,3,1,1,2,2,3.62,0.875,4,0.75,0.333,0.75,0.25,0.125,0.25,0.375
kuet,KUET,7.0,Below,3.2 - 3.49,Neutral,90% or more,3-6 hrs,Consistent throughout the semester,Almost everything,7-8 hrs,Never,1-5 hrs,Mostly different,Never,Very distracting,No support,Very dissatisfied,Somewhat,Difficult to manage,LE,LE,C1_3_20_to_3_49,C0_below_3_20,False,0,1,2,4,1,4,4,3,0,1,0,0,0,1,2,1,0,3.35,0.875,4,0.812,0.667,0.0,0.25,0.25,0.25,0.0
kuet,KUET,7.0,3.50 - 3.74,3.50 - 3.74,Very satisfied,60-74%,7-10 hrs,Occasionally when necessary,A little,7-8 hrs,Often,1-5 hrs,Mostly different,Often,Somewhat distracting,Some support,Very satisfied,Slightly,Difficult to manage,ESE,ESE,C2_3_50_to_3_74,C2_3_50_to_3_74,False,4,1,4,2,2,0,1,3,3,1,3,1,2,1,1,2,2,3.62,0.875,4,0.312,0.417,0.375,0.5,0.125,-0.25,0.375
kuet,KUET,7.0,Below,3.75+,Very dissatisfied,60-74%,3-6 hrs,Mostly consistent routine,Almost nothing,7-8 hrs,Sometimes,1-5 hrs,Somewhat different,Sometimes,Somewhat distracting,Strong support,Very dissatisfied,Mostly,Difficult to manage,ME,ME,C3_3_75_plus,C0_below_3_20,False,0,2,0,2,1,3,0,3,2,1,2,1,4,1,3,3,0,3.87,0.875,4,0.5,0.5,0.625,0.417,0.0,-0.25,0.25
kuet,KUET,7.0,Below,3.50 - 3.74,Very dissatisfied,90% or more,Less than 3 hrs,Regularly but not every day,Almost everything,6-7 hrs,Never,6-10 hrs,Somewhat different,Often,Very distracting,Very little support,Very dissatisfied,Completely,Completely unmanageable,IEM,IEM,C2_3_50_to_3_74,C0_below_3_20,False,0,2,0,4,0,2,4,2,0,2,3,0,1,0,4,2,0,3.62,0.875,4,0.438,0.5,0.125,0.5,0.0,-0.75,0.25
kuet,KUET,7.0,Below,3.50 - 3.74,Very dissatisfied,75-89%,11-15 hrs,Consistent throughout the semester,A little,More than 8 hrs,Sometimes,11-15 hrs,"Yes, exactly what I wanted",Often,Somewhat distracting,Good support,Very dissatisfied,Somewhat,Difficult to manage,URP,URP,C2_3_50_to_3_74,C0_below_3_20,False,0,4,0,3,3,4,1,4,2,3,3,1,3,1,2,2,0,3.62,0.875,4,0.688,0.583,0.5,0.5,0.188,0.0,0.5
kuet,KUET,7.0,3.20 - 3.49,3.75+,Very dissatisfied,60-74%,3-6 hrs,Consistent throughout the semester,About half,6-7 hrs,Sometimes,6-10 hrs,Somewhat different,Never,Mostly suitable,No support,Very dissatisfied,Slightly,Average,EEE,EEE,C3_3_75_plus,C1_3_20_to_3_49,False,0,2,0,2,1,4,2,2,2,2,0,3,0,2,1,3,1,3.87,0.875,4,0.688,0.5,0.375,0.25,0.125,0.25,0.25
kuet,KUET,7.0,3.75+,3.2 - 3.49,Very dissatisfied,75-89%,Less than 3 hrs,Occasionally when necessary,Almost everything,Less than 5 hrs,Sometimes,More than 15 hrs,Mostly different,Almost every day,Neither good nor bad,No support,Very dissatisfied,Completely,Difficult to manage,CSE,CSE,C1_3_20_to_3_49,C3_3_75_plus,False,0,1,0,3,0,0,4,0,2,4,4,2,0,1,4,1,3,3.35,0.875,4,0.188,0.25,0.25,0.417,0.0,-1.0,0.625
kuet,KUET,7.0,3.20 - 3.49,3.75+,Very satisfied,90% or more,Less than 3 hrs,Mostly just before exams,Almost everything,5-6 hrs,Sometimes,None,Somewhat different,Never,Excellent for focused study,Some support,Neutral,Not at all,Mostly manageable,IEM,IEM,C3_3_75_plus,C1_3_20_to_3_49,False,2,2,4,4,0,1,4,1,2,0,0,4,2,3,0,3,1,3.87,0.875,4,0.562,0.5,0.75,0.333,0.0,0.0,-0.125
kuet,KUET,7.0,3.75+,3.2 - 3.49,Very satisfied,60-74%,Less than 3 hrs,Consistent throughout the semester,About half,Less than 5 hrs,Sometimes,More than 15 hrs,Mostly different,Often,Excellent for focused study,Some support,Very satisfied,Slightly,Average,ESE,ESE,C1_3_20_to_3_49,C3_3_75_plus,False,4,1,4,2,0,4,2,0,2,4,3,4,2,2,1,1,3,3.35,0.875,4,0.438,0.333,0.75,0.5,0.0,-0.75,0.5
kuet,KUET,7.0,3.75+,3.50 - 3.74,Very dissatisfied,60-74%,Less than 3 hrs,Mostly consistent routine,About half,More than 8 hrs,Almost always,11-15 hrs,"Yes, exactly what I wanted",Often,Neither good nor bad,Strong support,Neutral,Not at all,Average,BECM,BECM,C2_3_50_to_3_74,C3_3_75_plus,False,2,4,0,2,0,3,2,4,4,3,3,2,4,2,0,2,3,3.62,0.875,4,0.375,0.5,0.75,0.5,0.0,-0.75,0.625
kuet,KUET,7.0,3.75+,3.75+,Very dissatisfied,75-89%,11-15 hrs,Consistent throughout the semester,A little,More than 8 hrs,Often,1-5 hrs,Not at all what I wanted,Rarely,Somewhat distracting,No support,Very dissatisfied,Completely,Difficult to manage,MSE,MSE,C3_3_75_plus,C3_3_75_plus,False,0,0,0,3,3,4,1,4,3,1,1,1,0,1,4,3,3,3.87,0.875,4,0.812,0.5,0.125,0.333,0.188,0.5,0.375
kuet,KUET,7.0,3.20 - 3.49,3.2 - 3.49,Very dissatisfied,90% or more,More than 15 hrs,Mostly consistent routine,Most of it,5-6 hrs,Never,6-10 hrs,"Yes, exactly what I wanted",Often,Neither good nor bad,Very little support,Very dissatisfied,Somewhat,Mostly manageable,EEE,EEE,C1_3_20_to_3_49,C1_3_20_to_3_49,False,0,4,0,4,4,3,3,1,0,2,3,2,1,3,2,1,1,3.35,0.875,4,0.75,0.667,0.375,0.5,0.75,0.25,-0.125
kuet,KUET,7.0,Below,Below,Very dissatisfied,90% or more,11-15 hrs,Regularly but not every day,About half,5-6 hrs,Rarely,1-5 hrs,Close to what I wanted,Almost every day,Somewhat distracting,Some support,Very dissatisfied,Slightly,Very healthy and balanced,TE,TE,C0_below_3_20,C0_below_3_20,False,0,3,0,4,3,2,2,1,1,1,4,1,2,4,1,0,0,3.0,0.875,4,0.562,0.667,0.375,0.333,0.375,-0.25,-0.25
kuet,KUET,7.0,3.20 - 3.49,3.50 - 3.74,Neutral,75-89%,More than 15 hrs,Occasionally when necessary,About half,More than 8 hrs,Often,None,Somewhat different,Often,Excellent for focused study,Good support,Neutral,Not at all,Average,ME,ME,C2_3_50_to_3_74,C1_3_20_to_3_49,False,2,2,2,3,4,0,2,4,3,0,3,4,3,2,0,2,1,3.62,0.875,4,0.5,0.583,0.875,0.333,0.5,0.25,0.125
kuet,KUET,7.0,Below,3.50 - 3.74,Very dissatisfied,90% or more,7-10 hrs,Regularly but not every day,Most of it,5-6 hrs,Almost always,More than 15 hrs,Mostly different,Sometimes,Neither good nor bad,Some support,Very dissatisfied,Not at all,Mostly manageable,LE,LE,C2_3_50_to_3_74,C0_below_3_20,False,0,1,0,4,2,2,3,1,4,4,2,2,2,3,0,2,0,3.62,0.875,4,0.625,0.333,0.5,0.083,0.375,0.0,0.625
kuet,KUET,7.0,3.20 - 3.49,3.75+,Very dissatisfied,60-74%,7-10 hrs,Mostly just before exams,A little,7-8 hrs,Rarely,6-10 hrs,Close to what I wanted,Sometimes,Mostly suitable,Strong support,Very dissatisfied,Somewhat,Very healthy and balanced,IEM,IEM,C3_3_75_plus,C1_3_20_to_3_49,False,0,3,0,2,2,1,1,3,1,2,2,3,4,4,2,3,1,3.87,0.875,4,0.438,0.833,0.875,0.417,0.125,0.0,-0.125
kuet,KUET,7.0,3.20 - 3.49,3.50 - 3.74,Very dissatisfied,60-74%,More than 15 hrs,Regularly but not every day,About half,More than 8 hrs,Often,None,Not at all what I wanted,Rarely,Very distracting,No support,Very dissatisfied,Mostly,Very healthy and balanced,ARCH,ARCH,C2_3_50_to_3_74,C1_3_20_to_3_49,False,0,0,0,2,4,2,2,4,3,0,1,0,0,4,3,2,1,3.62,0.875,4,0.688,0.75,0.0,0.25,0.5,0.75,-0.125
kuet,KUET,7.0,3.50 - 3.74,Below,Very satisfied,60-74%,More than 15 hrs,Regularly but not every day,About half,5-6 hrs,Never,6-10 hrs,"Yes, exactly what I wanted",Sometimes,Excellent for focused study,Good support,Very dissatisfied,Slightly,Completely unmanageable,CE,CE,C0_below_3_20,C2_3_50_to_3_74,False,0,4,4,2,4,2,2,1,0,2,2,4,3,0,1,0,2,3.0,0.875,4,0.625,0.417,0.875,0.417,0.5,0.5,0.25
kuet,KUET,7.0,3.75+,3.75+,Very dissatisfied,75-89%,11-15 hrs,Mostly consistent routine,Most of it,7-8 hrs,Sometimes,6-10 hrs,Mostly different,Often,Somewhat distracting,No support,Very satisfied,Completely,Very healthy and balanced,ME,ME,C3_3_75_plus,C3_3_75_plus,False,4,1,0,3,3,3,3,3,2,2,3,1,0,4,4,3,3,3.87,0.875,4,0.625,0.75,0.125,0.75,0.562,0.0,0.0
kuet,KUET,7.0,Below,Below,Very dissatisfied,75-89%,7-10 hrs,Occasionally when necessary,Almost everything,6-7 hrs,Almost always,11-15 hrs,Mostly different,Sometimes,Mostly suitable,Good support,Very dissatisfied,Slightly,Completely unmanageable,ME,ME,C0_below_3_20,C0_below_3_20,False,0,1,0,3,2,0,4,2,4,3,2,3,3,0,1,0,0,3.0,0.875,4,0.438,0.167,0.75,0.167,0.5,0.0,0.875
kuet,KUET,7.0,Below,3.50 - 3.74,Very dissatisfied,60-74%,11-15 hrs,Consistent throughout the semester,Almost nothing,7-8 hrs,Often,11-15 hrs,Not at all what I wanted,Rarely,Excellent for focused study,Very little support,Neutral,Slightly,Average,LE,LE,C2_3_50_to_3_74,C0_below_3_20,False,2,0,0,2,3,4,0,3,3,3,1,4,1,2,1,2,0,3.62,0.875,4,0.75,0.5,0.625,0.25,0.0,0.5,0.5
kuet,KUET,7.0,Below,3.50 - 3.74,Very satisfied,90% or more,Less than 3 hrs,Mostly just before exams,About half,5-6 hrs,Never,More than 15 hrs,Somewhat different,Often,Somewhat distracting,Some support,Neutral,Slightly,Completely unmanageable,CE,CE,C2_3_50_to_3_74,C0_below_3_20,False,2,2,4,4,0,1,2,1,0,4,3,1,2,0,1,2,0,3.62,0.875,4,0.375,0.417,0.375,0.417,0.0,-0.75,0.5
kuet,KUET,7.0,3.50 - 3.74,3.75+,Very dissatisfied,60-74%,11-15 hrs,Regularly but not every day,A little,7-8 hrs,Rarely,More than 15 hrs,Somewhat different,Almost every day,Excellent for focused study,Good support,Very satisfied,Somewhat,Average,MTE,MTE,C3_3_75_plus,C2_3_50_to_3_74,False,4,2,0,2,3,2,1,3,1,4,4,4,3,2,2,3,2,3.87,0.875,4,0.438,0.667,0.875,0.667,0.188,-0.25,0.375
kuet,KUET,7.0,3.75+,3.2 - 3.49,Very satisfied,90% or more,11-15 hrs,Consistent throughout the semester,Most of it,5-6 hrs,Rarely,More than 15 hrs,"Yes, exactly what I wanted",Often,Somewhat distracting,Some support,Very dissatisfied,Slightly,Difficult to manage,BME,BME,C1_3_20_to_3_49,C3_3_75_plus,False,0,4,4,4,3,4,3,1,1,4,3,1,2,1,1,1,3,3.35,0.875,4,0.75,0.417,0.375,0.417,0.562,0.0,0.5
kuet,KUET,7.0,Below,3.50 - 3.74,Neutral,60-74%,3-6 hrs,Consistent throughout the semester,A little,More than 8 hrs,Often,1-5 hrs,Mostly different,Never,Excellent for focused study,No support,Very dissatisfied,Somewhat,Completely unmanageable,CE,CE,C2_3_50_to_3_74,C0_below_3_20,False,0,1,2,2,1,4,1,4,3,1,0,4,0,0,2,2,0,3.62,0.875,4,0.688,0.417,0.5,0.25,0.062,0.25,0.5
kuet,KUET,7.0,3.75+,3.50 - 3.74,Neutral,60-74%,3-6 hrs,Mostly just before exams,A little,More than 8 hrs,Rarely,1-5 hrs,Close to what I wanted,Almost every day,Neither good nor bad,Some support,Very dissatisfied,Completely,Mostly manageable,URP,URP,C2_3_50_to_3_74,C3_3_75_plus,False,0,3,2,2,1,1,1,4,1,1,4,2,2,3,4,2,3,3.62,0.875,4,0.25,0.833,0.5,0.583,0.062,-0.75,-0.125
kuet,KUET,7.0,3.75+,3.2 - 3.49,Very satisfied,90% or more,Less than 3 hrs,Occasionally when necessary,Almost everything,7-8 hrs,Rarely,6-10 hrs,Not at all what I wanted,Sometimes,Very distracting,Strong support,Very dissatisfied,Not at all,Mostly manageable,MSE,MSE,C1_3_20_to_3_49,C3_3_75_plus,False,0,0,4,4,0,0,4,3,1,2,2,0,4,3,0,1,3,3.35,0.875,4,0.375,0.75,0.5,0.0,0.0,-0.5,0.0
kuet,KUET,7.0,3.75+,Below,Very satisfied,90% or more,7-10 hrs,Consistent throughout the semester,A little,7-8 hrs,Rarely,1-5 hrs,"Yes, exactly what I wanted",Rarely,Excellent for focused study,Some support,Very dissatisfied,Completely,Mostly manageable,BECM,BECM,C0_below_3_20,C3_3_75_plus,False,0,4,4,4,2,4,1,3,1,1,1,4,2,3,4,0,3,3.0,0.875,4,0.812,0.75,0.75,0.667,0.125,0.25,-0.125
kuet,KUET,7.0,3.50 - 3.74,Below,Neutral,90% or more,Less than 3 hrs,Regularly but not every day,Almost everything,More than 8 hrs,Sometimes,1-5 hrs,Somewhat different,Sometimes,Neither good nor bad,Very little support,Very dissatisfied,Somewhat,Mostly manageable,TE,TE,C0_below_3_20,C2_3_50_to_3_74,False,0,2,2,4,0,2,4,4,2,1,2,2,1,3,2,0,2,3.0,0.875,4,0.5,0.75,0.375,0.333,0.0,-0.5,0.0
kuet,KUET,7.0,3.75+,3.50 - 3.74,Very dissatisfied,75-89%,7-10 hrs,Occasionally when necessary,Almost nothing,6-7 hrs,Sometimes,6-10 hrs,Close to what I wanted,Never,Mostly suitable,Very little support,Neutral,Slightly,Very healthy and balanced,EEE,EEE,C2_3_50_to_3_74,C3_3_75_plus,False,2,3,0,3,2,0,0,2,2,2,0,3,1,4,1,2,3,3.62,0.875,4,0.562,0.667,0.5,0.5,0.0,0.5,0.0
kuet,KUET,7.0,Below,3.75+,Very dissatisfied,90% or more,11-15 hrs,Mostly consistent routine,About half,5-6 hrs,Sometimes,11-15 hrs,Close to what I wanted,Never,Excellent for focused study,No support,Very dissatisfied,Somewhat,Average,ChE,ChE,C3_3_75_plus,C0_below_3_20,False,0,3,0,4,3,3,2,1,2,3,0,4,0,2,2,3,0,3.87,0.875,4,0.875,0.417,0.5,0.417,0.375,0.75,0.375
kuet,KUET,7.0,3.50 - 3.74,3.2 - 3.49,Very dissatisfied,75-89%,3-6 hrs,Mostly consistent routine,Almost nothing,5-6 hrs,Never,6-10 hrs,Somewhat different,Almost every day,Excellent for focused study,Some support,Very dissatisfied,Not at all,Mostly manageable,LE,LE,C1_3_20_to_3_49,C2_3_50_to_3_74,False,0,2,0,3,1,3,0,1,0,2,4,4,2,3,0,1,2,3.35,0.875,4,0.438,0.667,0.75,0.167,0.0,-0.75,-0.125
kuet,KUET,7.0,3.20 - 3.49,3.2 - 3.49,Very dissatisfied,75-89%,3-6 hrs,Consistent throughout the semester,Most of it,5-6 hrs,Sometimes,More than 15 hrs,Mostly different,Often,Neither good nor bad,Some support,Very satisfied,Mostly,Difficult to manage,ARCH,ARCH,C1_3_20_to_3_49,C1_3_20_to_3_49,False,4,1,0,3,1,4,3,1,2,4,3,2,2,1,3,1,1,3.35,0.875,4,0.562,0.333,0.5,0.667,0.188,-0.5,0.625
kuet,KUET,7.0,3.20 - 3.49,3.2 - 3.49,Very dissatisfied,60-74%,More than 15 hrs,Occasionally when necessary,Almost everything,7-8 hrs,Often,1-5 hrs,Not at all what I wanted,Almost every day,Excellent for focused study,Strong support,Very dissatisfied,Not at all,Mostly manageable,LE,LE,C1_3_20_to_3_49,C1_3_20_to_3_49,False,0,0,0,2,4,0,4,3,3,1,4,4,4,3,0,1,1,3.35,0.875,4,0.375,0.583,1.0,0.0,1.0,0.0,0.125
kuet,KUET,7.0,Below,3.50 - 3.74,Very satisfied,75-89%,7-10 hrs,Mostly consistent routine,A little,6-7 hrs,Never,6-10 hrs,Mostly different,Never,Somewhat distracting,Some support,Very dissatisfied,Somewhat,Difficult to manage,CE,CE,C2_3_50_to_3_74,C0_below_3_20,False,0,1,4,3,2,3,1,2,0,2,0,1,2,1,2,2,0,3.62,0.875,4,0.75,0.583,0.375,0.25,0.125,0.5,0.125
kuet,KUET,7.0,3.20 - 3.49,3.50 - 3.74,Very dissatisfied,90% or more,3-6 hrs,Consistent throughout the semester,Almost everything,6-7 hrs,Never,11-15 hrs,"Yes, exactly what I wanted",Almost every day,Very distracting,Some support,Very dissatisfied,Slightly,Very healthy and balanced,EEE,EEE,C2_3_50_to_3_74,C1_3_20_to_3_49,False,0,4,0,4,1,4,4,2,0,3,4,0,2,4,1,2,1,3.62,0.875,4,0.562,0.833,0.25,0.417,0.25,-0.75,-0.125
kuet,KUET,7.0,3.20 - 3.49,3.2 - 3.49,Very dissatisfied,60-74%,3-6 hrs,Occasionally when necessary,About half,7-8 hrs,Almost always,None,"Yes, exactly what I wanted",Often,Very distracting,Strong support,Very dissatisfied,Completely,Very healthy and balanced,BECM,BECM,C1_3_20_to_3_49,C1_3_20_to_3_49,False,0,4,0,2,1,0,2,3,4,0,3,0,4,4,4,1,1,3.35,0.875,4,0.25,0.583,0.5,0.667,0.125,-0.5,0.0
kuet,KUET,7.0,Below,3.2 - 3.49,Very dissatisfied,75-89%,11-15 hrs,Mostly consistent routine,Almost everything,5-6 hrs,Never,More than 15 hrs,Close to what I wanted,Often,Neither good nor bad,Strong support,Very dissatisfied,Not at all,Very healthy and balanced,IEM,IEM,C1_3_20_to_3_49,C0_below_3_20,False,0,3,0,3,3,3,4,1,0,4,3,2,4,4,0,1,0,3.35,0.875,4,0.625,0.75,0.75,0.25,0.75,0.0,0.0
kuet,KUET,7.0,3.20 - 3.49,Below,Very dissatisfied,60-74%,Less than 3 hrs,Occasionally when necessary,Most of it,More than 8 hrs,Never,More than 15 hrs,Not at all what I wanted,Rarely,Excellent for focused study,Very little support,Very dissatisfied,Mostly,Completely unmanageable,BME,BME,C0_below_3_20,C1_3_20_to_3_49,False,0,0,0,2,0,0,3,4,0,4,1,4,1,0,3,0,1,3.0,0.875,4,0.312,0.667,0.625,0.25,0.0,-0.25,0.5
kuet,KUET,7.0,Below,3.50 - 3.74,Very dissatisfied,60-74%,11-15 hrs,Consistent throughout the semester,Almost everything,5-6 hrs,Almost always,None,Close to what I wanted,Sometimes,Very distracting,Some support,Very dissatisfied,Not at all,Very healthy and balanced,ME,ME,C2_3_50_to_3_74,C0_below_3_20,False,0,3,0,2,3,4,4,1,4,0,2,0,2,4,0,2,0,3.62,0.875,4,0.688,0.417,0.25,0.25,0.75,0.25,0.0
kuet,KUET,7.0,Below,Below,Very dissatisfied,90% or more,11-15 hrs,Consistent throughout the semester,About half,6-7 hrs,Never,More than 15 hrs,Not at all what I wanted,Almost every day,Somewhat distracting,Very little support,Neutral,Somewhat,Mostly manageable,EEE,EEE,C0_below_3_20,C0_below_3_20,False,2,0,0,4,3,4,2,2,0,4,4,1,1,3,2,0,0,3.0,0.875,4,0.688,0.75,0.25,0.333,0.375,-0.25,0.125
kuet,KUET,7.0,3.50 - 3.74,3.75+,Very dissatisfied,60-74%,7-10 hrs,Mostly just before exams,Almost nothing,7-8 hrs,Rarely,More than 15 hrs,Somewhat different,Never,Very distracting,Very little support,Very dissatisfied,Somewhat,Difficult to manage,MSE,MSE,C3_3_75_plus,C2_3_50_to_3_74,False,0,2,0,2,2,1,0,3,1,4,0,0,1,1,2,3,2,3.87,0.875,4,0.562,0.583,0.125,0.333,0.0,0.5,0.5
kuet,KUET,7.0,Below,3.50 - 3.74,Very dissatisfied,90% or more,Less than 3 hrs,Mostly just before exams,Most of it,6-7 hrs,Sometimes,None,Somewhat different,Sometimes,Mostly suitable,Some support,Very dissatisfied,Mostly,Very healthy and balanced,CSE,CSE,C2_3_50_to_3_74,C0_below_3_20,False,0,2,0,4,0,1,3,2,2,0,2,3,2,4,3,2,0,3.62,0.875,4,0.438,0.667,0.625,0.417,0.0,-0.5,-0.25
kuet,KUET,7.0,3.75+,3.2 - 3.49,Very satisfied,75-89%,11-15 hrs,Mostly consistent routine,About half,7-8 hrs,Almost always,11-15 hrs,"Yes, exactly what I wanted",Rarely,Neither good nor bad,Some support,Very satisfied,Completely,Difficult to manage,MTE,MTE,C1_3_20_to_3_49,C3_3_75_plus,False,4,4,4,3,3,3,2,3,4,3,1,2,2,1,4,1,3,3.35,0.875,4,0.75,0.333,0.5,1.0,0.375,0.5,0.75
kuet,KUET,7.0,Below,3.50 - 3.74,Neutral,75-89%,11-15 hrs,Occasionally when necessary,Almost everything,Less than 5 hrs,Almost always,More than 15 hrs,Somewhat different,Often,Excellent for focused study,Very little support,Neutral,Completely,Very healthy and balanced,IEM,IEM,C2_3_50_to_3_74,C0_below_3_20,False,2,2,2,3,3,0,4,0,4,4,3,4,1,4,4,2,0,3.62,0.875,4,0.438,0.333,0.625,0.667,0.75,0.0,0.5
kuet,KUET,7.0,3.75+,3.2 - 3.49,Neutral,90% or more,7-10 hrs,Consistent throughout the semester,Almost nothing,5-6 hrs,Sometimes,11-15 hrs,Not at all what I wanted,Often,Very distracting,Good support,Very dissatisfied,Not at all,Completely unmanageable,TE,TE,C1_3_20_to_3_49,C3_3_75_plus,False,0,0,2,4,2,4,0,1,2,3,3,0,3,0,0,1,3,3.35,0.875,4,0.688,0.25,0.375,0.0,0.0,-0.25,0.625
kuet,KUET,7.0,3.75+,3.50 - 3.74,Very satisfied,75-89%,3-6 hrs,Occasionally when necessary,About half,Less than 5 hrs,Almost always,More than 15 hrs,Mostly different,Never,Somewhat distracting,Strong support,Neutral,Mostly,Difficult to manage,BECM,BECM,C2_3_50_to_3_74,C3_3_75_plus,False,2,1,4,3,1,0,2,0,4,4,0,1,4,1,3,2,3,3.62,0.875,4,0.5,0.083,0.625,0.5,0.125,0.25,0.875
kuet,KUET,7.0,3.75+,3.75+,Neutral,60-74%,More than 15 hrs,Occasionally when necessary,Almost everything,7-8 hrs,Never,6-10 hrs,Mostly different,Almost every day,Excellent for focused study,No support,Very dissatisfied,Completely,Difficult to manage,URP,URP,C3_3_75_plus,C3_3_75_plus,False,0,1,2,2,4,0,4,3,0,2,4,4,0,1,4,3,3,3.87,0.875,4,0.375,0.667,0.5,0.417,1.0,0.0,0.125
kuet,KUET,7.0,Below,3.50 - 3.74,Very satisfied,90% or more,11-15 hrs,Occasionally when necessary,A little,More than 8 hrs,Often,6-10 hrs,"Yes, exactly what I wanted",Often,Very distracting,Good support,Very dissatisfied,Not at all,Very healthy and balanced,EEE,EEE,C2_3_50_to_3_74,C0_below_3_20,False,0,4,4,4,3,0,1,4,3,2,3,0,3,4,0,2,0,3.62,0.875,4,0.5,0.75,0.375,0.333,0.188,0.0,0.125
kuet,KUET,7.0,Below,Below,Very satisfied,90% or more,11-15 hrs,Mostly consistent routine,Most of it,7-8 hrs,Rarely,None,"Yes, exactly what I wanted",Never,Excellent for focused study,Very little support,Neutral,Somewhat,Average,MSE,MSE,C0_below_3_20,C0_below_3_20,False,2,4,4,4,3,3,3,3,1,0,0,4,1,2,2,0,0,3.0,0.875,4,0.875,0.667,0.625,0.667,0.562,0.75,-0.125
kuet,KUET,7.0,Below,Below,Very dissatisfied,75-89%,Less than 3 hrs,Occasionally when necessary,A little,5-6 hrs,Sometimes,11-15 hrs,Mostly different,Often,Very distracting,Very little support,Very satisfied,Slightly,Very healthy and balanced,URP,URP,C0_below_3_20,C0_below_3_20,False,4,1,0,3,0,0,1,1,2,3,3,0,1,4,1,0,0,3.0,0.875,4,0.25,0.583,0.125,0.5,0.0,-0.75,0.125
kuet,KUET,7.0,3.50 - 3.74,Below,Very dissatisfied,90% or more,3-6 hrs,Regularly but not every day,Almost everything,Less than 5 hrs,Sometimes,11-15 hrs,Mostly different,Sometimes,Mostly suitable,Very little support,Very dissatisfied,Mostly,Mostly manageable,ESE,ESE,C0_below_3_20,C2_3_50_to_3_74,False,0,1,0,4,1,2,4,0,2,3,2,3,1,3,3,0,2,3.0,0.875,4,0.562,0.417,0.5,0.333,0.25,-0.25,0.25
kuet,KUET,7.0,Below,3.75+,Very satisfied,90% or more,More than 15 hrs,Consistent throughout the semester,A little,5-6 hrs,Often,6-10 hrs,Mostly different,Never,Mostly suitable,Very little support,Very satisfied,Slightly,Completely unmanageable,ME,ME,C3_3_75_plus,C0_below_3_20,False,4,1,4,4,4,4,1,1,3,2,0,3,1,0,1,3,0,3.87,0.875,4,1.0,0.167,0.5,0.5,0.25,1.0,0.625
kuet,KUET,7.0,Below,3.50 - 3.74,Neutral,90% or more,Less than 3 hrs,Consistent throughout the semester,Almost nothing,7-8 hrs,Almost always,11-15 hrs,Somewhat different,Sometimes,Excellent for focused study,Strong support,Very satisfied,Completely,Completely unmanageable,TE,TE,C2_3_50_to_3_74,C0_below_3_20,False,4,2,2,4,0,4,0,3,4,3,2,4,4,0,4,2,0,3.62,0.875,4,0.625,0.25,1.0,0.833,0.0,-0.5,0.875
kuet,KUET,7.0,3.50 - 3.74,3.2 - 3.49,Neutral,90% or more,Less than 3 hrs,Occasionally when necessary,A little,More than 8 hrs,Rarely,1-5 hrs,Not at all what I wanted,Never,Somewhat distracting,Some support,Very dissatisfied,Somewhat,Average,ME,ME,C1_3_20_to_3_49,C2_3_50_to_3_74,False,0,0,2,4,0,0,1,4,1,1,0,1,2,2,2,1,2,3.35,0.875,4,0.5,0.75,0.375,0.167,0.0,0.0,0.0
kuet,KUET,7.0,Below,Below,Very dissatisfied,75-89%,Less than 3 hrs,Occasionally when necessary,Almost everything,6-7 hrs,Often,6-10 hrs,Somewhat different,Often,Somewhat distracting,No support,Very satisfied,Mostly,Average,ChE,ChE,C0_below_3_20,C0_below_3_20,False,4,2,0,3,0,0,4,2,3,2,3,1,0,2,3,0,0,3.0,0.875,4,0.25,0.417,0.125,0.75,0.0,-0.75,0.375
kuet,KUET,7.0,3.20 - 3.49,Below,Very dissatisfied,90% or more,11-15 hrs,Consistent throughout the semester,Most of it,6-7 hrs,Never,11-15 hrs,Mostly different,Sometimes,Very distracting,Very little support,Very satisfied,Mostly,Completely unmanageable,CE,CE,C0_below_3_20,C1_3_20_to_3_49,False,4,1,0,4,3,4,3,2,0,3,2,0,1,0,3,0,1,3.0,0.875,4,0.812,0.5,0.125,0.667,0.562,0.25,0.375
kuet,KUET,7.0,3.20 - 3.49,3.75+,Very dissatisfied,75-89%,Less than 3 hrs,Consistent throughout the semester,About half,5-6 hrs,Almost always,More than 15 hrs,Close to what I wanted,Sometimes,Excellent for focused study,Some support,Neutral,Somewhat,Very healthy and balanced,CE,CE,C3_3_75_plus,C1_3_20_to_3_49,False,2,3,0,3,0,4,2,1,4,4,2,4,2,4,2,3,1,3.87,0.875,4,0.562,0.417,0.75,0.583,0.0,-0.5,0.5
kuet,KUET,7.0,Below,3.75+,Very dissatisfied,75-89%,3-6 hrs,Mostly consistent routine,Almost nothing,5-6 hrs,Never,6-10 hrs,Close to what I wanted,Rarely,Very distracting,Good support,Very dissatisfied,Slightly,Average,TE,TE,C3_3_75_plus,C0_below_3_20,False,0,3,0,3,1,3,0,1,0,2,1,0,3,2,1,3,0,3.87,0.875,4,0.625,0.583,0.375,0.333,0.0,0.0,0.0
kuet,KUET,7.0,3.75+,Below,Very dissatisfied,90% or more,7-10 hrs,Consistent throughout the semester,Almost nothing,Less than 5 hrs,Never,More than 15 hrs,"Yes, exactly what I wanted",Rarely,Very distracting,Good support,Very dissatisfied,Completely,Difficult to manage,IEM,IEM,C0_below_3_20,C3_3_75_plus,False,0,4,0,4,2,4,0,0,0,4,1,0,3,1,4,0,3,3.0,0.875,4,0.812,0.417,0.375,0.667,0.0,0.25,0.375
kuet,KUET,7.0,3.20 - 3.49,3.2 - 3.49,Very dissatisfied,75-89%,11-15 hrs,Mostly just before exams,A little,7-8 hrs,Almost always,11-15 hrs,Not at all what I wanted,Never,Excellent for focused study,Good support,Very dissatisfied,Somewhat,Mostly manageable,CSE,CSE,C1_3_20_to_3_49,C1_3_20_to_3_49,False,0,0,0,3,3,1,1,3,4,3,0,4,3,3,2,1,1,3.35,0.875,4,0.688,0.5,0.875,0.167,0.188,0.75,0.5
kuet,KUET,7.0,3.50 - 3.74,3.75+,Neutral,60-74%,7-10 hrs,Consistent throughout the semester,A little,6-7 hrs,Often,11-15 hrs,Not at all what I wanted,Often,Very distracting,Strong support,Neutral,Slightly,Difficult to manage,MTE,MTE,C3_3_75_plus,C2_3_50_to_3_74,False,2,0,2,2,2,4,1,2,3,3,3,0,4,1,1,3,2,3.87,0.875,4,0.562,0.333,0.5,0.25,0.125,-0.25,0.625
kuet,KUET,7.0,Below,Below,Very dissatisfied,75-89%,More than 15 hrs,Mostly just before exams,A little,6-7 hrs,Rarely,1-5 hrs,Mostly different,Almost every day,Somewhat distracting,No support,Very dissatisfied,Not at all,Average,ARCH,ARCH,C0_below_3_20,C0_below_3_20,False,0,1,0,3,4,1,1,2,1,1,4,1,0,2,0,0,0,3.0,0.875,4,0.5,0.583,0.125,0.083,0.25,0.0,0.0
kuet,KUET,7.0,Below,3.75+,Very dissatisfied,60-74%,3-6 hrs,Consistent throughout the semester,Almost everything,Less than 5 hrs,Sometimes,More than 15 hrs,Not at all what I wanted,Sometimes,Very distracting,Strong support,Very dissatisfied,Completely,Very healthy and balanced,EEE,EEE,C3_3_75_plus,C0_below_3_20,False,0,0,0,2,1,4,4,0,2,4,2,0,4,4,4,3,0,3.87,0.875,4,0.562,0.5,0.5,0.333,0.25,-0.25,0.25
kuet,KUET,7.0,3.20 - 3.49,3.2 - 3.49,Very dissatisfied,75-89%,11-15 hrs,Mostly consistent routine,A little,5-6 hrs,Rarely,More than 15 hrs,Close to what I wanted,Rarely,Somewhat distracting,Strong support,Very dissatisfied,Slightly,Average,LE,LE,C1_3_20_to_3_49,C1_3_20_to_3_49,False,0,3,0,3,3,3,1,1,1,4,1,1,4,2,1,1,1,3.35,0.875,4,0.75,0.5,0.625,0.333,0.188,0.5,0.375
kuet,KUET,7.0,Below,Below,Very dissatisfied,60-74%,Less than 3 hrs,Mostly just before exams,Most of it,Less than 5 hrs,Sometimes,None,"Yes, exactly what I wanted",Rarely,Neither good nor bad,Very little support,Neutral,Not at all,Mostly manageable,ME,ME,C0_below_3_20,C0_below_3_20,False,2,4,0,2,0,1,3,0,2,0,1,2,1,3,0,0,0,3.0,0.875,4,0.375,0.417,0.375,0.5,0.0,-0.25,-0.125
kuet,KUET,7.0,3.20 - 3.49,3.2 - 3.49,Neutral,75-89%,11-15 hrs,Mostly consistent routine,Almost everything,Less than 5 hrs,Sometimes,6-10 hrs,Close to what I wanted,Sometimes,Very distracting,No support,Neutral,Completely,Completely unmanageable,BME,BME,C1_3_20_to_3_49,C1_3_20_to_3_49,False,2,3,2,3,3,3,4,0,2,2,2,0,0,0,4,1,1,3.35,0.875,4,0.688,0.167,0.0,0.75,0.75,0.25,0.5
kuet,KUET,7.0,3.50 - 3.74,3.75+,Very dissatisfied,75-89%,3-6 hrs,Mostly consistent routine,About half,5-6 hrs,Rarely,None,Close to what I wanted,Never,Mostly suitable,No support,Very dissatisfied,Slightly,Completely unmanageable,ECE,ECE,C3_3_75_plus,C2_3_50_to_3_74,False,0,3,0,3,1,3,2,1,1,0,0,3,0,0,1,3,2,3.87,0.875,4,0.688,0.333,0.375,0.333,0.125,0.25,0.125
kuet,KUET,7.0,3.50 - 3.74,Below,Very satisfied,60-74%,7-10 hrs,Occasionally when necessary,A little,6-7 hrs,Rarely,More than 15 hrs,Not at all what I wanted,Rarely,Somewhat distracting,Very little support,Very dissatisfied,Mostly,Very healthy and balanced,ESE,ESE,C0_below_3_20,C2_3_50_to_3_74,False,0,0,4,2,2,0,1,2,1,4,1,1,1,4,3,0,2,3.0,0.875,4,0.438,0.75,0.25,0.25,0.125,0.25,0.125
kuet,KUET,7.0,3.20 - 3.49,Below,Very dissatisfied,75-89%,More than 15 hrs,Mostly just before exams,Almost everything,5-6 hrs,Never,6-10 hrs,Mostly different,Never,Excellent for focused study,No support,Very dissatisfied,Slightly,Mostly manageable,CE,CE,C0_below_3_20,C1_3_20_to_3_49,False,0,1,0,3,4,1,4,1,0,2,0,4,0,3,1,0,1,3.0,0.875,4,0.75,0.667,0.5,0.167,1.0,1.0,-0.125
kuet,KUET,7.0,3.20 - 3.49,3.50 - 3.74,Very dissatisfied,90% or more,3-6 hrs,Mostly just before exams,Almost nothing,7-8 hrs,Never,1-5 hrs,Not at all what I wanted,Rarely,Very distracting,No support,Neutral,Somewhat,Very healthy and balanced,IEM,IEM,C2_3_50_to_3_74,C1_3_20_to_3_49,False,2,0,0,4,1,1,0,3,0,1,1,0,0,4,2,2,1,3.62,0.875,4,0.562,0.917,0.0,0.333,0.0,0.0,-0.375
kuet,KUET,7.0,3.50 - 3.74,Below,Very dissatisfied,60-74%,3-6 hrs,Occasionally when necessary,A little,5-6 hrs,Rarely,1-5 hrs,Not at all what I wanted,Often,Excellent for focused study,No support,Very dissatisfied,Mostly,Very healthy and balanced,BECM,BECM,C0_below_3_20,C2_3_50_to_3_74,False,0,0,0,2,1,0,1,1,1,1,3,4,0,4,3,0,2,3.0,0.875,4,0.25,0.667,0.5,0.25,0.062,-0.5,-0.25
kuet,KUET,7.0,Below,3.75+,Very dissatisfied,90% or more,Less than 3 hrs,Mostly just before exams,A little,More than 8 hrs,Almost always,1-5 hrs,Somewhat different,Almost every day,Very distracting,Strong support,Very dissatisfied,Somewhat,Average,BECM,BECM,C3_3_75_plus,C0_below_3_20,False,0,2,0,4,0,1,1,4,4,1,4,0,4,2,2,3,0,3.87,0.875,4,0.312,0.5,0.5,0.333,0.0,-1.0,0.375
kuet,KUET,7.0,3.75+,3.2 - 3.49,Very dissatisfied,90% or more,11-15 hrs,Mostly consistent routine,Most of it,5-6 hrs,Rarely,6-10 hrs,Close to what I wanted,Almost every day,Very distracting,Strong support,Very dissatisfied,Somewhat,Average,URP,URP,C1_3_20_to_3_49,C3_3_75_plus,False,0,3,0,4,3,3,3,1,1,2,4,0,4,2,2,1,3,3.35,0.875,4,0.625,0.5,0.5,0.417,0.562,-0.25,0.125
kuet,KUET,7.0,3.75+,3.75+,Neutral,90% or more,11-15 hrs,Occasionally when necessary,About half,More than 8 hrs,Rarely,6-10 hrs,Mostly different,Often,Mostly suitable,Some support,Neutral,Somewhat,Completely unmanageable,CE,CE,C3_3_75_plus,C3_3_75_plus,False,2,1,2,4,3,0,2,4,1,2,3,3,2,0,2,3,3,3.87,0.875,4,0.5,0.583,0.625,0.417,0.375,0.0,0.375
kuet,KUET,7.0,3.75+,3.2 - 3.49,Very satisfied,90% or more,3-6 hrs,Mostly consistent routine,A little,7-8 hrs,Often,More than 15 hrs,Somewhat different,Never,Neither good nor bad,No support,Very dissatisfied,Completely,Difficult to manage,ChE,ChE,C1_3_20_to_3_49,C3_3_75_plus,False,0,2,4,4,1,3,1,3,3,4,0,2,0,1,4,1,3,3.35,0.875,4,0.75,0.417,0.25,0.5,0.062,0.25,0.75
kuet,KUET,7.0,3.50 - 3.74,3.75+,Very dissatisfied,75-89%,11-15 hrs,Occasionally when necessary,A little,5-6 hrs,Almost always,6-10 hrs,Close to what I wanted,Sometimes,Somewhat distracting,Good support,Neutral,Not at all,Difficult to manage,LE,LE,C3_3_75_plus,C2_3_50_to_3_74,False,2,3,0,3,3,0,1,1,4,2,2,1,3,1,0,3,2,3.87,0.875,4,0.5,0.167,0.5,0.417,0.188,0.25,0.625
kuet,KUET,7.0,3.50 - 3.74,3.2 - 3.49,Neutral,90% or more,11-15 hrs,Mostly consistent routine,About half,6-7 hrs,Often,6-10 hrs,"Yes, exactly what I wanted",Often,Neither good nor bad,Very little support,Very dissatisfied,Mostly,Mostly manageable,TE,TE,C1_3_20_to_3_49,C2_3_50_to_3_74,False,0,4,2,4,3,3,2,2,3,2,3,2,1,3,3,1,2,3.35,0.875,4,0.688,0.5,0.375,0.583,0.375,0.0,0.25
kuet,KUET,7.0,3.50 - 3.74,Below,Neutral,60-74%,3-6 hrs,Mostly consistent routine,Most of it,7-8 hrs,Never,None,Somewhat different,Sometimes,Mostly suitable,Strong support,Very satisfied,Mostly,Completely unmanageable,EEE,EEE,C0_below_3_20,C2_3_50_to_3_74,False,4,2,2,2,1,3,3,3,0,0,2,3,4,0,3,0,2,3.0,0.875,4,0.5,0.583,0.875,0.75,0.188,-0.25,0.0
kuet,KUET,7.0,3.50 - 3.74,3.50 - 3.74,Very dissatisfied,90% or more,Less than 3 hrs,Occasionally when necessary,About half,7-8 hrs,Never,More than 15 hrs,Not at all what I wanted,Never,Neither good nor bad,Good support,Very dissatisfied,Slightly,Very healthy and balanced,EEE,EEE,C2_3_50_to_3_74,C2_3_50_to_3_74,False,0,0,0,4,0,0,2,3,0,4,0,2,3,4,1,2,2,3.62,0.875,4,0.5,0.917,0.625,0.083,0.0,0.0,0.0
kuet,KUET,7.0,3.20 - 3.49,3.2 - 3.49,Very dissatisfied,75-89%,More than 15 hrs,Regularly but not every day,Almost nothing,Less than 5 hrs,Sometimes,None,Not at all what I wanted,Often,Somewhat distracting,Very little support,Very satisfied,Slightly,Mostly manageable,IEM,IEM,C1_3_20_to_3_49,C1_3_20_to_3_49,False,4,0,0,3,4,2,0,0,2,0,3,1,1,3,1,1,1,3.35,0.875,4,0.625,0.417,0.25,0.417,0.0,0.25,-0.125
kuet,KUET,7.0,3.75+,3.75+,Very dissatisfied,75-89%,11-15 hrs,Mostly consistent routine,Almost nothing,6-7 hrs,Never,6-10 hrs,Not at all what I wanted,Often,Somewhat distracting,Some support,Very dissatisfied,Completely,Difficult to manage,ChE,ChE,C3_3_75_plus,C3_3_75_plus,False,0,0,0,3,3,3,0,2,0,2,3,1,2,1,4,3,3,3.87,0.875,4,0.625,0.583,0.375,0.333,0.0,0.0,0.125
kuet,KUET,7.0,Below,3.75+,Very dissatisfied,75-89%,More than 15 hrs,Consistent throughout the semester,About half,Less than 5 hrs,Sometimes,More than 15 hrs,Mostly different,Sometimes,Neither good nor bad,Strong support,Neutral,Somewhat,Difficult to manage,MTE,MTE,C3_3_75_plus,C0_below_3_20,False,2,1,0,3,4,4,2,0,2,4,2,2,4,1,2,3,0,3.87,0.875,4,0.812,0.25,0.75,0.417,0.5,0.5,0.625
kuet,KUET,7.0,Below,Below,Very dissatisfied,60-74%,11-15 hrs,Occasionally when necessary,Almost nothing,Less than 5 hrs,Often,More than 15 hrs,Somewhat different,Sometimes,Mostly suitable,Strong support,Very satisfied,Somewhat,Difficult to manage,CE,CE,C0_below_3_20,C0_below_3_20,False,4,2,0,2,3,0,0,0,3,4,2,3,4,1,2,0,0,3.0,0.875,4,0.438,0.167,0.875,0.667,0.0,0.25,0.75
kuet,KUET,7.0,Below,3.50 - 3.74,Very satisfied,90% or more,7-10 hrs,Regularly but not every day,A little,5-6 hrs,Often,1-5 hrs,Mostly different,Sometimes,Neither good nor bad,Good support,Very dissatisfied,Completely,Mostly manageable,TE,TE,C2_3_50_to_3_74,C0_below_3_20,False,0,1,4,4,2,2,1,1,3,1,2,2,3,3,4,2,0,3.62,0.875,4,0.625,0.417,0.625,0.417,0.125,0.0,0.125
kuet,KUET,7.0,3.20 - 3.49,3.2 - 3.49,Neutral,75-89%,Less than 3 hrs,Mostly consistent routine,Almost everything,More than 8 hrs,Never,1-5 hrs,Somewhat different,Almost every day,Excellent for focused study,Some support,Very satisfied,Slightly,Completely unmanageable,ME,ME,C1_3_20_to_3_49,C1_3_20_to_3_49,False,4,2,2,3,0,3,4,4,0,1,4,4,2,0,1,1,1,3.35,0.875,4,0.375,0.667,0.75,0.583,0.0,-1.0,0.125
kuet,KUET,7.0,Below,3.75+,Very satisfied,60-74%,Less than 3 hrs,Occasionally when necessary,A little,Less than 5 hrs,Rarely,1-5 hrs,Somewhat different,Often,Somewhat distracting,No support,Very satisfied,Slightly,Difficult to manage,ESE,ESE,C3_3_75_plus,C0_below_3_20,False,4,2,4,2,0,0,1,0,1,1,3,1,0,1,1,3,0,3.87,0.875,4,0.188,0.333,0.125,0.583,0.0,-0.75,0.125
kuet,KUET,7.0,3.50 - 3.74,3.2 - 3.49,Very dissatisfied,60-74%,More than 15 hrs,Consistent throughout the semester,Almost everything,More than 8 hrs,Often,None,Somewhat different,Rarely,Excellent for focused study,No support,Very dissatisfied,Somewhat,Difficult to manage,EEE,EEE,C1_3_20_to_3_49,C2_3_50_to_3_74,False,0,2,0,2,4,4,4,4,3,0,1,4,0,1,2,1,2,3.35,0.875,4,0.812,0.5,0.5,0.333,1.0,0.75,0.25
kuet,KUET,7.0,3.50 - 3.74,3.2 - 3.49,Very satisfied,75-89%,11-15 hrs,Regularly but not every day,Most of it,Less than 5 hrs,Rarely,More than 15 hrs,Somewhat different,Almost every day,Neither good nor bad,Some support,Very dissatisfied,Slightly,Difficult to manage,CE,CE,C1_3_20_to_3_49,C2_3_50_to_3_74,False,0,2,4,3,3,2,3,0,1,4,4,2,2,1,1,1,2,3.35,0.875,4,0.5,0.333,0.5,0.25,0.562,-0.25,0.5
kuet,KUET,7.0,Below,3.50 - 3.74,Very dissatisfied,60-74%,7-10 hrs,Mostly just before exams,Most of it,6-7 hrs,Often,More than 15 hrs,Mostly different,Rarely,Mostly suitable,No support,Very satisfied,Not at all,Average,MSE,MSE,C2_3_50_to_3_74,C0_below_3_20,False,4,1,0,2,2,1,3,2,3,4,1,3,0,2,0,2,0,3.62,0.875,4,0.5,0.417,0.375,0.417,0.375,0.25,0.625
kuet,KUET,7.0,3.20 - 3.49,3.75+,Very satisfied,90% or more,11-15 hrs,Mostly just before exams,About half,More than 8 hrs,Almost always,11-15 hrs,Not at all what I wanted,Never,Neither good nor bad,Some support,Very dissatisfied,Not at all,Average,IEM,IEM,C3_3_75_plus,C1_3_20_to_3_49,False,0,0,4,4,3,1,2,4,4,3,0,2,2,2,0,3,1,3.87,0.875,4,0.75,0.5,0.5,0.0,0.375,0.75,0.625
kuet,KUET,7.0,3.20 - 3.49,3.75+,Neutral,90% or more,3-6 hrs,Mostly consistent routine,A little,5-6 hrs,Often,1-5 hrs,"Yes, exactly what I wanted",Often,Somewhat distracting,No support,Neutral,Not at all,Completely unmanageable,BME,BME,C3_3_75_plus,C1_3_20_to_3_49,False,2,4,2,4,1,3,1,1,3,1,3,1,0,0,0,3,1,3.87,0.875,4,0.562,0.167,0.125,0.5,0.062,-0.5,0.5
kuet,KUET,7.0,3.20 - 3.49,3.75+,Very dissatisfied,60-74%,3-6 hrs,Occasionally when necessary,Almost nothing,More than 8 hrs,Rarely,1-5 hrs,Not at all what I wanted,Never,Neither good nor bad,Very little support,Very dissatisfied,Mostly,Mostly manageable,ARCH,ARCH,C3_3_75_plus,C1_3_20_to_3_49,False,0,0,0,2,1,0,0,4,1,1,0,2,1,3,3,3,1,3.87,0.875,4,0.438,0.833,0.375,0.25,0.0,0.25,-0.125
kuet,KUET,7.0,3.50 - 3.74,3.50 - 3.74,Very dissatisfied,90% or more,Less than 3 hrs,Mostly consistent routine,About half,More than 8 hrs,Never,11-15 hrs,"Yes, exactly what I wanted",Often,Excellent for focused study,No support,Very dissatisfied,Mostly,Difficult to manage,BECM,BECM,C2_3_50_to_3_74,C2_3_50_to_3_74,False,0,4,0,4,0,3,2,4,0,3,3,4,0,1,3,2,2,3.62,0.875,4,0.5,0.75,0.5,0.583,0.0,-0.75,0.25
kuet,KUET,7.0,3.75+,Below,Very dissatisfied,75-89%,3-6 hrs,Consistent throughout the semester,A little,7-8 hrs,Never,11-15 hrs,Mostly different,Often,Excellent for focused study,Strong support,Very dissatisfied,Completely,Completely unmanageable,CSE,CSE,C0_below_3_20,C3_3_75_plus,False,0,1,0,3,1,4,1,3,0,3,3,4,4,0,4,0,3,3.0,0.875,4,0.562,0.583,1.0,0.417,0.062,-0.5,0.375
kuet,KUET,7.0,3.75+,3.2 - 3.49,Very dissatisfied,60-74%,3-6 hrs,Mostly consistent routine,Almost nothing,More than 8 hrs,Never,None,Close to what I wanted,Almost every day,Mostly suitable,No support,Very dissatisfied,Mostly,Difficult to manage,ME,ME,C1_3_20_to_3_49,C3_3_75_plus,False,0,3,0,2,1,3,0,4,0,0,4,3,0,1,3,1,3,3.35,0.875,4,0.375,0.75,0.375,0.5,0.0,-0.75,-0.125
kuet,KUET,7.0,3.20 - 3.49,3.2 - 3.49,Very satisfied,90% or more,More than 15 hrs,Regularly but not every day,Almost everything,Less than 5 hrs,Never,More than 15 hrs,Somewhat different,Often,Excellent for focused study,No support,Very dissatisfied,Not at all,Completely unmanageable,TE,TE,C1_3_20_to_3_49,C1_3_20_to_3_49,False,0,2,4,4,4,2,4,0,0,4,3,4,0,0,0,1,1,3.35,0.875,4,0.688,0.333,0.5,0.167,1.0,0.25,0.5
kuet,KUET,7.0,3.50 - 3.74,3.2 - 3.49,Neutral,75-89%,More than 15 hrs,Regularly but not every day,A little,7-8 hrs,Sometimes,None,Close to what I wanted,Rarely,Somewhat distracting,Strong support,Very dissatisfied,Somewhat,Mostly manageable,ME,ME,C1_3_20_to_3_49,C2_3_50_to_3_74,False,0,3,2,3,4,2,1,3,2,0,1,1,4,3,2,1,2,3.35,0.875,4,0.75,0.667,0.625,0.417,0.25,0.75,-0.125
kuet,KUET,7.0,3.50 - 3.74,Below,Very dissatisfied,60-74%,11-15 hrs,Mostly consistent routine,A little,5-6 hrs,Rarely,More than 15 hrs,Not at all what I wanted,Sometimes,Excellent for focused study,No support,Very dissatisfied,Slightly,Difficult to manage,LE,LE,C0_below_3_20,C2_3_50_to_3_74,False,0,0,0,2,3,3,1,1,1,4,2,4,0,1,1,0,2,3.0,0.875,4,0.625,0.417,0.5,0.083,0.188,0.25,0.5
kuet,KUET,7.0,3.20 - 3.49,3.2 - 3.49,Very dissatisfied,90% or more,3-6 hrs,Occasionally when necessary,Almost everything,6-7 hrs,Sometimes,11-15 hrs,"Yes, exactly what I wanted",Rarely,Mostly suitable,Some support,Very dissatisfied,Somewhat,Completely unmanageable,URP,URP,C1_3_20_to_3_49,C1_3_20_to_3_49,False,0,4,0,4,1,0,4,2,2,3,1,3,2,0,2,1,1,3.35,0.875,4,0.5,0.333,0.625,0.5,0.25,0.0,0.625
kuet,KUET,7.0,3.20 - 3.49,3.2 - 3.49,Very dissatisfied,75-89%,More than 15 hrs,Consistent throughout the semester,Most of it,More than 8 hrs,Never,11-15 hrs,"Yes, exactly what I wanted",Rarely,Excellent for focused study,Very little support,Neutral,Not at all,Completely unmanageable,CE,CE,C1_3_20_to_3_49,C1_3_20_to_3_49,False,2,4,0,3,4,4,3,4,0,3,1,4,1,0,0,1,1,3.35,0.875,4,0.875,0.667,0.625,0.5,0.75,0.75,0.375
kuet,KUET,7.0,3.20 - 3.49,Below,Very dissatisfied,60-74%,Less than 3 hrs,Regularly but not every day,About half,More than 8 hrs,Never,None,Not at all what I wanted,Never,Somewhat distracting,Good support,Very dissatisfied,Not at all,Completely unmanageable,BECM,BECM,C0_below_3_20,C1_3_20_to_3_49,False,0,0,0,2,0,2,2,4,0,0,0,1,3,0,0,0,1,3.0,0.875,4,0.5,0.667,0.5,0.0,0.0,0.0,0.0
kuet,KUET,7.0,Below,Below,Neutral,60-74%,7-10 hrs,Regularly but not every day,About half,6-7 hrs,Never,1-5 hrs,Somewhat different,Often,Mostly suitable,Some support,Very dissatisfied,Somewhat,Difficult to manage,MSE,MSE,C0_below_3_20,C0_below_3_20,False,0,2,2,2,2,2,2,2,0,1,3,3,2,1,2,0,0,3.0,0.875,4,0.438,0.583,0.625,0.333,0.25,-0.25,0.0
kuet,KUET,7.0,3.75+,3.2 - 3.49,Very dissatisfied,75-89%,3-6 hrs,Mostly just before exams,Most of it,Less than 5 hrs,Sometimes,11-15 hrs,Mostly different,Sometimes,Somewhat distracting,Good support,Very satisfied,Completely,Difficult to manage,EEE,EEE,C1_3_20_to_3_49,C3_3_75_plus,False,4,1,0,3,1,1,3,0,2,3,2,1,3,1,4,1,3,3.35,0.875,4,0.438,0.25,0.5,0.75,0.188,-0.25,0.5
kuet,KUET,7.0,3.75+,Below,Very dissatisfied,75-89%,7-10 hrs,Mostly just before exams,About half,More than 8 hrs,Sometimes,1-5 hrs,"Yes, exactly what I wanted",Almost every day,Somewhat distracting,Very little support,Very dissatisfied,Not at all,Difficult to manage,LE,LE,C0_below_3_20,C3_3_75_plus,False,0,4,0,3,2,1,2,4,2,1,4,1,1,1,0,0,3,3.0,0.875,4,0.375,0.583,0.25,0.333,0.25,-0.5,0.25
kuet,KUET,7.0,Below,3.75+,Very dissatisfied,75-89%,7-10 hrs,Occasionally when necessary,Almost everything,More than 8 hrs,Sometimes,1-5 hrs,"Yes, exactly what I wanted",Often,Mostly suitable,Very little support,Neutral,Slightly,Completely unmanageable,URP,URP,C3_3_75_plus,C0_below_3_20,False,2,4,0,3,2,0,4,4,2,1,3,3,1,0,1,3,0,3.87,0.875,4,0.375,0.5,0.5,0.583,0.5,-0.25,0.375
kuet,KUET,7.0,3.75+,3.2 - 3.49,Very dissatisfied,75-89%,Less than 3 hrs,Regularly but not every day,About half,6-7 hrs,Often,6-10 hrs,Somewhat different,Almost every day,Neither good nor bad,Strong support,Very dissatisfied,Not at all,Very healthy and balanced,EEE,EEE,C1_3_20_to_3_49,C3_3_75_plus,False,0,2,0,3,0,2,2,2,3,2,4,2,4,4,0,1,3,3.35,0.875,4,0.312,0.583,0.75,0.167,0.0,-1.0,0.125
kuet,KUET,7.0,3.75+,3.75+,Very dissatisfied,75-89%,7-10 hrs,Mostly consistent routine,A little,6-7 hrs,Never,6-10 hrs,Somewhat different,Never,Somewhat distracting,No support,Very dissatisfied,Mostly,Average,URP,URP,C3_3_75_plus,C3_3_75_plus,False,0,2,0,3,2,3,1,2,0,2,0,1,0,2,3,3,3,3.87,0.875,4,0.75,0.667,0.125,0.417,0.125,0.5,0.0
kuet,KUET,7.0,Below,Below,Very dissatisfied,90% or more,More than 15 hrs,Mostly consistent routine,A little,More than 8 hrs,Never,None,Mostly different,Sometimes,Somewhat distracting,Very little support,Very dissatisfied,Slightly,Difficult to manage,CE,CE,C0_below_3_20,C0_below_3_20,False,0,1,0,4,4,3,1,4,0,0,2,1,1,1,1,0,0,3.0,0.875,4,0.812,0.75,0.25,0.167,0.25,0.5,-0.125
kuet,KUET,7.0,3.50 - 3.74,3.75+,Neutral,75-89%,7-10 hrs,Mostly just before exams,Almost everything,Less than 5 hrs,Never,None,"Yes, exactly what I wanted",Never,Excellent for focused study,Good support,Very dissatisfied,Slightly,Mostly manageable,ChE,ChE,C3_3_75_plus,C2_3_50_to_3_74,False,0,4,2,3,2,1,4,0,0,0,0,4,3,3,1,3,2,3.87,0.875,4,0.625,0.583,0.875,0.417,0.5,0.5,-0.375
kuet,KUET,7.0,Below,3.2 - 3.49,Very dissatisfied,75-89%,Less than 3 hrs,Regularly but not every day,Almost nothing,7-8 hrs,Never,11-15 hrs,Not at all what I wanted,Almost every day,Very distracting,Strong support,Very dissatisfied,Slightly,Completely unmanageable,IEM,IEM,C1_3_20_to_3_49,C0_below_3_20,False,0,0,0,3,0,2,0,3,0,3,4,0,4,0,1,1,0,3.35,0.875,4,0.312,0.583,0.5,0.083,0.0,-1.0,0.375
kuet,KUET,7.0,3.50 - 3.74,3.75+,Very dissatisfied,75-89%,3-6 hrs,Mostly consistent routine,Almost nothing,6-7 hrs,Often,None,Close to what I wanted,Often,Very distracting,Good support,Very dissatisfied,Completely,Average,LE,LE,C3_3_75_plus,C2_3_50_to_3_74,False,0,3,0,3,1,3,0,2,3,0,3,0,3,2,4,3,2,3.87,0.875,4,0.5,0.417,0.375,0.583,0.0,-0.5,0.125
kuet,KUET,7.0,3.75+,3.50 - 3.74,Very satisfied,90% or more,11-15 hrs,Mostly just before exams,A little,Less than 5 hrs,Almost always,1-5 hrs,Somewhat different,Never,Excellent for focused study,Very little support,Very dissatisfied,Mostly,Mostly manageable,ME,ME,C2_3_50_to_3_74,C3_3_75_plus,False,0,2,4,4,3,1,1,0,4,1,0,4,1,3,3,2,3,3.62,0.875,4,0.75,0.25,0.625,0.417,0.188,0.75,0.25
kuet,KUET,7.0,Below,3.75+,Very dissatisfied,60-74%,7-10 hrs,Mostly just before exams,A little,7-8 hrs,Almost always,6-10 hrs,"Yes, exactly what I wanted",Often,Neither good nor bad,Some support,Very dissatisfied,Completely,Average,TE,TE,C3_3_75_plus,C0_below_3_20,False,0,4,0,2,2,1,1,3,4,2,3,2,2,2,4,3,0,3.87,0.875,4,0.375,0.417,0.5,0.667,0.125,-0.25,0.5
kuet,KUET,7.0,Below,3.2 - 3.49,Very dissatisfied,60-74%,More than 15 hrs,Mostly consistent routine,About half,Less than 5 hrs,Often,More than 15 hrs,Close to what I wanted,Sometimes,Very distracting,Very little support,Very dissatisfied,Somewhat,Very healthy and balanced,CE,CE,C1_3_20_to_3_49,C0_below_3_20,False,0,3,0,2,4,3,2,0,3,4,2,0,1,4,2,1,0,3.35,0.875,4,0.688,0.417,0.125,0.417,0.5,0.5,0.375
kuet,KUET,7.0,3.20 - 3.49,3.75+,Very dissatisfied,75-89%,11-15 hrs,Regularly but not every day,Almost everything,More than 8 hrs,Rarely,1-5 hrs,Mostly different,Rarely,Mostly suitable,Good support,Very satisfied,Mostly,Very healthy and balanced,EEE,EEE,C3_3_75_plus,C1_3_20_to_3_49,False,4,1,0,3,3,2,4,4,1,1,1,3,3,4,3,3,1,3.87,0.875,4,0.688,0.917,0.75,0.667,0.75,0.5,-0.25
kuet,KUET,7.0,3.50 - 3.74,3.75+,Very dissatisfied,90% or more,Less than 3 hrs,Occasionally when necessary,Almost everything,Less than 5 hrs,Sometimes,None,Somewhat different,Often,Somewhat distracting,No support,Neutral,Not at all,Mostly manageable,LE,LE,C3_3_75_plus,C2_3_50_to_3_74,False,2,2,0,4,0,0,4,0,2,0,3,1,0,3,0,3,2,3.87,0.875,4,0.312,0.417,0.125,0.333,0.0,-0.75,-0.125
kuet,KUET,7.0,3.50 - 3.74,3.2 - 3.49,Neutral,60-74%,3-6 hrs,Regularly but not every day,About half,More than 8 hrs,Never,6-10 hrs,Somewhat different,Often,Somewhat distracting,No support,Very dissatisfied,Slightly,Average,URP,URP,C1_3_20_to_3_49,C2_3_50_to_3_74,False,0,2,2,2,1,2,2,4,0,2,3,1,0,2,1,1,2,3.35,0.875,4,0.375,0.833,0.125,0.25,0.125,-0.5,0.0
kuet,KUET,7.0,3.20 - 3.49,3.50 - 3.74,Very dissatisfied,60-74%,7-10 hrs,Mostly just before exams,About half,More than 8 hrs,Almost always,6-10 hrs,Somewhat different,Rarely,Neither good nor bad,Some support,Very satisfied,Mostly,Mostly manageable,ME,ME,C2_3_50_to_3_74,C1_3_20_to_3_49,False,4,2,0,2,2,1,2,4,4,2,1,2,2,3,3,2,1,3.62,0.875,4,0.5,0.583,0.5,0.75,0.25,0.25,0.375
kuet,KUET,7.0,Below,3.2 - 3.49,Very dissatisfied,60-74%,3-6 hrs,Regularly but not every day,Almost nothing,7-8 hrs,Sometimes,11-15 hrs,Somewhat different,Never,Mostly suitable,Strong support,Very dissatisfied,Somewhat,Average,CSE,CSE,C1_3_20_to_3_49,C0_below_3_20,False,0,2,0,2,1,2,0,3,2,3,0,3,4,2,2,1,0,3.35,0.875,4,0.562,0.583,0.875,0.333,0.0,0.25,0.375
kuet,KUET,7.0,3.75+,3.2 - 3.49,Very dissatisfied,75-89%,More than 15 hrs,Regularly but not every day,Almost everything,5-6 hrs,Rarely,6-10 hrs,Somewhat different,Never,Neither good nor bad,Very little support,Very dissatisfied,Slightly,Completely unmanageable,TE,TE,C1_3_20_to_3_49,C3_3_75_plus,False,0,2,0,3,4,2,4,1,1,2,0,2,1,0,1,1,3,3.35,0.875,4,0.812,0.333,0.375,0.25,1.0,1.0,0.375
kuet,KUET,7.0,Below,3.50 - 3.74,Very dissatisfied,90% or more,7-10 hrs,Occasionally when necessary,About half,7-8 hrs,Rarely,None,"Yes, exactly what I wanted",Never,Somewhat distracting,Good support,Very dissatisfied,Completely,Mostly manageable,IEM,IEM,C2_3_50_to_3_74,C0_below_3_20,False,0,4,0,4,2,0,2,3,1,0,0,1,3,3,4,2,0,3.62,0.875,4,0.625,0.75,0.5,0.667,0.25,0.5,-0.25
kuet,KUET,7.0,Below,3.2 - 3.49,Very dissatisfied,60-74%,Less than 3 hrs,Occasionally when necessary,Most of it,6-7 hrs,Often,None,"Yes, exactly what I wanted",Sometimes,Mostly suitable,Some support,Neutral,Somewhat,Completely unmanageable,MTE,MTE,C1_3_20_to_3_49,C0_below_3_20,False,2,4,0,2,0,0,3,2,3,0,2,3,2,0,2,1,0,3.35,0.875,4,0.25,0.25,0.625,0.667,0.0,-0.5,0.375
kuet,KUET,7.0,3.50 - 3.74,3.2 - 3.49,Very dissatisfied,90% or more,Less than 3 hrs,Mostly just before exams,A little,Less than 5 hrs,Sometimes,1-5 hrs,"Yes, exactly what I wanted",Never,Somewhat distracting,Strong support,Very satisfied,Somewhat,Completely unmanageable,BECM,BECM,C1_3_20_to_3_49,C2_3_50_to_3_74,False,4,4,0,4,0,1,1,0,2,1,0,1,4,0,2,1,2,3.35,0.875,4,0.562,0.167,0.625,0.833,0.0,0.0,0.375
kuet,KUET,7.0,Below,Below,Very dissatisfied,90% or more,More than 15 hrs,Occasionally when necessary,About half,More than 8 hrs,Often,None,"Yes, exactly what I wanted",Sometimes,Very distracting,No support,Very dissatisfied,Completely,Completely unmanageable,ESE,ESE,C0_below_3_20,C0_below_3_20,False,0,4,0,4,4,0,2,4,3,0,2,0,0,0,4,0,0,3.0,0.875,4,0.625,0.417,0.0,0.667,0.5,0.5,0.375
kuet,KUET,7.0,3.20 - 3.49,3.2 - 3.49,Neutral,90% or more,More than 15 hrs,Consistent throughout the semester,A little,Less than 5 hrs,Never,6-10 hrs,"Yes, exactly what I wanted",Almost every day,Very distracting,Good support,Very dissatisfied,Slightly,Completely unmanageable,BME,BME,C1_3_20_to_3_49,C1_3_20_to_3_49,False,0,4,2,4,4,4,1,0,0,2,4,0,3,0,1,1,1,3.35,0.875,4,0.75,0.333,0.375,0.417,0.25,0.0,0.25
kuet,KUET,7.0,Below,3.50 - 3.74,Very satisfied,90% or more,3-6 hrs,Occasionally when necessary,Most of it,5-6 hrs,Often,1-5 hrs,Somewhat different,Rarely,Mostly suitable,Strong support,Very dissatisfied,Not at all,Completely unmanageable,MSE,MSE,C2_3_50_to_3_74,C0_below_3_20,False,0,2,4,4,1,0,3,1,3,1,1,3,4,0,0,2,0,3.62,0.875,4,0.5,0.167,0.875,0.167,0.188,0.0,0.5
kuet,KUET,7.0,3.20 - 3.49,3.50 - 3.74,Very dissatisfied,60-74%,3-6 hrs,Consistent throughout the semester,About half,5-6 hrs,Rarely,None,Somewhat different,Almost every day,Mostly suitable,Some support,Very dissatisfied,Somewhat,Average,BECM,BECM,C2_3_50_to_3_74,C1_3_20_to_3_49,False,0,2,0,2,1,4,2,1,1,0,4,3,2,2,2,2,1,3.62,0.875,4,0.438,0.5,0.625,0.333,0.125,-0.75,-0.125
kuet,KUET,7.0,Below,3.75+,Neutral,75-89%,11-15 hrs,Occasionally when necessary,Almost everything,7-8 hrs,Often,None,Somewhat different,Sometimes,Very distracting,Very little support,Very satisfied,Not at all,Average,EEE,EEE,C3_3_75_plus,C0_below_3_20,False,4,2,2,3,3,0,4,3,3,0,2,0,1,2,0,3,0,3.87,0.875,4,0.5,0.5,0.125,0.5,0.75,0.25,0.125
kuet,KUET,7.0,Below,3.2 - 3.49,Very dissatisfied,75-89%,11-15 hrs,Regularly but not every day,Almost nothing,Less than 5 hrs,Rarely,None,Mostly different,Sometimes,Very distracting,Very little support,Very dissatisfied,Slightly,Average,CE,CE,C1_3_20_to_3_49,C0_below_3_20,False,0,1,0,3,3,2,0,0,1,0,2,0,1,2,1,1,0,3.35,0.875,4,0.625,0.417,0.125,0.167,0.0,0.25,-0.125
kuet,KUET,7.0,Below,3.50 - 3.74,Very dissatisfied,90% or more,3-6 hrs,Mostly consistent routine,About half,5-6 hrs,Rarely,More than 15 hrs,Somewhat different,Rarely,Excellent for focused study,Some support,Very dissatisfied,Not at all,Mostly manageable,ARCH,ARCH,C2_3_50_to_3_74,C0_below_3_20,False,0,2,0,4,1,3,2,1,1,4,1,4,2,3,0,2,0,3.62,0.875,4,0.688,0.583,0.75,0.167,0.125,0.0,0.25
kuet,KUET,7.0,Below,Below,Very dissatisfied,90% or more,Less than 3 hrs,Mostly consistent routine,About half,5-6 hrs,Rarely,1-5 hrs,Somewhat different,Rarely,Excellent for focused study,Good support,Very dissatisfied,Completely,Completely unmanageable,ECE,ECE,C0_below_3_20,C0_below_3_20,False,0,2,0,4,0,3,2,1,1,1,1,4,3,0,4,0,0,3.0,0.875,4,0.625,0.333,0.875,0.5,0.0,-0.25,0.25
kuet,KUET,7.0,3.75+,3.50 - 3.74,Very dissatisfied,90% or more,7-10 hrs,Mostly just before exams,About half,6-7 hrs,Almost always,11-15 hrs,Somewhat different,Sometimes,Mostly suitable,No support,Very satisfied,Somewhat,Mostly manageable,MSE,MSE,C2_3_50_to_3_74,C3_3_75_plus,False,4,2,0,4,2,1,2,2,4,3,2,3,0,3,2,2,3,3.62,0.875,4,0.562,0.417,0.375,0.667,0.25,0.0,0.5
kuet,KUET,7.0,3.75+,Below,Very dissatisfied,75-89%,Less than 3 hrs,Mostly just before exams,Almost everything,More than 8 hrs,Often,More than 15 hrs,Not at all what I wanted,Often,Neither good nor bad,Strong support,Very dissatisfied,Slightly,Difficult to manage,EEE,EEE,C0_below_3_20,C3_3_75_plus,False,0,0,0,3,0,1,4,4,3,4,3,2,4,1,1,0,3,3.0,0.875,4,0.312,0.5,0.75,0.083,0.0,-0.75,0.75
kuet,KUET,7.0,3.20 - 3.49,3.50 - 3.74,Very satisfied,60-74%,Less than 3 hrs,Mostly just before exams,Almost nothing,Less than 5 hrs,Rarely,11-15 hrs,Somewhat different,Often,Somewhat distracting,Some support,Very dissatisfied,Not at all,Completely unmanageable,ME,ME,C2_3_50_to_3_74,C1_3_20_to_3_49,False,0,2,4,2,0,1,0,0,1,3,3,1,2,0,0,2,1,3.62,0.875,4,0.25,0.25,0.375,0.167,0.0,-0.75,0.5
kuet,KUET,7.0,3.20 - 3.49,3.50 - 3.74,Very dissatisfied,60-74%,Less than 3 hrs,Occasionally when necessary,About half,7-8 hrs,Rarely,None,Mostly different,Never,Excellent for focused study,Some support,Very dissatisfied,Completely,Mostly manageable,IEM,IEM,C2_3_50_to_3_74,C1_3_20_to_3_49,False,0,1,0,2,0,0,2,3,1,0,0,4,2,3,4,2,1,3.62,0.875,4,0.375,0.75,0.75,0.417,0.0,0.0,-0.25
kuet,KUET,7.0,Below,3.50 - 3.74,Neutral,60-74%,11-15 hrs,Regularly but not every day,Almost everything,Less than 5 hrs,Almost always,1-5 hrs,"Yes, exactly what I wanted",Rarely,Very distracting,Some support,Very dissatisfied,Completely,Completely unmanageable,EEE,EEE,C2_3_50_to_3_74,C0_below_3_20,False,0,4,2,2,3,2,4,0,4,1,1,0,2,0,4,2,0,3.62,0.875,4,0.625,0.0,0.25,0.667,0.75,0.5,0.625
kuet,KUET,7.0,3.50 - 3.74,3.2 - 3.49,Very dissatisfied,90% or more,Less than 3 hrs,Consistent throughout the semester,Most of it,More than 8 hrs,Never,6-10 hrs,Close to what I wanted,Never,Somewhat distracting,Strong support,Very dissatisfied,Completely,Mostly manageable,ECE,ECE,C1_3_20_to_3_49,C2_3_50_to_3_74,False,0,3,0,4,0,4,3,4,0,2,0,1,4,3,4,1,2,3.35,0.875,4,0.75,0.917,0.625,0.583,0.0,0.0,-0.125
kuet,KUET,7.0,3.50 - 3.74,3.2 - 3.49,Very satisfied,60-74%,7-10 hrs,Occasionally when necessary,Almost nothing,5-6 hrs,Almost always,1-5 hrs,"Yes, exactly what I wanted",Almost every day,Somewhat distracting,Some support,Very dissatisfied,Completely,Very healthy and balanced,ME,ME,C1_3_20_to_3_49,C2_3_50_to_3_74,False,0,4,4,2,2,0,0,1,4,1,4,1,2,4,4,1,2,3.35,0.875,4,0.25,0.417,0.375,0.667,0.0,-0.5,0.125
kuet,KUET,7.0,3.50 - 3.74,Below,Very dissatisfied,75-89%,11-15 hrs,Mostly just before exams,Almost everything,More than 8 hrs,Almost always,More than 15 hrs,"Yes, exactly what I wanted",Often,Neither good nor bad,Good support,Neutral,Completely,Completely unmanageable,MTE,MTE,C0_below_3_20,C2_3_50_to_3_74,False,2,4,0,3,3,1,4,4,4,4,3,2,3,0,4,0,2,3.0,0.875,4,0.5,0.333,0.625,0.833,0.75,0.0,1.0
kuet,KUET,7.0,3.75+,3.50 - 3.74,Neutral,60-74%,Less than 3 hrs,Regularly but not every day,Almost nothing,Less than 5 hrs,Almost always,11-15 hrs,Mostly different,Never,Somewhat distracting,Some support,Very dissatisfied,Completely,Very healthy and balanced,LE,LE,C2_3_50_to_3_74,C3_3_75_plus,False,0,1,2,2,0,2,0,0,4,3,0,1,2,4,4,2,3,3.62,0.875,4,0.5,0.333,0.375,0.417,0.0,0.0,0.375
kuet,KUET,7.0,3.20 - 3.49,Below,Very dissatisfied,75-89%,More than 15 hrs,Mostly consistent routine,Almost everything,6-7 hrs,Never,1-5 hrs,Close to what I wanted,Often,Excellent for focused study,Strong support,Very dissatisfied,Completely,Mostly manageable,MSE,MSE,C0_below_3_20,C1_3_20_to_3_49,False,0,3,0,3,4,3,4,2,0,1,3,4,4,3,4,0,1,3.0,0.875,4,0.688,0.75,1.0,0.583,1.0,0.25,-0.25
kuet,KUET,7.0,3.75+,Below,Very satisfied,60-74%,Less than 3 hrs,Consistent throughout the semester,Almost nothing,Less than 5 hrs,Rarely,6-10 hrs,"Yes, exactly what I wanted",Often,Very distracting,No support,Very dissatisfied,Mostly,Very healthy and balanced,MSE,MSE,C0_below_3_20,C3_3_75_plus,False,0,4,4,2,0,4,0,0,1,2,3,0,0,4,3,0,3,3.0,0.875,4,0.438,0.583,0.0,0.583,0.0,-0.75,-0.125
kuet,KUET,7.0,Below,3.2 - 3.49,Very dissatisfied,90% or more,More than 15 hrs,Mostly just before exams,Almost everything,5-6 hrs,Almost always,6-10 hrs,Close to what I wanted,Often,Mostly suitable,Strong support,Very satisfied,Somewhat,Very healthy and balanced,TE,TE,C1_3_20_to_3_49,C0_below_3_20,False,4,3,0,4,4,1,4,1,4,2,3,3,4,4,2,1,0,3.35,0.875,4,0.625,0.417,0.875,0.75,1.0,0.25,0.25
kuet,KUET,7.0,3.75+,3.75+,Very dissatisfied,90% or more,3-6 hrs,Regularly but not every day,A little,More than 8 hrs,Rarely,11-15 hrs,Close to what I wanted,Sometimes,Excellent for focused study,Strong support,Neutral,Completely,Mostly manageable,TE,TE,C3_3_75_plus,C3_3_75_plus,False,2,3,0,4,1,2,1,4,1,3,2,4,4,3,4,3,3,3.87,0.875,4,0.562,0.833,1.0,0.75,0.062,-0.25,0.125
kuet,KUET,7.0,3.75+,3.75+,Very dissatisfied,75-89%,11-15 hrs,Consistent throughout the semester,About half,Less than 5 hrs,Never,1-5 hrs,"Yes, exactly what I wanted",Rarely,Mostly suitable,Some support,Very dissatisfied,Completely,Average,ESE,ESE,C3_3_75_plus,C3_3_75_plus,False,0,4,0,3,3,4,2,0,0,1,1,3,2,2,4,3,3,3.87,0.875,4,0.812,0.5,0.625,0.667,0.375,0.5,-0.125
kuet,KUET,7.0,Below,Below,Very dissatisfied,75-89%,3-6 hrs,Regularly but not every day,Most of it,5-6 hrs,Often,11-15 hrs,Not at all what I wanted,Almost every day,Very distracting,Strong support,Neutral,Slightly,Mostly manageable,ChE,ChE,C0_below_3_20,C0_below_3_20,False,2,0,0,3,1,2,3,1,3,3,4,0,4,3,1,0,0,3.0,0.875,4,0.375,0.417,0.5,0.25,0.188,-0.75,0.375
kuet,KUET,7.0,Below,Below,Neutral,60-74%,7-10 hrs,Occasionally when necessary,About half,7-8 hrs,Never,6-10 hrs,"Yes, exactly what I wanted",Almost every day,Very distracting,Some support,Very dissatisfied,Not at all,Average,ARCH,ARCH,C0_below_3_20,C0_below_3_20,False,0,4,2,2,2,0,2,3,0,2,4,0,2,2,0,0,0,3.0,0.875,4,0.25,0.75,0.25,0.333,0.25,-0.5,0.0
kuet,KUET,7.0,Below,3.50 - 3.74,Very satisfied,90% or more,11-15 hrs,Mostly consistent routine,Most of it,More than 8 hrs,Sometimes,6-10 hrs,Somewhat different,Often,Neither good nor bad,Good support,Very dissatisfied,Somewhat,Completely unmanageable,BME,BME,C2_3_50_to_3_74,C0_below_3_20,False,0,2,4,4,3,3,3,4,2,2,3,2,3,0,2,2,0,3.62,0.875,4,0.688,0.5,0.625,0.333,0.562,0.0,0.5
kuet,KUET,7.0,3.20 - 3.49,3.50 - 3.74,Very dissatisfied,90% or more,7-10 hrs,Occasionally when necessary,A little,7-8 hrs,Sometimes,1-5 hrs,Mostly different,Rarely,Neither good nor bad,Strong support,Neutral,Somewhat,Very healthy and balanced,CE,CE,C2_3_50_to_3_74,C1_3_20_to_3_49,False,2,1,0,4,2,0,1,3,2,1,1,2,4,4,2,2,1,3.62,0.875,4,0.562,0.75,0.75,0.417,0.125,0.25,-0.125
kuet,KUET,7.0,3.75+,3.75+,Very satisfied,90% or more,More than 15 hrs,Occasionally when necessary,Almost nothing,6-7 hrs,Sometimes,1-5 hrs,Close to what I wanted,Sometimes,Somewhat distracting,No support,Very dissatisfied,Mostly,Very healthy and balanced,URP,URP,C3_3_75_plus,C3_3_75_plus,False,0,3,4,4,4,0,0,2,2,1,2,1,0,4,3,3,3,3.87,0.875,4,0.625,0.667,0.125,0.5,0.0,0.5,-0.125
kuet,KUET,7.0,Below,Below,Very dissatisfied,60-74%,11-15 hrs,Mostly just before exams,A little,More than 8 hrs,Rarely,6-10 hrs,Close to what I wanted,Rarely,Excellent for focused study,Strong support,Very satisfied,Mostly,Completely unmanageable,ME,ME,C0_below_3_20,C0_below_3_20,False,4,3,0,2,3,1,1,4,1,2,1,4,4,0,3,0,0,3.0,0.875,4,0.562,0.583,1.0,0.833,0.188,0.5,0.375
kuet,KUET,7.0,Below,3.2 - 3.49,Neutral,60-74%,11-15 hrs,Mostly consistent routine,Almost everything,7-8 hrs,Rarely,11-15 hrs,Somewhat different,Rarely,Somewhat distracting,Good support,Very satisfied,Not at all,Completely unmanageable,LE,LE,C1_3_20_to_3_49,C0_below_3_20,False,4,2,2,2,3,3,4,3,1,3,1,1,3,0,0,1,0,3.35,0.875,4,0.688,0.5,0.5,0.5,0.75,0.5,0.5
kuet,KUET,7.0,Below,3.50 - 3.74,Neutral,60-74%,Less than 3 hrs,Mostly consistent routine,Most of it,5-6 hrs,Rarely,None,Not at all what I wanted,Almost every day,Very distracting,Very little support,Very satisfied,Somewhat,Average,CE,CE,C2_3_50_to_3_74,C0_below_3_20,False,4,0,2,2,0,3,3,1,1,0,4,0,1,2,2,2,0,3.62,0.875,4,0.312,0.5,0.125,0.5,0.0,-1.0,-0.125
kuet,KUET,7.0,3.20 - 3.49,3.50 - 3.74,Neutral,75-89%,Less than 3 hrs,Mostly consistent routine,Almost nothing,5-6 hrs,Sometimes,1-5 hrs,Somewhat different,Almost every day,Somewhat distracting,No support,Very dissatisfied,Somewhat,Very healthy and balanced,ME,ME,C2_3_50_to_3_74,C1_3_20_to_3_49,False,0,2,2,3,0,3,0,1,2,1,4,1,0,4,2,2,1,3.62,0.875,4,0.375,0.583,0.125,0.333,0.0,-1.0,-0.125
kuet,KUET,7.0,3.20 - 3.49,3.75+,Very satisfied,60-74%,More than 15 hrs,Mostly just before exams,About half,6-7 hrs,Sometimes,More than 15 hrs,Close to what I wanted,Rarely,Somewhat distracting,Good support,Very dissatisfied,Completely,Difficult to manage,BECM,BECM,C3_3_75_plus,C1_3_20_to_3_49,False,0,3,4,2,4,1,2,2,2,4,1,1,3,1,4,3,1,3.87,0.875,4,0.625,0.417,0.5,0.583,0.5,0.75,0.625
kuet,KUET,7.0,3.50 - 3.74,Below,Very dissatisfied,90% or more,3-6 hrs,Mostly consistent routine,A little,More than 8 hrs,Rarely,More than 15 hrs,Mostly different,Almost every day,Excellent for focused study,Good support,Very dissatisfied,Mostly,Average,BECM,BECM,C0_below_3_20,C2_3_50_to_3_74,False,0,1,0,4,1,3,1,4,1,4,4,4,3,2,3,0,2,3.0,0.875,4,0.5,0.75,0.875,0.333,0.062,-0.75,0.375
kuet,KUET,7.0,3.75+,3.50 - 3.74,Neutral,90% or more,3-6 hrs,Consistent throughout the semester,Almost everything,6-7 hrs,Rarely,More than 15 hrs,Mostly different,Never,Mostly suitable,Strong support,Very dissatisfied,Somewhat,Completely unmanageable,CSE,CSE,C2_3_50_to_3_74,C3_3_75_plus,False,0,1,2,4,1,4,4,2,1,4,0,3,4,0,2,2,3,3.62,0.875,4,0.812,0.417,0.875,0.25,0.25,0.25,0.625
kuet,KUET,7.0,3.50 - 3.74,3.50 - 3.74,Very dissatisfied,75-89%,7-10 hrs,Occasionally when necessary,Almost everything,6-7 hrs,Rarely,More than 15 hrs,"Yes, exactly what I wanted",Never,Very distracting,Strong support,Neutral,Mostly,Mostly manageable,ECE,ECE,C2_3_50_to_3_74,C2_3_50_to_3_74,False,2,4,0,3,2,0,4,2,1,4,0,0,4,3,3,2,2,3.62,0.875,4,0.562,0.667,0.5,0.75,0.5,0.5,0.25
kuet,KUET,7.0,3.20 - 3.49,Below,Very dissatisfied,90% or more,Less than 3 hrs,Consistent throughout the semester,Almost everything,5-6 hrs,Rarely,None,Not at all what I wanted,Almost every day,Excellent for focused study,No support,Very dissatisfied,Somewhat,Completely unmanageable,CE,CE,C0_below_3_20,C1_3_20_to_3_49,False,0,0,0,4,0,4,4,1,1,0,4,4,0,0,2,0,1,3.0,0.875,4,0.5,0.333,0.5,0.167,0.0,-1.0,0.125
kuet,KUET,7.0,3.50 - 3.74,3.50 - 3.74,Very dissatisfied,90% or more,3-6 hrs,Consistent throughout the semester,About half,5-6 hrs,Never,1-5 hrs,Close to what I wanted,Often,Neither good nor bad,No support,Very dissatisfied,Completely,Average,EEE,EEE,C2_3_50_to_3_74,C2_3_50_to_3_74,False,0,3,0,4,1,4,2,1,0,1,3,2,0,2,4,2,2,3.62,0.875,4,0.625,0.583,0.25,0.583,0.125,-0.5,-0.125
kuet,KUET,7.0,3.75+,3.75+,Very dissatisfied,90% or more,Less than 3 hrs,Regularly but not every day,About half,5-6 hrs,Almost always,None,Close to what I wanted,Rarely,Neither good nor bad,Very little support,Very dissatisfied,Not at all,Average,EEE,EEE,C3_3_75_plus,C3_3_75_plus,False,0,3,0,4,0,2,2,1,4,0,1,2,1,2,0,3,3,3.87,0.875,4,0.562,0.25,0.375,0.25,0.0,-0.25,0.25
kuet,KUET,7.0,Below,3.50 - 3.74,Very dissatisfied,90% or more,More than 15 hrs,Regularly but not every day,Almost everything,More than 8 hrs,Often,None,Mostly different,Often,Neither good nor bad,Some support,Very dissatisfied,Slightly,Average,IEM,IEM,C2_3_50_to_3_74,C0_below_3_20,False,0,1,0,4,4,2,4,4,3,0,3,2,2,2,1,2,0,3.62,0.875,4,0.688,0.583,0.5,0.167,1.0,0.25,0.125
kuet,KUET,7.0,Below,3.75+,Very dissatisfied,75-89%,More than 15 hrs,Regularly but not every day,Most of it,6-7 hrs,Almost always,None,"Yes, exactly what I wanted",Almost every day,Mostly suitable,Very little support,Very dissatisfied,Mostly,Difficult to manage,URP,URP,C3_3_75_plus,C0_below_3_20,False,0,4,0,3,4,2,3,2,4,0,4,3,1,1,3,3,0,3.87,0.875,4,0.562,0.25,0.5,0.583,0.75,0.0,0.375
kuet,KUET,7.0,3.50 - 3.74,3.2 - 3.49,Very dissatisfied,75-89%,More than 15 hrs,Occasionally when necessary,About half,More than 8 hrs,Rarely,More than 15 hrs,Somewhat different,Never,Mostly suitable,No support,Very satisfied,Completely,Very healthy and balanced,MTE,MTE,C1_3_20_to_3_49,C2_3_50_to_3_74,False,4,2,0,3,4,0,2,4,1,4,0,3,0,4,4,1,2,3.35,0.875,4,0.688,0.917,0.375,0.833,0.5,1.0,0.125
kuet,KUET,7.0,3.75+,3.2 - 3.49,Very dissatisfied,90% or more,3-6 hrs,Mostly consistent routine,About half,7-8 hrs,Sometimes,More than 15 hrs,Mostly different,Rarely,Very distracting,Some support,Very dissatisfied,Not at all,Very healthy and balanced,LE,LE,C1_3_20_to_3_49,C3_3_75_plus,False,0,1,0,4,1,3,2,3,2,4,1,0,2,4,0,1,3,3.35,0.875,4,0.688,0.75,0.25,0.083,0.125,0.0,0.25
kuet,KUET,7.0,3.75+,Below,Neutral,75-89%,3-6 hrs,Consistent throughout the semester,About half,More than 8 hrs,Never,1-5 hrs,Not at all what I wanted,Almost every day,Neither good nor bad,Strong support,Neutral,Completely,Average,URP,URP,C0_below_3_20,C3_3_75_plus,False,2,0,2,3,1,4,2,4,0,1,4,2,4,2,4,0,3,3.0,0.875,4,0.5,0.833,0.75,0.5,0.125,-0.75,-0.125
kuet,KUET,7.0,3.20 - 3.49,3.50 - 3.74,Very dissatisfied,60-74%,3-6 hrs,Mostly just before exams,Almost nothing,7-8 hrs,Almost always,6-10 hrs,Close to what I wanted,Rarely,Mostly suitable,Strong support,Very dissatisfied,Not at all,Average,ME,ME,C2_3_50_to_3_74,C1_3_20_to_3_49,False,0,3,0,2,1,1,0,3,4,2,1,3,4,2,0,2,1,3.62,0.875,4,0.438,0.417,0.875,0.25,0.0,0.0,0.5
kuet,KUET,7.0,3.50 - 3.74,3.75+,Very dissatisfied,60-74%,More than 15 hrs,Regularly but not every day,A little,Less than 5 hrs,Sometimes,6-10 hrs,Somewhat different,Almost every day,Mostly suitable,Very little support,Very satisfied,Not at all,Difficult to manage,ChE,ChE,C3_3_75_plus,C2_3_50_to_3_74,False,4,2,0,2,4,2,1,0,2,2,4,3,1,1,0,3,2,3.87,0.875,4,0.5,0.25,0.5,0.5,0.25,0.0,0.375
kuet,KUET,7.0,3.75+,3.2 - 3.49,Very dissatisfied,75-89%,3-6 hrs,Consistent throughout the semester,A little,6-7 hrs,Almost always,None,"Yes, exactly what I wanted",Rarely,Excellent for focused study,No support,Very dissatisfied,Mostly,Very healthy and balanced,TE,TE,C1_3_20_to_3_49,C3_3_75_plus,False,0,4,0,3,1,4,1,2,4,0,1,4,0,4,3,1,3,3.35,0.875,4,0.688,0.5,0.5,0.583,0.062,0.0,0.0
kuet,KUET,7.0,3.75+,Below,Very dissatisfied,90% or more,Less than 3 hrs,Regularly but not every day,A little,6-7 hrs,Sometimes,1-5 hrs,Not at all what I wanted,Never,Excellent for focused study,No support,Very satisfied,Slightly,Average,ESE,ESE,C0_below_3_20,C3_3_75_plus,False,4,0,0,4,0,2,1,2,2,1,0,4,0,2,1,0,3,3.0,0.875,4,0.625,0.5,0.5,0.417,0.0,0.0,0.125
kuet,KUET,7.0,3.50 - 3.74,3.50 - 3.74,Very dissatisfied,90% or more,7-10 hrs,Mostly just before exams,A little,6-7 hrs,Rarely,11-15 hrs,Close to what I wanted,Often,Mostly suitable,No support,Very dissatisfied,Somewhat,Completely unmanageable,TE,TE,C2_3_50_to_3_74,C2_3_50_to_3_74,False,0,3,0,4,2,1,1,2,1,3,3,3,0,0,2,2,2,3.62,0.875,4,0.5,0.417,0.375,0.417,0.125,-0.25,0.5
kuet,KUET,7.0,3.50 - 3.74,Below,Very dissatisfied,90% or more,11-15 hrs,Consistent throughout the semester,About half,6-7 hrs,Never,11-15 hrs,"Yes, exactly what I wanted",Often,Neither good nor bad,Very little support,Neutral,Slightly,Very healthy and balanced,BME,BME,C0_below_3_20,C2_3_50_to_3_74,False,2,4,0,4,3,4,2,2,0,3,3,2,1,4,1,0,2,3.0,0.875,4,0.75,0.833,0.375,0.583,0.375,0.0,-0.125
kuet,KUET,7.0,3.50 - 3.74,3.2 - 3.49,Neutral,75-89%,7-10 hrs,Mostly consistent routine,About half,7-8 hrs,Almost always,None,Close to what I wanted,Almost every day,Excellent for focused study,No support,Very dissatisfied,Slightly,Completely unmanageable,ARCH,ARCH,C1_3_20_to_3_49,C2_3_50_to_3_74,False,0,3,2,3,2,3,2,3,4,0,4,4,0,0,1,1,2,3.35,0.875,4,0.5,0.25,0.5,0.333,0.25,-0.5,0.5
kuet,KUET,7.0,3.20 - 3.49,3.2 - 3.49,Very satisfied,90% or more,11-15 hrs,Mostly just before exams,Almost nothing,Less than 5 hrs,Often,More than 15 hrs,Somewhat different,Rarely,Very distracting,Strong support,Very dissatisfied,Not at all,Completely unmanageable,ME,ME,C1_3_20_to_3_49,C1_3_20_to_3_49,False,0,2,4,4,3,1,0,0,3,4,1,0,4,0,0,1,1,3.35,0.875,4,0.688,0.083,0.5,0.167,0.0,0.5,0.875
kuet,KUET,7.0,3.50 - 3.74,3.50 - 3.74,Very satisfied,60-74%,Less than 3 hrs,Occasionally when necessary,Almost everything,5-6 hrs,Rarely,None,Mostly different,Sometimes,Very distracting,Some support,Very dissatisfied,Completely,Completely unmanageable,BECM,BECM,C2_3_50_to_3_74,C2_3_50_to_3_74,False,0,1,4,2,0,0,4,1,1,0,2,0,2,0,4,2,2,3.62,0.875,4,0.25,0.333,0.25,0.417,0.0,-0.5,0.125
kuet,KUET,7.0,3.50 - 3.74,3.2 - 3.49,Very dissatisfied,90% or more,More than 15 hrs,Mostly just before exams,Almost nothing,6-7 hrs,Sometimes,6-10 hrs,Mostly different,Never,Mostly suitable,Some support,Very dissatisfied,Completely,Completely unmanageable,MSE,MSE,C1_3_20_to_3_49,C2_3_50_to_3_74,False,0,1,0,4,4,1,0,2,2,2,0,3,2,0,4,1,2,3.35,0.875,4,0.812,0.333,0.625,0.417,0.0,1.0,0.5
kuet,KUET,7.0,3.20 - 3.49,3.75+,Very dissatisfied,75-89%,7-10 hrs,Mostly consistent routine,Most of it,More than 8 hrs,Rarely,11-15 hrs,Somewhat different,Never,Very distracting,Very little support,Very dissatisfied,Somewhat,Very healthy and balanced,BECM,BECM,C3_3_75_plus,C1_3_20_to_3_49,False,0,2,0,3,2,3,3,4,1,3,0,0,1,4,2,3,1,3.87,0.875,4,0.75,0.917,0.125,0.333,0.375,0.5,0.0
kuet,KUET,7.0,3.50 - 3.74,Below,Neutral,60-74%,3-6 hrs,Mostly consistent routine,A little,5-6 hrs,Never,6-10 hrs,Not at all what I wanted,Often,Neither good nor bad,Good support,Very dissatisfied,Slightly,Mostly manageable,EEE,EEE,C0_below_3_20,C2_3_50_to_3_74,False,0,0,2,2,1,3,1,1,0,2,3,2,3,3,1,0,2,3.0,0.875,4,0.438,0.667,0.625,0.083,0.062,-0.5,-0.125
kuet,KUET,7.0,3.50 - 3.74,3.75+,Very satisfied,60-74%,3-6 hrs,Occasionally when necessary,Almost everything,6-7 hrs,Often,None,Mostly different,Rarely,Neither good nor bad,Good support,Neutral,Not at all,Difficult to manage,CE,CE,C3_3_75_plus,C2_3_50_to_3_74,False,2,1,4,2,1,0,4,2,3,0,1,2,3,1,0,3,2,3.87,0.875,4,0.375,0.333,0.625,0.25,0.25,0.0,0.25
kuet,KUET,7.0,3.75+,3.2 - 3.49,Very dissatisfied,90% or more,Less than 3 hrs,Mostly just before exams,Almost everything,Less than 5 hrs,Sometimes,11-15 hrs,Close to what I wanted,Often,Mostly suitable,Some support,Very satisfied,Somewhat,Completely unmanageable,IEM,IEM,C1_3_20_to_3_49,C3_3_75_plus,False,4,3,0,4,0,1,4,0,2,3,3,3,2,0,2,1,3,3.35,0.875,4,0.375,0.167,0.625,0.75,0.0,-0.75,0.625
kuet,KUET,7.0,3.50 - 3.74,3.50 - 3.74,Very dissatisfied,60-74%,11-15 hrs,Consistent throughout the semester,Most of it,5-6 hrs,Sometimes,1-5 hrs,Close to what I wanted,Never,Neither good nor bad,Good support,Very dissatisfied,Mostly,Difficult to manage,ECE,ECE,C2_3_50_to_3_74,C2_3_50_to_3_74,False,0,3,0,2,3,4,3,1,2,1,0,2,3,1,3,2,2,3.62,0.875,4,0.812,0.333,0.625,0.5,0.562,0.75,0.25
kuet,KUET,7.0,3.20 - 3.49,3.75+,Very dissatisfied,90% or more,Less than 3 hrs,Consistent throughout the semester,About half,6-7 hrs,Rarely,None,Not at all what I wanted,Sometimes,Very distracting,No support,Very dissatisfied,Mostly,Difficult to manage,CE,CE,C3_3_75_plus,C1_3_20_to_3_49,False,0,0,0,4,0,4,2,2,1,0,2,0,0,1,3,3,1,3.87,0.875,4,0.625,0.5,0.0,0.25,0.0,-0.5,0.0
kuet,KUET,7.0,3.75+,3.75+,Very dissatisfied,75-89%,7-10 hrs,Occasionally when necessary,Most of it,More than 8 hrs,Sometimes,6-10 hrs,Close to what I wanted,Sometimes,Very distracting,Good support,Very dissatisfied,Not at all,Difficult to manage,MSE,MSE,C3_3_75_plus,C3_3_75_plus,False,0,3,0,3,2,0,3,4,2,2,2,0,3,1,0,3,3,3.87,0.875,4,0.438,0.583,0.375,0.25,0.375,0.0,0.375
kuet,KUET,7.0,3.75+,3.75+,Very dissatisfied,90% or more,11-15 hrs,Occasionally when necessary,Almost nothing,More than 8 hrs,Almost always,None,Not at all what I wanted,Never,Very distracting,Some support,Very dissatisfied,Not at all,Difficult to manage,ME,ME,C3_3_75_plus,C3_3_75_plus,False,0,0,0,4,3,0,0,4,4,0,0,0,2,1,0,3,3,3.87,0.875,4,0.688,0.417,0.25,0.0,0.0,0.75,0.375
kuet,KUET,7.0,3.20 - 3.49,Below,Very dissatisfied,75-89%,7-10 hrs,Consistent throughout the semester,A little,More than 8 hrs,Almost always,More than 15 hrs,Close to what I wanted,Never,Mostly suitable,Very little support,Neutral,Mostly,Very healthy and balanced,CSE,CSE,C0_below_3_20,C1_3_20_to_3_49,False,2,3,0,3,2,4,1,4,4,4,0,3,1,4,3,0,1,3.0,0.875,4,0.812,0.667,0.5,0.667,0.125,0.5,0.5
kuet,KUET,7.0,3.50 - 3.74,Below,Very dissatisfied,75-89%,11-15 hrs,Consistent throughout the semester,Almost nothing,Less than 5 hrs,Almost always,11-15 hrs,Not at all what I wanted,Often,Mostly suitable,Some support,Very dissatisfied,Completely,Very healthy and balanced,LE,LE,C0_below_3_20,C2_3_50_to_3_74,False,0,0,0,3,3,4,0,0,4,3,3,3,2,4,4,0,2,3.0,0.875,4,0.688,0.333,0.625,0.333,0.0,0.0,0.375
kuet,KUET,7.0,3.50 - 3.74,3.2 - 3.49,Neutral,75-89%,Less than 3 hrs,Mostly just before exams,A little,6-7 hrs,Never,More than 15 hrs,Close to what I wanted,Rarely,Mostly suitable,Some support,Very satisfied,Completely,Completely unmanageable,EEE,EEE,C1_3_20_to_3_49,C2_3_50_to_3_74,False,4,3,2,3,0,1,1,2,0,4,1,3,2,0,4,1,2,3.35,0.875,4,0.438,0.5,0.625,0.917,0.0,-0.25,0.5
kuet,KUET,7.0,Below,3.2 - 3.49,Very dissatisfied,75-89%,Less than 3 hrs,Mostly consistent routine,About half,7-8 hrs,Rarely,6-10 hrs,"Yes, exactly what I wanted",Never,Very distracting,Strong support,Very dissatisfied,Slightly,Difficult to manage,EEE,EEE,C1_3_20_to_3_49,C0_below_3_20,False,0,4,0,3,0,3,2,3,1,2,0,0,4,1,1,1,0,3.35,0.875,4,0.625,0.583,0.5,0.417,0.0,0.0,0.25
kuet,KUET,7.0,Below,3.50 - 3.74,Very dissatisfied,60-74%,Less than 3 hrs,Mostly consistent routine,A little,7-8 hrs,Almost always,11-15 hrs,"Yes, exactly what I wanted",Never,Very distracting,Good support,Very satisfied,Not at all,Mostly manageable,URP,URP,C2_3_50_to_3_74,C0_below_3_20,False,4,4,0,2,0,3,1,3,4,3,0,0,3,3,0,2,0,3.62,0.875,4,0.562,0.5,0.375,0.667,0.0,0.0,0.5
kuet,KUET,7.0,3.20 - 3.49,Below,Very dissatisfied,60-74%,More than 15 hrs,Regularly but not every day,Almost nothing,Less than 5 hrs,Almost always,More than 15 hrs,Mostly different,Sometimes,Excellent for focused study,No support,Very satisfied,Completely,Mostly manageable,IEM,IEM,C0_below_3_20,C1_3_20_to_3_49,False,4,1,0,2,4,2,0,0,4,4,2,4,0,3,4,0,1,3.0,0.875,4,0.625,0.25,0.5,0.75,0.0,0.5,0.625
kuet,KUET,7.0,3.75+,3.50 - 3.74,Neutral,75-89%,Less than 3 hrs,Consistent throughout the semester,Almost nothing,5-6 hrs,Almost always,11-15 hrs,Not at all what I wanted,Never,Neither good nor bad,Good support,Very dissatisfied,Somewhat,Completely unmanageable,CE,CE,C2_3_50_to_3_74,C3_3_75_plus,False,0,0,2,3,0,4,0,1,4,3,0,2,3,0,2,2,3,3.62,0.875,4,0.688,0.083,0.625,0.167,0.0,0.0,0.875
kuet,KUET,7.0,3.20 - 3.49,3.50 - 3.74,Very dissatisfied,75-89%,11-15 hrs,Consistent throughout the semester,Almost nothing,More than 8 hrs,Never,1-5 hrs,Somewhat different,Often,Very distracting,Strong support,Very dissatisfied,Not at all,Completely unmanageable,EEE,EEE,C2_3_50_to_3_74,C1_3_20_to_3_49,False,0,2,0,3,3,4,0,4,0,1,3,0,4,0,0,2,1,3.62,0.875,4,0.688,0.667,0.5,0.167,0.0,0.0,0.125
kuet,KUET,7.0,3.75+,Below,Very dissatisfied,90% or more,More than 15 hrs,Regularly but not every day,Most of it,Less than 5 hrs,Often,None,Somewhat different,Often,Neither good nor bad,Some support,Very satisfied,Slightly,Mostly manageable,LE,LE,C0_below_3_20,C3_3_75_plus,False,4,2,0,4,4,2,3,0,3,0,3,2,2,3,1,0,3,3.0,0.875,4,0.688,0.333,0.5,0.583,0.75,0.25,0.0
kuet,KUET,7.0,3.20 - 3.49,3.2 - 3.49,Very dissatisfied,90% or more,7-10 hrs,Mostly just before exams,Most of it,Less than 5 hrs,Sometimes,More than 15 hrs,Close to what I wanted,Never,Very distracting,Strong support,Very dissatisfied,Somewhat,Completely unmanageable,ME,ME,C1_3_20_to_3_49,C1_3_20_to_3_49,False,0,3,0,4,2,1,3,0,2,4,0,0,4,0,2,1,1,3.35,0.875,4,0.688,0.167,0.5,0.417,0.375,0.5,0.75
kuet,KUET,7.0,3.75+,Below,Very dissatisfied,60-74%,Less than 3 hrs,Regularly but not every day,About half,More than 8 hrs,Never,6-10 hrs,Somewhat different,Almost every day,Mostly suitable,Some support,Very dissatisfied,Mostly,Completely unmanageable,BME,BME,C0_below_3_20,C3_3_75_plus,False,0,2,0,2,0,2,2,4,0,2,4,3,2,0,3,0,3,3.0,0.875,4,0.25,0.667,0.625,0.417,0.0,-1.0,0.25
kuet,KUET,7.0,3.75+,3.2 - 3.49,Very dissatisfied,60-74%,11-15 hrs,Mostly just before exams,Most of it,5-6 hrs,Sometimes,6-10 hrs,Close to what I wanted,Never,Excellent for focused study,Some support,Very dissatisfied,Mostly,Difficult to manage,CE,CE,C1_3_20_to_3_49,C3_3_75_plus,False,0,3,0,2,3,1,3,1,2,2,0,4,2,1,3,1,3,3.35,0.875,4,0.625,0.333,0.75,0.5,0.562,0.75,0.375
kuet,KUET,4.0,3.75+,3.50 - 3.74,Satisfied,90% or more,Less than 3 hrs,Occasionally when necessary,About half,6-7 hrs,Rarely,1-5 hrs,Close to what I wanted,Often,Excellent for focused study,Strong support,Neutral,Mostly,Average,CSE,CSE,C2_3_50_to_3_74,C3_3_75_plus,False,2,3,3,4,0,0,2,2,1,1,3,4,4,2,3,2,3,3.62,0.5,2,0.312,0.583,1.0,0.667,0.0,-0.75,0.0
kuet,KUET,7.0,Below,3.2 - 3.49,Neutral,60-74%,Less than 3 hrs,Mostly just before exams,Almost nothing,7-8 hrs,Rarely,More than 15 hrs,Close to what I wanted,Sometimes,Neither good nor bad,Some support,Neutral,Somewhat,Difficult to manage,CSE,CSE,C1_3_20_to_3_49,C0_below_3_20,False,2,3,2,2,0,1,0,3,1,4,2,2,2,1,2,1,0,3.35,0.875,4,0.312,0.583,0.5,0.583,0.0,-0.5,0.5
kuet,KUET,7.0,3.20 - 3.49,3.50 - 3.74,Neutral,75-89%,7-10 hrs,Occasionally when necessary,About half,6-7 hrs,Often,11-15 hrs,"Yes, exactly what I wanted",Rarely,Mostly suitable,Strong support,Satisfied,Somewhat,Average,CSE,CSE,C2_3_50_to_3_74,C1_3_20_to_3_49,False,3,4,2,3,2,0,2,2,3,3,1,3,4,2,2,2,1,3.62,0.875,4,0.5,0.417,0.875,0.75,0.25,0.25,0.5
kuet,KUET,7.0,3.20 - 3.49,3.50 - 3.74,Satisfied,75-89%,7-10 hrs,Occasionally when necessary,About half,7-8 hrs,Never,None,Close to what I wanted,Rarely,Somewhat distracting,Good support,Satisfied,Somewhat,Mostly manageable,CSE,CSE,C2_3_50_to_3_74,C1_3_20_to_3_49,False,3,3,3,3,2,0,2,3,0,0,1,1,3,3,2,2,1,3.62,0.875,4,0.5,0.833,0.5,0.667,0.25,0.25,-0.375
kuet,KUET,4.0,3.50 - 3.74,3.50 - 3.74,Satisfied,90% or more,7-10 hrs,Regularly but not every day,Most of it,7-8 hrs,Rarely,None,"Yes, exactly what I wanted",Never,Mostly suitable,Strong support,Neutral,Mostly,Average,CSE,CSE,C2_3_50_to_3_74,C2_3_50_to_3_74,False,2,4,3,4,2,2,3,3,1,0,0,3,4,2,3,2,2,3.62,0.5,2,0.75,0.667,0.875,0.75,0.375,0.5,-0.125
kuet,KUET,7.0,3.75+,3.75+,Very satisfied,90% or more,7-10 hrs,Occasionally when necessary,A little,Less than 5 hrs,Often,None,Somewhat different,Almost every day,Mostly suitable,Good support,Satisfied,Mostly,Mostly manageable,MSE,MSE,C3_3_75_plus,C3_3_75_plus,False,3,2,4,4,2,0,1,0,3,0,4,3,3,3,3,3,3,3.87,0.875,4,0.375,0.333,0.75,0.667,0.125,-0.5,0.0
kuet,KUET,7.0,3.50 - 3.74,3.50 - 3.74,Dissatisfied,40-59%,3-6 hrs,Mostly just before exams,A little,Less than 5 hrs,Often,1-5 hrs,Not at all what I wanted,Almost every day,Neither good nor bad,Good support,Dissatisfied,Slightly,Average,MSE,MSE,C2_3_50_to_3_74,C2_3_50_to_3_74,False,1,0,1,1,1,1,1,0,3,1,4,2,3,2,1,2,2,3.62,0.875,4,0.188,0.25,0.625,0.167,0.062,-0.75,0.25
kuet,KUET,7.0,3.20 - 3.49,3.2 - 3.49,Dissatisfied,90% or more,7-10 hrs,Mostly consistent routine,Most of it,6-7 hrs,Often,6-10 hrs,Mostly different,Sometimes,Somewhat distracting,Very little support,Satisfied,Slightly,Average,MSE,MSE,C1_3_20_to_3_49,C1_3_20_to_3_49,False,3,1,1,4,2,3,3,2,3,2,2,1,1,2,1,1,1,3.35,0.875,4,0.688,0.417,0.25,0.417,0.375,0.0,0.375
kuet,KUET,7.0,3.50 - 3.74,3.50 - 3.74,Satisfied,60-74%,7-10 hrs,Mostly just before exams,Almost nothing,Less than 5 hrs,Almost always,1-5 hrs,Close to what I wanted,Almost every day,Excellent for focused study,No support,Dissatisfied,Slightly,Average,MSE,MSE,C2_3_50_to_3_74,C2_3_50_to_3_74,False,1,3,3,2,2,1,0,0,4,1,4,4,0,2,1,2,2,3.62,0.875,4,0.312,0.167,0.5,0.417,0.0,-0.5,0.375
kuet,KUET,3.0,3.20 - 3.49,3.2 - 3.49,Very dissatisfied,75-89%,Less than 3 hrs,Occasionally when necessary,Most of it,5-6 hrs,Sometimes,6-10 hrs,"Yes, exactly what I wanted",Sometimes,Excellent for focused study,Some support,Neutral,Somewhat,Completely unmanageable,CSE,CSE,C1_3_20_to_3_49,C1_3_20_to_3_49,False,2,4,0,3,0,0,3,1,2,2,2,4,2,0,2,1,1,3.35,0.375,2,0.312,0.25,0.75,0.667,0.0,-0.5,0.5
kuet,KUET,3.0,Below,Below,Neutral,90% or more,7-10 hrs,Regularly but not every day,A little,6-7 hrs,Sometimes,None,"Yes, exactly what I wanted",Sometimes,Neither good nor bad,No support,Neutral,Not at all,Average,CSE,CSE,C0_below_3_20,C0_below_3_20,False,2,4,2,4,2,2,1,2,2,0,2,2,0,2,0,0,0,3.0,0.375,2,0.625,0.5,0.25,0.5,0.125,0.0,0.0
kuet,KUET,3.0,3.20 - 3.49,3.2 - 3.49,Dissatisfied,75-89%,Less than 3 hrs,Occasionally when necessary,About half,5-6 hrs,Rarely,6-10 hrs,"Yes, exactly what I wanted",Almost every day,Somewhat distracting,Good support,Satisfied,Somewhat,Average,CSE,CSE,C1_3_20_to_3_49,C1_3_20_to_3_49,False,3,4,1,3,0,0,2,1,1,2,4,1,3,2,2,1,1,3.35,0.375,2,0.188,0.5,0.5,0.75,0.0,-1.0,0.125
kuet,KUET,3.0,3.20 - 3.49,3.2 - 3.49,Satisfied,90% or more,Less than 3 hrs,Mostly just before exams,Almost nothing,6-7 hrs,Never,1-5 hrs,Not at all what I wanted,Almost every day,Mostly suitable,Very little support,Neutral,Not at all,Average,CSE,CSE,C1_3_20_to_3_49,C1_3_20_to_3_49,False,2,0,3,4,0,1,0,2,0,1,4,3,1,2,0,1,1,3.35,0.375,2,0.312,0.667,0.5,0.167,0.0,-1.0,-0.125
kuet,KUET,3.0,Below,Below,Neutral,75-89%,7-10 hrs,Mostly consistent routine,A little,5-6 hrs,Sometimes,6-10 hrs,"Yes, exactly what I wanted",Sometimes,Somewhat distracting,No support,Neutral,Not at all,Difficult to manage,CSE,CSE,C0_below_3_20,C0_below_3_20,False,2,4,2,3,2,3,1,1,2,2,2,1,0,1,0,0,0,3.0,0.375,2,0.625,0.333,0.125,0.5,0.125,0.0,0.375
kuet,KUET,3.0,3.20 - 3.49,3.2 - 3.49,Dissatisfied,90% or more,11-15 hrs,Regularly but not every day,About half,5-6 hrs,Sometimes,11-15 hrs,"Yes, exactly what I wanted",Sometimes,Neither good nor bad,Strong support,Neutral,Mostly,Average,CSE,CSE,C1_3_20_to_3_49,C1_3_20_to_3_49,False,2,4,1,4,3,2,2,1,2,3,2,2,4,2,3,1,1,3.35,0.375,2,0.688,0.417,0.75,0.75,0.375,0.25,0.375
kuet,KUET,1.0,3.50 - 3.74,3.50 - 3.74,Neutral,90% or more,11-15 hrs,Regularly but not every day,Most of it,7-8 hrs,Sometimes,11-15 hrs,"Yes, exactly what I wanted",Rarely,Mostly suitable,Strong support,Satisfied,Mostly,Mostly manageable,CSE,CSE,C2_3_50_to_3_74,C2_3_50_to_3_74,False,3,4,2,4,3,2,3,3,2,3,1,3,4,3,3,2,2,3.62,0.125,1,0.75,0.667,0.875,0.833,0.562,0.5,0.25
kuet,KUET,1.0,3.20 - 3.49,3.2 - 3.49,Neutral,90% or more,Less than 3 hrs,Occasionally when necessary,About half,6-7 hrs,Sometimes,More than 15 hrs,"Yes, exactly what I wanted",Sometimes,Mostly suitable,Good support,Satisfied,Slightly,Average,CSE,CSE,C1_3_20_to_3_49,C1_3_20_to_3_49,False,3,4,2,4,0,0,2,2,2,4,2,3,3,2,1,1,1,3.35,0.125,1,0.375,0.5,0.75,0.667,0.0,-0.5,0.5
kuet,KUET,1.0,,3.50 - 3.74,Neutral,75-89%,7-10 hrs,Mostly just before exams,About half,Less than 5 hrs,Often,6-10 hrs,"Yes, exactly what I wanted",Often,Neither good nor bad,Some support,Neutral,Somewhat,Average,CSE,CSE,C2_3_50_to_3_74,C2_3_50_to_3_74,True,2,4,2,3,2,1,2,0,3,2,3,2,2,2,2,2,2,3.62,0.125,1,0.438,0.25,0.5,0.667,0.25,-0.25,0.375
kuet,KUET,1.0,Below,Below,Neutral,75-89%,3-6 hrs,Mostly just before exams,A little,Less than 5 hrs,Rarely,1-5 hrs,Close to what I wanted,Sometimes,Very distracting,Some support,Neutral,Somewhat,Average,CSE,CSE,C0_below_3_20,C0_below_3_20,False,2,3,2,3,1,1,1,0,1,1,2,0,2,2,2,0,0,3.0,0.125,1,0.438,0.417,0.25,0.583,0.062,-0.25,0.0
kuet,KUET,1.0,3.75+,3.75+,Very dissatisfied,90% or more,7-10 hrs,Mostly just before exams,A little,5-6 hrs,Sometimes,1-5 hrs,"Yes, exactly what I wanted",Often,Mostly suitable,Some support,Neutral,Somewhat,Average,CSE,CSE,C3_3_75_plus,C3_3_75_plus,False,2,4,0,4,2,1,1,1,2,1,3,3,2,2,2,3,3,3.87,0.125,1,0.5,0.417,0.625,0.667,0.125,-0.25,0.125
kuet,KUET,1.0,3.20 - 3.49,3.2 - 3.49,Neutral,75-89%,3-6 hrs,Regularly but not every day,About half,6-7 hrs,Often,1-5 hrs,Close to what I wanted,Sometimes,Somewhat distracting,Some support,Neutral,Mostly,Mostly manageable,CSE,CSE,C1_3_20_to_3_49,C1_3_20_to_3_49,False,2,3,2,3,1,2,2,2,3,1,2,1,2,3,3,1,1,3.35,0.125,1,0.5,0.5,0.375,0.667,0.125,-0.25,0.125
kuet,KUET,1.0,3.75+,3.75+,Dissatisfied,90% or more,3-6 hrs,Mostly consistent routine,A little,7-8 hrs,Often,11-15 hrs,"Yes, exactly what I wanted",Almost every day,Somewhat distracting,Good support,Satisfied,Somewhat,Average,CSE,CSE,C3_3_75_plus,C3_3_75_plus,False,3,4,1,4,1,3,1,3,3,3,4,1,3,2,2,3,3,3.87,0.125,1,0.5,0.5,0.5,0.75,0.062,-0.75,0.5
kuet,KUET,3.0,Below,Below,Very dissatisfied,60-74%,3-6 hrs,Regularly but not every day,About half,5-6 hrs,Often,1-5 hrs,"Yes, exactly what I wanted",Sometimes,Mostly suitable,Strong support,Satisfied,Mostly,Mostly manageable,CSE,CSE,C0_below_3_20,C0_below_3_20,False,3,4,0,2,1,2,2,1,3,1,2,3,4,3,3,0,0,3.0,0.375,2,0.438,0.417,0.875,0.833,0.125,-0.25,0.125
kuet,KUET,3.0,Below,Below,Neutral,60-74%,7-10 hrs,Occasionally when necessary,A little,6-7 hrs,Often,6-10 hrs,"Yes, exactly what I wanted",Often,Excellent for focused study,No support,Satisfied,Mostly,Completely unmanageable,CSE,CSE,C0_below_3_20,C0_below_3_20,False,3,4,2,2,2,0,1,2,3,2,3,4,0,0,3,0,0,3.0,0.375,2,0.312,0.25,0.5,0.833,0.125,-0.25,0.625
kuet,KUET,7.0,3.50 - 3.74,3.50 - 3.74,Satisfied,90% or more,3-6 hrs,Mostly just before exams,Most of it,5-6 hrs,Often,1-5 hrs,"Yes, exactly what I wanted",Sometimes,Mostly suitable,Good support,Satisfied,Completely,Difficult to manage,CSE,CSE,C2_3_50_to_3_74,C2_3_50_to_3_74,False,3,4,3,4,1,1,3,1,3,1,2,3,3,1,4,2,2,3.62,0.875,4,0.5,0.25,0.75,0.917,0.188,-0.25,0.375
kuet,KUET,7.0,Below,Below,Neutral,75-89%,3-6 hrs,Occasionally when necessary,About half,7-8 hrs,Often,None,Close to what I wanted,Sometimes,Somewhat distracting,Some support,Neutral,Somewhat,Difficult to manage,CSE,CSE,C0_below_3_20,C0_below_3_20,False,2,3,2,3,1,0,2,3,3,0,2,1,2,1,2,0,0,3.0,0.875,4,0.375,0.417,0.375,0.583,0.125,-0.25,0.25
kuet,KUET,3.0,3.20 - 3.49,3.2 - 3.49,Neutral,75-89%,11-15 hrs,Mostly just before exams,A little,5-6 hrs,Rarely,6-10 hrs,"Yes, exactly what I wanted",Often,Neither good nor bad,Good support,Satisfied,Somewhat,Completely unmanageable,CSE,CSE,C1_3_20_to_3_49,C1_3_20_to_3_49,False,3,4,2,3,3,1,1,1,1,2,3,2,3,0,2,1,1,3.35,0.375,2,0.5,0.333,0.625,0.75,0.188,0.0,0.375
kuet,KUET,7.0,3.20 - 3.49,3.2 - 3.49,Neutral,90% or more,3-6 hrs,Mostly just before exams,Almost nothing,7-8 hrs,Often,1-5 hrs,Close to what I wanted,Sometimes,Mostly suitable,Good support,Neutral,Slightly,Completely unmanageable,CSE,CSE,C1_3_20_to_3_49,C1_3_20_to_3_49,False,2,3,2,4,1,1,0,3,3,1,2,3,3,0,1,1,1,3.35,0.875,4,0.5,0.333,0.75,0.5,0.0,-0.25,0.5
kuet,KUET,3.0,3.50 - 3.74,3.50 - 3.74,Satisfied,75-89%,3-6 hrs,Mostly just before exams,About half,5-6 hrs,Sometimes,1-5 hrs,"Yes, exactly what I wanted",Almost every day,Neither good nor bad,Good support,Neutral,Slightly,Average,CSE,CSE,C2_3_50_to_3_74,C2_3_50_to_3_74,False,2,4,3,3,1,1,2,1,2,1,4,2,3,2,1,2,2,3.62,0.375,2,0.312,0.417,0.625,0.583,0.125,-0.75,0.125
kuet,KUET,3.0,3.50 - 3.74,3.50 - 3.74,Neutral,90% or more,3-6 hrs,Mostly just before exams,About half,6-7 hrs,Often,None,"Yes, exactly what I wanted",Often,Neither good nor bad,Good support,Satisfied,Somewhat,Mostly manageable,CSE,CSE,C2_3_50_to_3_74,C2_3_50_to_3_74,False,3,4,2,4,1,1,2,2,3,0,3,2,3,3,2,2,2,3.62,0.375,2,0.438,0.5,0.625,0.75,0.125,-0.5,0.0
kuet,KUET,1.0,3.20 - 3.49,3.2 - 3.49,Dissatisfied,75-89%,7-10 hrs,Regularly but not every day,About half,6-7 hrs,Often,6-10 hrs,Not at all what I wanted,Sometimes,Mostly suitable,Some support,Dissatisfied,Somewhat,Average,Unknown,Unknown,C1_3_20_to_3_49,C1_3_20_to_3_49,False,1,0,1,3,2,2,2,2,3,2,2,3,2,2,2,1,1,3.35,0.125,1,0.562,0.417,0.625,0.25,0.25,0.0,0.375
kuet,KUET,1.0,Below,Below,Very dissatisfied,60-74%,Less than 3 hrs,Mostly just before exams,Almost nothing,More than 8 hrs,Often,None,Close to what I wanted,Almost every day,Mostly suitable,Very little support,Dissatisfied,Slightly,Completely unmanageable,CSE,CSE,C0_below_3_20,C0_below_3_20,False,1,3,0,2,0,1,0,4,3,0,4,3,1,0,1,0,0,3.0,0.125,1,0.188,0.417,0.5,0.417,0.0,-1.0,0.375
kuet,KUET,3.0,3.20 - 3.49,3.2 - 3.49,Very dissatisfied,40-59%,3-6 hrs,Occasionally when necessary,Almost nothing,7-8 hrs,Often,None,Not at all what I wanted,Often,Mostly suitable,No support,Very dissatisfied,Not at all,Completely unmanageable,CSE,CSE,C1_3_20_to_3_49,C1_3_20_to_3_49,False,0,0,0,1,1,0,0,3,3,0,3,3,0,0,0,1,1,3.35,0.375,2,0.188,0.333,0.375,0.0,0.0,-0.5,0.375
kuet,KUET,1.0,3.50 - 3.74,3.50 - 3.74,Dissatisfied,90% or more,Less than 3 hrs,Mostly just before exams,A little,5-6 hrs,Almost always,None,Somewhat different,Sometimes,Neither good nor bad,Very little support,Dissatisfied,Not at all,Average,CSE,CSE,C2_3_50_to_3_74,C2_3_50_to_3_74,False,1,2,1,4,0,1,1,1,4,0,2,2,1,2,0,2,2,3.62,0.125,1,0.438,0.25,0.375,0.25,0.0,-0.5,0.25
kuet,KUET,3.0,3.75+,3.75+,Satisfied,90% or more,7-10 hrs,Regularly but not every day,A little,5-6 hrs,Often,None,Close to what I wanted,Often,Very distracting,Good support,Neutral,Slightly,Average,CSE,CSE,C3_3_75_plus,C3_3_75_plus,False,2,3,3,4,2,2,1,1,3,0,3,0,3,2,1,3,3,3.87,0.375,2,0.562,0.333,0.375,0.5,0.125,-0.25,0.125
kuet,KUET,2.0,3.75+,3.75+,Very satisfied,90% or more,7-10 hrs,Regularly but not every day,About half,Less than 5 hrs,Sometimes,1-5 hrs,"Yes, exactly what I wanted",Often,Somewhat distracting,Good support,Neutral,Mostly,Average,CSE,CSE,C3_3_75_plus,C3_3_75_plus,False,2,4,4,4,2,2,2,0,2,1,3,1,3,2,3,3,3,3.87,0.25,1,0.562,0.333,0.5,0.75,0.25,-0.25,0.125
kuet,KUET,1.0,3.75+,3.75+,Neutral,90% or more,More than 15 hrs,Mostly consistent routine,A little,Less than 5 hrs,Often,None,"Yes, exactly what I wanted",Sometimes,Excellent for focused study,Some support,Satisfied,Somewhat,Average,CSE,CSE,C3_3_75_plus,C3_3_75_plus,False,3,4,2,4,4,3,1,0,3,0,2,4,2,2,2,3,3,3.87,0.125,1,0.812,0.25,0.75,0.75,0.25,0.5,0.125
kuet,KUET,7.0,3.20 - 3.49,3.2 - 3.49,Satisfied,75-89%,7-10 hrs,Mostly just before exams,About half,5-6 hrs,Sometimes,1-5 hrs,Close to what I wanted,Often,Neither good nor bad,Some support,Satisfied,Slightly,Average,MSE,MSE,C1_3_20_to_3_49,C1_3_20_to_3_49,False,3,3,3,3,2,1,2,1,2,1,3,2,2,2,1,1,1,3.35,0.875,4,0.438,0.417,0.5,0.583,0.25,-0.25,0.125
kuet,KUET,1.0,,3.75+,Dissatisfied,90% or more,3-6 hrs,Consistent throughout the semester,About half,6-7 hrs,Sometimes,None,"Yes, exactly what I wanted",Sometimes,Neither good nor bad,Good support,Satisfied,Somewhat,Average,CSE,CSE,C3_3_75_plus,C3_3_75_plus,True,3,4,1,4,1,4,2,2,2,0,2,2,3,2,2,3,3,3.87,0.125,1,0.688,0.5,0.625,0.75,0.125,-0.25,0.0
kuet,KUET,1.0,3.20 - 3.49,3.2 - 3.49,Dissatisfied,90% or more,3-6 hrs,Regularly but not every day,A little,5-6 hrs,Often,1-5 hrs,"Yes, exactly what I wanted",Sometimes,Neither good nor bad,Good support,Neutral,Somewhat,Average,CSE,CSE,C1_3_20_to_3_49,C1_3_20_to_3_49,False,2,4,1,4,1,2,1,1,3,1,2,2,3,2,2,1,1,3.35,0.125,1,0.562,0.333,0.625,0.667,0.062,-0.25,0.25
kuet,KUET,1.0,3.20 - 3.49,3.2 - 3.49,Neutral,75-89%,7-10 hrs,Occasionally when necessary,About half,7-8 hrs,Often,1-5 hrs,"Yes, exactly what I wanted",Sometimes,Excellent for focused study,Strong support,Very satisfied,Mostly,Average,CSE,CSE,C1_3_20_to_3_49,C1_3_20_to_3_49,False,4,4,2,3,2,0,2,3,3,1,2,4,4,2,3,1,1,3.35,0.125,1,0.438,0.5,1.0,0.917,0.25,0.0,0.25
kuet,KUET,1.0,3.50 - 3.74,3.50 - 3.74,Neutral,75-89%,11-15 hrs,Regularly but not every day,About half,7-8 hrs,Often,1-5 hrs,Close to what I wanted,Often,Mostly suitable,Some support,Satisfied,Somewhat,Average,CSE,CSE,C2_3_50_to_3_74,C2_3_50_to_3_74,False,3,3,2,3,3,2,2,3,3,1,3,3,2,2,2,2,2,3.62,0.125,1,0.562,0.5,0.625,0.667,0.375,0.0,0.25
kuet,KUET,1.0,Below,Below,Dissatisfied,90% or more,3-6 hrs,Consistent throughout the semester,A little,5-6 hrs,Never,None,Somewhat different,Often,Neither good nor bad,Very little support,Very satisfied,Mostly,Average,CSE,CSE,C0_below_3_20,C0_below_3_20,False,4,2,1,4,1,4,1,1,0,0,3,2,1,2,3,0,0,3.0,0.125,1,0.625,0.583,0.375,0.75,0.062,-0.5,-0.25
kuet,KUET,7.0,3.50 - 3.74,3.50 - 3.74,Very satisfied,75-89%,3-6 hrs,Occasionally when necessary,About half,More than 8 hrs,Rarely,1-5 hrs,Somewhat different,Sometimes,Mostly suitable,Good support,Very dissatisfied,Completely,Completely unmanageable,CSE,CSE,C2_3_50_to_3_74,C2_3_50_to_3_74,False,0,2,4,3,1,0,2,4,1,1,2,3,3,0,4,2,2,3.62,0.875,4,0.375,0.583,0.75,0.5,0.125,-0.25,0.25
kuet,KUET,1.0,3.50 - 3.74,3.50 - 3.74,Neutral,75-89%,More than 15 hrs,Regularly but not every day,About half,5-6 hrs,Often,1-5 hrs,"Yes, exactly what I wanted",Almost every day,Mostly suitable,Good support,Satisfied,Somewhat,Mostly manageable,CSE,CSE,C2_3_50_to_3_74,C2_3_50_to_3_74,False,3,4,2,3,4,2,2,1,3,1,4,3,3,3,2,2,2,3.62,0.125,1,0.562,0.417,0.75,0.75,0.5,0.0,0.125
kuet,KUET,1.0,3.50 - 3.74,3.75+,Neutral,90% or more,11-15 hrs,Mostly consistent routine,About half,5-6 hrs,Often,1-5 hrs,"Yes, exactly what I wanted",Sometimes,Mostly suitable,Good support,Satisfied,Somewhat,Average,CSE,CSE,C3_3_75_plus,C2_3_50_to_3_74,False,3,4,2,4,3,3,2,1,3,1,2,3,3,2,2,3,2,3.87,0.125,1,0.75,0.333,0.75,0.75,0.375,0.25,0.25
kuet,KUET,7.0,Below,3.50 - 3.74,Very dissatisfied,60-74%,7-10 hrs,Mostly consistent routine,Almost nothing,Less than 5 hrs,Rarely,More than 15 hrs,"Yes, exactly what I wanted",Often,Mostly suitable,Good support,Neutral,Completely,Mostly manageable,ME,ME,C2_3_50_to_3_74,C0_below_3_20,False,2,4,0,2,2,3,0,0,1,4,3,3,3,3,4,2,0,3.62,0.875,4,0.5,0.5,0.75,0.833,0.0,-0.25,0.25
kuet,KUET,1.0,3.75+,3.75+,Very dissatisfied,75-89%,11-15 hrs,Regularly but not every day,A little,Less than 5 hrs,Often,None,"Yes, exactly what I wanted",Almost every day,Neither good nor bad,Strong support,Dissatisfied,Not at all,Completely unmanageable,CSE,CSE,C3_3_75_plus,C3_3_75_plus,False,1,4,0,3,3,2,1,0,3,0,4,2,4,0,0,3,3,3.87,0.125,1,0.5,0.083,0.75,0.417,0.188,-0.25,0.375
kuet,KUET,1.0,3.20 - 3.49,3.50 - 3.74,Dissatisfied,90% or more,11-15 hrs,Occasionally when necessary,A little,6-7 hrs,Often,6-10 hrs,Close to what I wanted,Sometimes,Mostly suitable,Good support,Satisfied,Mostly,Average,CSE,CSE,C2_3_50_to_3_74,C1_3_20_to_3_49,False,3,3,1,4,3,0,1,2,3,2,2,3,3,2,3,2,1,3.62,0.125,1,0.562,0.417,0.75,0.75,0.188,0.25,0.375
kuet,KUET,7.0,3.50 - 3.74,3.75+,Very dissatisfied,60-74%,11-15 hrs,Mostly just before exams,Almost nothing,More than 8 hrs,Often,6-10 hrs,"Yes, exactly what I wanted",Never,Excellent for focused study,Strong support,Very dissatisfied,Completely,Very healthy and balanced,CE,CE,C3_3_75_plus,C2_3_50_to_3_74,False,0,4,0,2,3,1,0,4,3,2,0,4,4,4,4,3,2,3.87,0.875,4,0.625,0.75,1.0,0.667,0.0,0.75,0.125
kuet,KUET,1.0,3.50 - 3.74,3.50 - 3.74,Neutral,90% or more,3-6 hrs,Regularly but not every day,Most of it,6-7 hrs,Almost always,1-5 hrs,Somewhat different,Almost every day,Somewhat distracting,Good support,Neutral,Mostly,Completely unmanageable,CSE,CSE,C2_3_50_to_3_74,C2_3_50_to_3_74,False,2,2,2,4,1,2,3,2,4,1,4,1,3,0,3,2,2,3.62,0.125,1,0.438,0.167,0.5,0.583,0.188,-0.75,0.625
kuet,KUET,7.0,3.75+,3.50 - 3.74,Very satisfied,60-74%,3-6 hrs,Occasionally when necessary,Almost nothing,More than 8 hrs,Almost always,11-15 hrs,Mostly different,Often,Excellent for focused study,Strong support,Very dissatisfied,Completely,Average,TE,TE,C2_3_50_to_3_74,C3_3_75_plus,False,0,1,4,2,1,0,0,4,4,3,3,4,4,2,4,2,3,3.62,0.875,4,0.25,0.5,1.0,0.417,0.0,-0.5,0.625
kuet,KUET,7.0,3.50 - 3.74,Below,Very dissatisfied,75-89%,3-6 hrs,Mostly just before exams,Almost nothing,5-6 hrs,Rarely,1-5 hrs,Somewhat different,Rarely,Somewhat distracting,No support,Neutral,Somewhat,Completely unmanageable,CSE,CSE,C0_below_3_20,C2_3_50_to_3_74,False,2,2,0,3,1,1,0,1,1,1,1,1,0,0,2,0,2,3.0,0.875,4,0.5,0.333,0.125,0.5,0.0,0.0,0.25
kuet,KUET,1.0,3.50 - 3.74,3.50 - 3.74,Neutral,90% or more,7-10 hrs,Consistent throughout the semester,Most of it,5-6 hrs,Sometimes,None,"Yes, exactly what I wanted",Often,Excellent for focused study,Good support,Very satisfied,Mostly,Average,CSE,CSE,C2_3_50_to_3_74,C2_3_50_to_3_74,False,4,4,2,4,2,4,3,1,2,0,3,4,3,2,3,2,2,3.62,0.125,1,0.688,0.417,0.875,0.917,0.375,-0.25,0.0
kuet,KUET,1.0,3.75+,3.75+,Neutral,90% or more,7-10 hrs,Occasionally when necessary,A little,5-6 hrs,Often,More than 15 hrs,"Yes, exactly what I wanted",Sometimes,Mostly suitable,No support,Dissatisfied,Somewhat,Difficult to manage,CSE,CSE,C3_3_75_plus,C3_3_75_plus,False,1,4,2,4,2,0,1,1,3,4,2,3,0,1,2,3,3,3.87,0.125,1,0.5,0.25,0.375,0.583,0.125,0.0,0.75
kuet,KUET,1.0,3.75+,3.75+,Neutral,60-74%,Less than 3 hrs,Occasionally when necessary,Almost nothing,6-7 hrs,Sometimes,None,"Yes, exactly what I wanted",Almost every day,Mostly suitable,Some support,Neutral,Somewhat,Difficult to manage,CSE,CSE,C3_3_75_plus,C3_3_75_plus,False,2,4,2,2,0,0,0,2,2,0,4,3,2,1,2,3,3,3.87,0.125,1,0.125,0.417,0.625,0.667,0.0,-1.0,0.125
kuet,KUET,7.0,3.20 - 3.49,3.50 - 3.74,Neutral,90% or more,7-10 hrs,Consistent throughout the semester,Almost nothing,7-8 hrs,Sometimes,6-10 hrs,Somewhat different,Almost every day,Somewhat distracting,Good support,Very dissatisfied,Somewhat,Difficult to manage,IEM,IEM,C2_3_50_to_3_74,C1_3_20_to_3_49,False,0,2,2,4,2,4,0,3,2,2,4,1,3,1,2,2,1,3.62,0.875,4,0.625,0.5,0.5,0.333,0.0,-0.5,0.375
kuet,KUET,7.0,3.50 - 3.74,Below,Very satisfied,90% or more,11-15 hrs,Mostly just before exams,Almost everything,More than 8 hrs,Rarely,6-10 hrs,"Yes, exactly what I wanted",Never,Excellent for focused study,Good support,Very dissatisfied,Somewhat,Average,ME,ME,C0_below_3_20,C2_3_50_to_3_74,False,0,4,4,4,3,1,4,4,1,2,0,4,3,2,2,0,2,3.0,0.875,4,0.75,0.75,0.875,0.5,0.75,0.75,0.125
kuet,KUET,1.0,3.75+,3.75+,Neutral,90% or more,7-10 hrs,Occasionally when necessary,Most of it,5-6 hrs,Sometimes,1-5 hrs,"Yes, exactly what I wanted",Almost every day,Mostly suitable,Some support,Satisfied,Mostly,Mostly manageable,CSE,CSE,C3_3_75_plus,C3_3_75_plus,False,3,4,2,4,2,0,3,1,2,1,4,3,2,3,3,3,3,3.87,0.125,1,0.375,0.5,0.625,0.833,0.375,-0.5,0.0
kuet,KUET,7.0,3.20 - 3.49,3.2 - 3.49,Very dissatisfied,75-89%,3-6 hrs,Occasionally when necessary,About half,7-8 hrs,Sometimes,None,Not at all what I wanted,Never,Neither good nor bad,No support,Very dissatisfied,Not at all,Average,IEM,IEM,C1_3_20_to_3_49,C1_3_20_to_3_49,False,0,0,0,3,1,0,2,3,2,0,0,2,0,2,0,1,1,3.35,0.875,4,0.5,0.583,0.25,0.0,0.125,0.25,0.0
kuet,KUET,7.0,3.50 - 3.74,3.75+,Neutral,75-89%,11-15 hrs,Regularly but not every day,Almost nothing,6-7 hrs,Rarely,1-5 hrs,Somewhat different,Sometimes,Somewhat distracting,Good support,Very dissatisfied,Slightly,Very healthy and balanced,ChE,ChE,C3_3_75_plus,C2_3_50_to_3_74,False,0,2,2,3,3,2,0,2,1,1,2,1,3,4,1,3,2,3.87,0.875,4,0.625,0.75,0.5,0.25,0.0,0.25,-0.25
kuet,KUET,7.0,3.50 - 3.74,3.50 - 3.74,Very dissatisfied,75-89%,7-10 hrs,Mostly consistent routine,Most of it,5-6 hrs,Never,1-5 hrs,Mostly different,Never,Very distracting,No support,Neutral,Completely,Difficult to manage,ME,ME,C2_3_50_to_3_74,C2_3_50_to_3_74,False,2,1,0,3,2,3,3,1,0,1,0,0,0,1,4,2,2,3.62,0.875,4,0.75,0.5,0.0,0.583,0.375,0.5,0.0
kuet,KUET,7.0,3.50 - 3.74,3.2 - 3.49,Very dissatisfied,60-74%,More than 15 hrs,Mostly just before exams,Almost nothing,More than 8 hrs,Never,6-10 hrs,Mostly different,Almost every day,Very distracting,No support,Very dissatisfied,Mostly,Average,CSE,CSE,C1_3_20_to_3_49,C2_3_50_to_3_74,False,0,1,0,2,4,1,0,4,0,2,4,0,0,2,3,1,2,3.35,0.875,4,0.438,0.833,0.0,0.333,0.0,0.0,0.0
kuet,KUET,7.0,3.20 - 3.49,3.50 - 3.74,Very dissatisfied,90% or more,More than 15 hrs,Occasionally when necessary,Almost nothing,7-8 hrs,Rarely,1-5 hrs,Mostly different,Rarely,Very distracting,Strong support,Very satisfied,Slightly,Completely unmanageable,TE,TE,C2_3_50_to_3_74,C1_3_20_to_3_49,False,4,1,0,4,4,0,0,3,1,1,1,0,4,0,1,2,1,3.62,0.875,4,0.688,0.5,0.5,0.5,0.0,0.75,0.25
kuet,KUET,7.0,Below,Below,Very dissatisfied,75-89%,7-10 hrs,Mostly consistent routine,About half,More than 8 hrs,Rarely,More than 15 hrs,Not at all what I wanted,Rarely,Mostly suitable,Very little support,Very dissatisfied,Completely,Completely unmanageable,CE,CE,C0_below_3_20,C0_below_3_20,False,0,0,0,3,2,3,2,4,1,4,1,3,1,0,4,0,0,3.0,0.875,4,0.688,0.583,0.5,0.333,0.25,0.25,0.625
kuet,KUET,7.0,Below,3.50 - 3.74,Neutral,60-74%,Less than 3 hrs,Mostly just before exams,Almost everything,7-8 hrs,Sometimes,1-5 hrs,Close to what I wanted,Sometimes,Excellent for focused study,Strong support,Very dissatisfied,Not at all,Average,CSE,CSE,C2_3_50_to_3_74,C0_below_3_20,False,0,3,2,2,0,1,4,3,2,1,2,4,4,2,0,2,0,3.62,0.875,4,0.312,0.583,1.0,0.25,0.0,-0.5,0.125
kuet,KUET,1.0,3.50 - 3.74,3.50 - 3.74,Neutral,75-89%,11-15 hrs,Consistent throughout the semester,About half,5-6 hrs,Sometimes,None,Close to what I wanted,Sometimes,Mostly suitable,Some support,Satisfied,Mostly,Average,CSE,CSE,C2_3_50_to_3_74,C2_3_50_to_3_74,False,3,3,2,3,3,4,2,1,2,0,2,3,2,2,3,2,2,3.62,0.125,1,0.75,0.417,0.625,0.75,0.375,0.25,0.0
kuet,KUET,7.0,Below,3.50 - 3.74,Very satisfied,60-74%,7-10 hrs,Occasionally when necessary,Almost nothing,5-6 hrs,Often,More than 15 hrs,Mostly different,Sometimes,Excellent for focused study,Good support,Neutral,Mostly,Average,BME,BME,C2_3_50_to_3_74,C0_below_3_20,False,2,1,4,2,2,0,0,1,3,4,2,4,3,2,3,2,0,3.62,0.875,4,0.375,0.333,0.875,0.5,0.0,0.0,0.625
kuet,KUET,7.0,3.50 - 3.74,Below,Very dissatisfied,75-89%,Less than 3 hrs,Occasionally when necessary,Almost nothing,More than 8 hrs,Rarely,1-5 hrs,Not at all what I wanted,Often,Very distracting,Good support,Very satisfied,Somewhat,Average,CSE,CSE,C0_below_3_20,C2_3_50_to_3_74,False,4,0,0,3,0,0,0,4,1,1,3,0,3,2,2,0,2,3.0,0.875,4,0.25,0.75,0.375,0.5,0.0,-0.75,0.0
kuet,KUET,7.0,3.20 - 3.49,3.2 - 3.49,Neutral,90% or more,7-10 hrs,Regularly but not every day,Most of it,5-6 hrs,Sometimes,More than 15 hrs,Mostly different,Sometimes,Somewhat distracting,Some support,Very dissatisfied,Completely,Average,BME,BME,C1_3_20_to_3_49,C1_3_20_to_3_49,False,0,1,2,4,2,2,3,1,2,4,2,1,2,2,4,1,1,3.35,0.875,4,0.625,0.417,0.375,0.417,0.375,0.0,0.5
kuet,KUET,7.0,3.75+,3.50 - 3.74,Very dissatisfied,90% or more,Less than 3 hrs,Occasionally when necessary,About half,5-6 hrs,Rarely,None,Not at all what I wanted,Rarely,Mostly suitable,Very little support,Very satisfied,Completely,Very healthy and balanced,ChE,ChE,C2_3_50_to_3_74,C3_3_75_plus,False,4,0,0,4,0,0,2,1,1,0,1,3,1,4,4,2,3,3.62,0.875,4,0.438,0.667,0.5,0.667,0.0,-0.25,-0.375
kuet,KUET,1.0,3.20 - 3.49,3.2 - 3.49,Dissatisfied,60-74%,7-10 hrs,Mostly just before exams,Almost nothing,6-7 hrs,Sometimes,1-5 hrs,"Yes, exactly what I wanted",Almost every day,Mostly suitable,Strong support,Satisfied,Somewhat,Difficult to manage,CSE,CSE,C1_3_20_to_3_49,C1_3_20_to_3_49,False,3,4,1,2,2,1,0,2,2,1,4,3,4,1,2,1,1,3.35,0.125,1,0.312,0.417,0.875,0.75,0.0,-0.5,0.25
kuet,KUET,7.0,3.75+,3.50 - 3.74,Very satisfied,60-74%,Less than 3 hrs,Consistent throughout the semester,About half,More than 8 hrs,Almost always,More than 15 hrs,Close to what I wanted,Almost every day,Very distracting,Good support,Very dissatisfied,Somewhat,Completely unmanageable,CE,CE,C2_3_50_to_3_74,C3_3_75_plus,False,0,3,4,2,0,4,2,4,4,4,4,0,3,0,2,2,3,3.62,0.875,4,0.375,0.333,0.375,0.417,0.0,-1.0,1.0
kuet,KUET,7.0,3.20 - 3.49,3.2 - 3.49,Neutral,60-74%,11-15 hrs,Mostly consistent routine,Almost nothing,6-7 hrs,Often,6-10 hrs,Not at all what I wanted,Rarely,Somewhat distracting,Some support,Very dissatisfied,Completely,Average,IEM,IEM,C1_3_20_to_3_49,C1_3_20_to_3_49,False,0,0,2,2,3,3,0,2,3,2,1,1,2,2,4,1,1,3.35,0.875,4,0.688,0.417,0.375,0.333,0.0,0.5,0.375
kuet,KUET,7.0,Below,3.75+,Very dissatisfied,75-89%,3-6 hrs,Occasionally when necessary,Almost nothing,7-8 hrs,Never,More than 15 hrs,Mostly different,Sometimes,Neither good nor bad,Strong support,Very dissatisfied,Not at all,Difficult to manage,CSE,CSE,C3_3_75_plus,C0_below_3_20,False,0,1,0,3,1,0,0,3,0,4,2,2,4,1,0,3,0,3.87,0.875,4,0.375,0.667,0.75,0.083,0.0,-0.25,0.375
kuet,KUET,7.0,3.50 - 3.74,3.2 - 3.49,Very dissatisfied,90% or more,More than 15 hrs,Consistent throughout the semester,A little,5-6 hrs,Never,More than 15 hrs,Mostly different,Often,Neither good nor bad,Good support,Very dissatisfied,Somewhat,Average,ME,ME,C1_3_20_to_3_49,C2_3_50_to_3_74,False,0,1,0,4,4,4,1,1,0,4,3,2,3,2,2,1,2,3.35,0.875,4,0.812,0.583,0.625,0.25,0.25,0.25,0.25
kuet,KUET,7.0,3.50 - 3.74,Below,Very satisfied,60-74%,Less than 3 hrs,Occasionally when necessary,Almost everything,6-7 hrs,Rarely,6-10 hrs,Close to what I wanted,Never,Very distracting,Strong support,Very dissatisfied,Slightly,Average,TE,TE,C0_below_3_20,C2_3_50_to_3_74,False,0,3,4,2,0,0,4,2,1,2,0,0,4,2,1,0,2,3.0,0.875,4,0.375,0.583,0.5,0.333,0.0,0.0,0.125
kuet,KUET,7.0,3.75+,Below,Very dissatisfied,60-74%,More than 15 hrs,Regularly but not every day,Almost nothing,6-7 hrs,Rarely,6-10 hrs,"Yes, exactly what I wanted",Rarely,Very distracting,Strong support,Very dissatisfied,Mostly,Very healthy and balanced,IEM,IEM,C0_below_3_20,C3_3_75_plus,False,0,4,0,2,4,2,0,2,1,2,1,0,4,4,3,0,3,3.0,0.875,4,0.688,0.75,0.5,0.583,0.0,0.75,-0.125
kuet,KUET,7.0,3.20 - 3.49,Below,Very satisfied,90% or more,11-15 hrs,Mostly just before exams,Almost nothing,6-7 hrs,Sometimes,11-15 hrs,Somewhat different,Often,Mostly suitable,Some support,Very dissatisfied,Completely,Average,CSE,CSE,C0_below_3_20,C1_3_20_to_3_49,False,0,2,4,4,3,1,0,2,2,3,3,3,2,2,4,0,1,3.0,0.875,4,0.562,0.5,0.625,0.5,0.0,0.0,0.375
kuet,KUET,3.0,Below,Below,Very dissatisfied,75-89%,3-6 hrs,Occasionally when necessary,About half,Less than 5 hrs,Often,None,"Yes, exactly what I wanted",Often,Excellent for focused study,Very little support,Satisfied,Not at all,Difficult to manage,CSE,CSE,C0_below_3_20,C0_below_3_20,False,3,4,0,3,1,0,2,0,3,0,3,4,1,1,0,0,0,3.0,0.375,2,0.312,0.167,0.625,0.583,0.125,-0.5,0.25
kuet,KUET,1.0,,3.2 - 3.49,Very dissatisfied,90% or more,3-6 hrs,Mostly just before exams,About half,7-8 hrs,Often,None,"Yes, exactly what I wanted",Sometimes,Neither good nor bad,Strong support,Neutral,Slightly,Average,Unknown,Unknown,C1_3_20_to_3_49,C1_3_20_to_3_49,True,2,4,0,4,1,1,2,3,3,0,2,2,4,2,1,1,1,3.35,0.125,1,0.5,0.5,0.75,0.583,0.125,-0.25,0.125
kuet,KUET,1.0,3.20 - 3.49,3.2 - 3.49,Neutral,90% or more,7-10 hrs,Regularly but not every day,Almost nothing,5-6 hrs,Often,1-5 hrs,"Yes, exactly what I wanted",Sometimes,Mostly suitable,Good support,Neutral,Somewhat,Average,CSE,CSE,C1_3_20_to_3_49,C1_3_20_to_3_49,False,2,4,2,4,2,2,0,1,3,1,2,3,3,2,2,1,1,3.35,0.125,1,0.625,0.333,0.75,0.667,0.0,0.0,0.25
kuet,KUET,1.0,3.50 - 3.74,3.50 - 3.74,Very dissatisfied,75-89%,More than 15 hrs,Mostly just before exams,About half,Less than 5 hrs,Almost always,6-10 hrs,"Yes, exactly what I wanted",Almost every day,Mostly suitable,Very little support,Neutral,Slightly,Difficult to manage,CSE,CSE,C2_3_50_to_3_74,C2_3_50_to_3_74,False,2,4,0,3,4,1,2,0,4,2,4,3,1,1,1,2,2,3.62,0.125,1,0.5,0.083,0.5,0.583,0.5,0.0,0.625
kuet,KUET,1.0,3.75+,3.75+,Very dissatisfied,90% or more,Less than 3 hrs,Mostly just before exams,A little,Less than 5 hrs,Almost always,More than 15 hrs,"Yes, exactly what I wanted",Often,Mostly suitable,No support,Neutral,Mostly,Completely unmanageable,CSE,CSE,C3_3_75_plus,C3_3_75_plus,False,2,4,0,4,0,1,1,0,4,4,3,3,0,0,3,3,3,3.87,0.125,1,0.375,0.0,0.375,0.75,0.0,-0.75,1.0
kuet,KUET,2.0,3.75+,3.75+,Very dissatisfied,75-89%,Less than 3 hrs,Mostly just before exams,Almost nothing,Less than 5 hrs,Almost always,11-15 hrs,"Yes, exactly what I wanted",Almost every day,Mostly suitable,No support,Very dissatisfied,Somewhat,Completely unmanageable,CSE,CSE,C3_3_75_plus,C3_3_75_plus,False,0,4,0,3,0,1,0,0,4,3,4,3,0,0,2,3,3,3.87,0.25,1,0.25,0.0,0.375,0.5,0.0,-1.0,0.875
kuet,KUET,1.0,Below,Below,Dissatisfied,75-89%,3-6 hrs,Mostly consistent routine,Most of it,Less than 5 hrs,Sometimes,1-5 hrs,"Yes, exactly what I wanted",Sometimes,Excellent for focused study,Good support,Satisfied,Mostly,Average,CSE,CSE,C0_below_3_20,C0_below_3_20,False,3,4,1,3,1,3,3,0,2,1,2,4,3,2,3,0,0,3.0,0.125,1,0.562,0.333,0.875,0.833,0.188,-0.25,0.125
kuet,KUET,1.0,3.20 - 3.49,3.2 - 3.49,Dissatisfied,75-89%,7-10 hrs,Regularly but not every day,Almost nothing,7-8 hrs,Sometimes,None,Not at all what I wanted,Almost every day,Mostly suitable,No support,Satisfied,Somewhat,Average,CSE,CSE,C1_3_20_to_3_49,C1_3_20_to_3_49,False,3,0,1,3,2,2,0,3,2,0,4,3,0,2,2,1,1,3.35,0.125,1,0.438,0.583,0.375,0.417,0.0,-0.5,0.0
kuet,KUET,1.0,3.50 - 3.74,3.50 - 3.74,Dissatisfied,60-74%,More than 15 hrs,Mostly just before exams,A little,5-6 hrs,Almost always,1-5 hrs,"Yes, exactly what I wanted",Sometimes,Mostly suitable,Very little support,Neutral,Not at all,Difficult to manage,CSE,CSE,C2_3_50_to_3_74,C2_3_50_to_3_74,False,2,4,1,2,4,1,1,1,4,1,2,3,1,1,0,2,2,3.62,0.125,1,0.562,0.167,0.5,0.5,0.25,0.5,0.5
kuet,KUET,1.0,3.20 - 3.49,3.2 - 3.49,Neutral,90% or more,7-10 hrs,Regularly but not every day,Most of it,6-7 hrs,Sometimes,None,"Yes, exactly what I wanted",Rarely,Excellent for focused study,Strong support,Satisfied,Slightly,Mostly manageable,CSE,CSE,C1_3_20_to_3_49,C1_3_20_to_3_49,False,3,4,2,4,2,2,3,2,2,0,1,4,4,3,1,1,1,3.35,0.125,1,0.688,0.583,1.0,0.667,0.375,0.25,-0.125
kuet,KUET,7.0,3.75+,3.50 - 3.74,Neutral,75-89%,7-10 hrs,Occasionally when necessary,About half,5-6 hrs,Rarely,11-15 hrs,"Yes, exactly what I wanted",Never,Excellent for focused study,No support,Very satisfied,Completely,Mostly manageable,Unknown,Unknown,C2_3_50_to_3_74,C3_3_75_plus,False,4,4,2,3,2,0,2,1,1,3,0,4,0,3,4,2,3,3.62,0.875,4,0.562,0.583,0.5,1.0,0.25,0.5,0.125
kuet,KUET,1.0,3.20 - 3.49,3.2 - 3.49,Neutral,90% or more,Less than 3 hrs,Regularly but not every day,About half,6-7 hrs,Rarely,1-5 hrs,"Yes, exactly what I wanted",Often,Somewhat distracting,Very little support,Satisfied,Mostly,Difficult to manage,CSE,CSE,C1_3_20_to_3_49,C1_3_20_to_3_49,False,3,4,2,4,0,2,2,2,1,1,3,1,1,1,3,1,1,3.35,0.125,1,0.438,0.5,0.25,0.833,0.0,-0.75,0.125
kuet,KUET,1.0,Below,Below,Dissatisfied,75-89%,Less than 3 hrs,Mostly just before exams,About half,6-7 hrs,Sometimes,11-15 hrs,Mostly different,Almost every day,Mostly suitable,Strong support,Satisfied,Somewhat,Completely unmanageable,CSE,CSE,C0_below_3_20,C0_below_3_20,False,3,1,1,3,0,1,2,2,2,3,4,3,4,0,2,0,0,3.0,0.125,1,0.25,0.333,0.875,0.5,0.0,-1.0,0.625
kuet,KUET,7.0,3.50 - 3.74,3.2 - 3.49,Neutral,75-89%,3-6 hrs,Occasionally when necessary,About half,5-6 hrs,Rarely,1-5 hrs,"Yes, exactly what I wanted",Often,Neither good nor bad,Good support,Satisfied,Mostly,Difficult to manage,CSE,CSE,C1_3_20_to_3_49,C2_3_50_to_3_74,False,3,4,2,3,1,0,2,1,1,1,3,2,3,1,3,1,2,3.35,0.875,4,0.312,0.417,0.625,0.833,0.125,-0.5,0.125
kuet,KUET,5.0,3.75+,3.50 - 3.74,Satisfied,90% or more,11-15 hrs,Regularly but not every day,Most of it,6-7 hrs,Rarely,6-10 hrs,"Yes, exactly what I wanted",Rarely,Neither good nor bad,Good support,Satisfied,Mostly,Average,CSE,CSE,C2_3_50_to_3_74,C3_3_75_plus,False,3,4,3,4,3,2,3,2,1,2,1,2,3,2,3,2,3,3.62,0.625,3,0.75,0.583,0.625,0.833,0.562,0.5,0.125
kuet,KUET,7.0,Below,Below,Very dissatisfied,60-74%,3-6 hrs,Mostly just before exams,About half,5-6 hrs,Sometimes,6-10 hrs,"Yes, exactly what I wanted",Often,Mostly suitable,Very little support,Neutral,Slightly,Difficult to manage,CSE,CSE,C0_below_3_20,C0_below_3_20,False,2,4,0,2,1,1,2,1,2,2,3,3,1,1,1,0,0,3.0,0.875,4,0.312,0.333,0.5,0.583,0.125,-0.5,0.375
kuet,KUET,1.0,3.50 - 3.74,3.50 - 3.74,Very dissatisfied,90% or more,3-6 hrs,Regularly but not every day,Almost nothing,6-7 hrs,Sometimes,None,"Yes, exactly what I wanted",Often,Neither good nor bad,Some support,Very dissatisfied,Slightly,Average,CSE,CSE,C2_3_50_to_3_74,C2_3_50_to_3_74,False,0,4,0,4,1,2,0,2,2,0,3,2,2,2,1,2,2,3.62,0.125,1,0.5,0.5,0.5,0.417,0.0,-0.5,0.0
kuet,KUET,3.0,3.75+,3.75+,Very satisfied,90% or more,More than 15 hrs,Mostly consistent routine,Most of it,7-8 hrs,Sometimes,1-5 hrs,"Yes, exactly what I wanted",Rarely,Mostly suitable,Good support,Very satisfied,Completely,Mostly manageable,EEE,EEE,C3_3_75_plus,C3_3_75_plus,False,4,4,4,4,4,3,3,3,2,1,1,3,3,3,4,3,3,3.87,0.375,2,0.875,0.667,0.75,1.0,0.75,0.75,0.0
kuet,KUET,5.0,3.75+,3.50 - 3.74,Satisfied,60-74%,3-6 hrs,Occasionally when necessary,Most of it,Less than 5 hrs,Never,6-10 hrs,Close to what I wanted,Sometimes,Neither good nor bad,Some support,Neutral,Somewhat,Average,EEE,EEE,C2_3_50_to_3_74,C3_3_75_plus,False,2,3,3,2,1,0,3,0,0,2,2,2,2,2,2,2,3,3.62,0.625,3,0.312,0.5,0.5,0.583,0.188,-0.25,0.0
kuet,KUET,2.0,3.20 - 3.49,3.2 - 3.49,Neutral,90% or more,7-10 hrs,Regularly but not every day,About half,7-8 hrs,Never,None,Somewhat different,Sometimes,Mostly suitable,Some support,Neutral,Somewhat,Average,CSE,CSE,C1_3_20_to_3_49,C1_3_20_to_3_49,False,2,2,2,4,2,2,2,3,0,0,2,3,2,2,2,1,1,3.35,0.25,1,0.625,0.75,0.625,0.5,0.25,0.0,-0.25
kuet,KUET,1.0,3.75+,3.75+,Satisfied,75-89%,3-6 hrs,Consistent throughout the semester,About half,5-6 hrs,Sometimes,1-5 hrs,"Yes, exactly what I wanted",Sometimes,Mostly suitable,Some support,Satisfied,Somewhat,Average,CSE,CSE,C3_3_75_plus,C3_3_75_plus,False,3,4,3,3,1,4,2,1,2,1,2,3,2,2,2,3,3,3.87,0.125,1,0.625,0.417,0.625,0.75,0.125,-0.25,0.125
kuet,KUET,1.0,3.75+,3.75+,Very satisfied,90% or more,11-15 hrs,Mostly consistent routine,Most of it,5-6 hrs,Sometimes,1-5 hrs,"Yes, exactly what I wanted",Rarely,Mostly suitable,Strong support,Very satisfied,Mostly,Mostly manageable,CSE,CSE,C3_3_75_plus,C3_3_75_plus,False,4,4,4,4,3,3,3,1,2,1,1,3,4,3,3,3,3,3.87,0.125,1,0.812,0.5,0.875,0.917,0.562,0.5,0.0
kuet,KUET,7.0,3.50 - 3.74,3.50 - 3.74,Satisfied,75-89%,Less than 3 hrs,Mostly just before exams,A little,5-6 hrs,Almost always,1-5 hrs,Close to what I wanted,Almost every day,Mostly suitable,Good support,Satisfied,Mostly,Completely unmanageable,CSE,CSE,C2_3_50_to_3_74,C2_3_50_to_3_74,False,3,3,3,3,0,1,1,1,4,1,4,3,3,0,3,2,2,3.62,0.875,4,0.25,0.083,0.75,0.75,0.0,-1.0,0.625
kuet,KUET,4.0,3.75+,3.50 - 3.74,Satisfied,60-74%,3-6 hrs,Mostly just before exams,Most of it,6-7 hrs,Rarely,6-10 hrs,"Yes, exactly what I wanted",Rarely,Neither good nor bad,Strong support,Satisfied,Completely,Mostly manageable,CSE,CSE,C2_3_50_to_3_74,C3_3_75_plus,False,3,4,3,2,1,1,3,2,1,2,1,2,4,3,4,2,3,3.62,0.5,2,0.438,0.667,0.75,0.917,0.188,0.0,0.0
kuet,KUET,5.0,3.20 - 3.49,Below,Dissatisfied,60-74%,Less than 3 hrs,Mostly just before exams,About half,5-6 hrs,Often,None,Somewhat different,Often,Somewhat distracting,Some support,Neutral,Slightly,Completely unmanageable,CSE,CSE,C0_below_3_20,C1_3_20_to_3_49,False,2,2,1,2,0,1,2,1,3,0,3,1,2,0,1,0,1,3.0,0.625,3,0.25,0.167,0.375,0.417,0.0,-0.75,0.375
kuet,KUET,5.0,Below,Below,Very dissatisfied,60-74%,Less than 3 hrs,Mostly just before exams,About half,7-8 hrs,Rarely,11-15 hrs,Not at all what I wanted,Almost every day,Neither good nor bad,Very little support,Neutral,Somewhat,Difficult to manage,EEE,EEE,C0_below_3_20,C0_below_3_20,False,2,0,0,2,0,1,2,3,1,3,4,2,1,1,2,0,0,3.0,0.625,3,0.188,0.583,0.375,0.333,0.0,-1.0,0.375
kuet,KUET,5.0,3.20 - 3.49,3.2 - 3.49,Neutral,60-74%,7-10 hrs,Regularly but not every day,About half,6-7 hrs,Sometimes,6-10 hrs,Somewhat different,Sometimes,Neither good nor bad,Some support,Neutral,Somewhat,Average,BME,BME,C1_3_20_to_3_49,C1_3_20_to_3_49,False,2,2,2,2,2,2,2,2,2,2,2,2,2,2,2,1,1,3.35,0.625,3,0.5,0.5,0.5,0.5,0.25,0.0,0.25
kuet,KUET,3.0,3.20 - 3.49,3.2 - 3.49,Neutral,60-74%,7-10 hrs,Regularly but not every day,About half,6-7 hrs,Sometimes,6-10 hrs,Somewhat different,Sometimes,Neither good nor bad,Some support,Neutral,Somewhat,Average,EEE,EEE,C1_3_20_to_3_49,C1_3_20_to_3_49,False,2,2,2,2,2,2,2,2,2,2,2,2,2,2,2,1,1,3.35,0.375,2,0.5,0.5,0.5,0.5,0.25,0.0,0.25
kuet,KUET,5.0,3.50 - 3.74,3.2 - 3.49,Neutral,75-89%,7-10 hrs,Mostly consistent routine,Most of it,7-8 hrs,Rarely,11-15 hrs,Close to what I wanted,Sometimes,Somewhat distracting,Some support,Satisfied,Mostly,Average,CE,CE,C1_3_20_to_3_49,C2_3_50_to_3_74,False,3,3,2,3,2,3,3,3,1,3,2,1,2,2,3,1,2,3.35,0.625,3,0.625,0.667,0.375,0.75,0.375,0.0,0.25
kuet,KUET,2.0,3.20 - 3.49,3.2 - 3.49,Neutral,90% or more,Less than 3 hrs,Occasionally when necessary,About half,Less than 5 hrs,Never,None,Somewhat different,Sometimes,Mostly suitable,Good support,Satisfied,Somewhat,Mostly manageable,IEM,IEM,C1_3_20_to_3_49,C1_3_20_to_3_49,False,3,2,2,4,0,0,2,0,0,0,2,3,3,3,2,1,1,3.35,0.25,1,0.375,0.583,0.75,0.583,0.0,-0.5,-0.375
kuet,KUET,5.0,3.20 - 3.49,3.2 - 3.49,Neutral,75-89%,7-10 hrs,Regularly but not every day,About half,5-6 hrs,Often,6-10 hrs,Not at all what I wanted,Sometimes,Mostly suitable,Some support,Neutral,Slightly,Average,TE,TE,C1_3_20_to_3_49,C1_3_20_to_3_49,False,2,0,2,3,2,2,2,1,3,2,2,3,2,2,1,1,1,3.35,0.625,3,0.562,0.333,0.625,0.25,0.25,0.0,0.375
kuet,KUET,4.0,3.75+,3.75+,Very satisfied,90% or more,More than 15 hrs,Consistent throughout the semester,Almost everything,7-8 hrs,Rarely,None,"Yes, exactly what I wanted",Never,Excellent for focused study,Good support,Very satisfied,Completely,Very healthy and balanced,EEE,EEE,C3_3_75_plus,C3_3_75_plus,False,4,4,4,4,4,4,4,3,1,0,0,4,3,4,4,3,3,3.87,0.5,2,1.0,0.833,0.875,1.0,1.0,1.0,-0.375
kuet,KUET,3.0,3.20 - 3.49,3.2 - 3.49,Neutral,60-74%,Less than 3 hrs,Mostly just before exams,Almost everything,6-7 hrs,Sometimes,6-10 hrs,Close to what I wanted,Often,Neither good nor bad,Some support,Neutral,Somewhat,Average,MTE,MTE,C1_3_20_to_3_49,C1_3_20_to_3_49,False,2,3,2,2,0,1,4,2,2,2,3,2,2,2,2,1,1,3.35,0.375,2,0.25,0.5,0.5,0.583,0.0,-0.75,0.25
kuet,KUET,3.0,3.20 - 3.49,3.2 - 3.49,Dissatisfied,90% or more,3-6 hrs,Mostly just before exams,Almost nothing,5-6 hrs,Often,None,Mostly different,Almost every day,Neither good nor bad,Good support,Dissatisfied,Slightly,Completely unmanageable,EEE,EEE,C1_3_20_to_3_49,C1_3_20_to_3_49,False,1,1,1,4,1,1,0,1,3,0,4,2,3,0,1,1,1,3.35,0.375,2,0.375,0.167,0.625,0.25,0.0,-0.75,0.375
kuet,KUET,3.0,3.50 - 3.74,3.50 - 3.74,Very dissatisfied,90% or more,Less than 3 hrs,Regularly but not every day,Almost nothing,5-6 hrs,Rarely,None,"Yes, exactly what I wanted",Almost every day,Neither good nor bad,Some support,Very dissatisfied,Mostly,Average,EEE,EEE,C2_3_50_to_3_74,C2_3_50_to_3_74,False,0,4,0,4,0,2,0,1,1,0,4,2,2,2,3,2,2,3.62,0.375,2,0.375,0.5,0.5,0.583,0.0,-1.0,-0.125
kuet,KUET,3.0,3.75+,3.75+,Very satisfied,75-89%,3-6 hrs,Mostly just before exams,About half,5-6 hrs,Sometimes,1-5 hrs,"Yes, exactly what I wanted",Almost every day,Mostly suitable,Some support,Very satisfied,Slightly,Average,EEE,EEE,C3_3_75_plus,C3_3_75_plus,False,4,4,4,3,1,1,2,1,2,1,4,3,2,2,1,3,3,3.87,0.375,2,0.312,0.417,0.625,0.75,0.125,-0.75,0.125
kuet,KUET,2.0,3.50 - 3.74,3.50 - 3.74,Dissatisfied,60-74%,Less than 3 hrs,Occasionally when necessary,A little,5-6 hrs,Sometimes,1-5 hrs,Not at all what I wanted,Sometimes,Somewhat distracting,Some support,Very dissatisfied,Not at all,Difficult to manage,EEE,EEE,C2_3_50_to_3_74,C2_3_50_to_3_74,False,0,0,1,2,0,0,1,1,2,1,2,1,2,1,0,2,2,3.62,0.25,1,0.25,0.333,0.375,0.0,0.0,-0.5,0.25
kuet,KUET,3.0,3.75+,3.75+,Satisfied,90% or more,More than 15 hrs,Occasionally when necessary,Almost nothing,7-8 hrs,Rarely,None,"Yes, exactly what I wanted",Almost every day,Mostly suitable,Some support,Neutral,Somewhat,Average,EEE,EEE,C3_3_75_plus,C3_3_75_plus,False,2,4,3,4,4,0,0,3,1,0,4,3,2,2,2,3,3,3.87,0.375,2,0.5,0.667,0.625,0.667,0.0,0.0,-0.125
kuet,KUET,3.0,3.75+,3.75+,Very satisfied,90% or more,11-15 hrs,Consistent throughout the semester,Most of it,5-6 hrs,Rarely,6-10 hrs,Close to what I wanted,Sometimes,Mostly suitable,Strong support,Very satisfied,Mostly,Mostly manageable,EEE,EEE,C3_3_75_plus,C3_3_75_plus,False,4,3,4,4,3,4,3,1,1,2,2,3,4,3,3,3,3,3.87,0.375,2,0.812,0.583,0.875,0.833,0.562,0.25,0.0
kuet,KUET,2.0,,3.75+,Satisfied,90% or more,More than 15 hrs,Mostly consistent routine,Most of it,5-6 hrs,Sometimes,11-15 hrs,"Yes, exactly what I wanted",Sometimes,Neither good nor bad,Some support,Satisfied,Mostly,Mostly manageable,EEE,EEE,C3_3_75_plus,C3_3_75_plus,True,3,4,3,4,4,3,3,1,2,3,2,2,2,3,3,3,3,3.87,0.25,1,0.812,0.5,0.5,0.833,0.75,0.5,0.25
kuet,KUET,3.0,3.75+,3.75+,Satisfied,40-59%,Less than 3 hrs,Mostly just before exams,Almost nothing,7-8 hrs,Sometimes,None,"Yes, exactly what I wanted",Almost every day,Mostly suitable,Good support,Dissatisfied,Somewhat,Completely unmanageable,EEE,EEE,C3_3_75_plus,C3_3_75_plus,False,1,4,3,1,0,1,0,3,2,0,4,3,3,0,2,3,3,3.87,0.375,2,0.125,0.417,0.75,0.583,0.0,-1.0,0.25
kuet,KUET,3.0,3.75+,3.75+,Very dissatisfied,75-89%,11-15 hrs,Mostly just before exams,Almost nothing,6-7 hrs,Almost always,None,"Yes, exactly what I wanted",Almost every day,Neither good nor bad,Very little support,Satisfied,Slightly,Difficult to manage,EEE,EEE,C3_3_75_plus,C3_3_75_plus,False,3,4,0,3,3,1,0,2,4,0,4,2,1,1,1,3,3,3.87,0.375,2,0.438,0.25,0.375,0.667,0.0,-0.25,0.375
kuet,KUET,7.0,3.50 - 3.74,3.50 - 3.74,Neutral,90% or more,11-15 hrs,Regularly but not every day,Almost everything,5-6 hrs,Rarely,6-10 hrs,Somewhat different,Rarely,Mostly suitable,Good support,Neutral,Mostly,Average,ChE,ChE,C2_3_50_to_3_74,C2_3_50_to_3_74,False,2,2,2,4,3,2,4,1,1,2,1,3,3,2,3,2,2,3.62,0.875,4,0.75,0.5,0.75,0.583,0.75,0.5,0.125
kuet,KUET,3.0,3.50 - 3.74,3.50 - 3.74,Neutral,90% or more,3-6 hrs,Regularly but not every day,About half,6-7 hrs,Rarely,None,"Yes, exactly what I wanted",Often,Mostly suitable,Good support,Very satisfied,Mostly,Mostly manageable,EEE,EEE,C2_3_50_to_3_74,C2_3_50_to_3_74,False,4,4,2,4,1,2,2,2,1,0,3,3,3,3,3,2,2,3.62,0.375,2,0.5,0.667,0.75,0.917,0.125,-0.5,-0.25
kuet,KUET,3.0,3.50 - 3.74,3.50 - 3.74,Satisfied,90% or more,3-6 hrs,Mostly just before exams,About half,6-7 hrs,Rarely,None,"Yes, exactly what I wanted",Often,Mostly suitable,Some support,Satisfied,Somewhat,Average,EEE,EEE,C2_3_50_to_3_74,C2_3_50_to_3_74,False,3,4,3,4,1,1,2,2,1,0,3,3,2,2,2,2,2,3.62,0.375,2,0.438,0.583,0.625,0.75,0.125,-0.5,-0.125
kuet,KUET,3.0,3.75+,3.75+,Very satisfied,90% or more,11-15 hrs,Regularly but not every day,A little,5-6 hrs,Sometimes,None,"Yes, exactly what I wanted",Almost every day,Excellent for focused study,Good support,Satisfied,Mostly,Difficult to manage,EEE,EEE,C3_3_75_plus,C3_3_75_plus,False,3,4,4,4,3,2,1,1,2,0,4,4,3,1,3,3,3,3.87,0.375,2,0.562,0.333,0.875,0.833,0.188,-0.25,0.125
kuet,KUET,7.0,3.20 - 3.49,3.50 - 3.74,Neutral,75-89%,More than 15 hrs,Mostly consistent routine,About half,6-7 hrs,Rarely,6-10 hrs,Close to what I wanted,Often,Mostly suitable,Some support,Neutral,Somewhat,Mostly manageable,ChE,ChE,C2_3_50_to_3_74,C1_3_20_to_3_49,False,2,3,2,3,4,3,2,2,1,2,3,3,2,3,2,2,1,3.62,0.875,4,0.688,0.667,0.625,0.583,0.5,0.25,0.0
kuet,KUET,7.0,3.50 - 3.74,3.50 - 3.74,Neutral,90% or more,More than 15 hrs,Consistent throughout the semester,About half,5-6 hrs,Rarely,6-10 hrs,"Yes, exactly what I wanted",Sometimes,Neither good nor bad,Good support,Satisfied,Mostly,Average,ME,ME,C2_3_50_to_3_74,C2_3_50_to_3_74,False,3,4,2,4,4,4,2,1,1,2,2,2,3,2,3,2,2,3.62,0.875,4,0.875,0.5,0.625,0.833,0.5,0.5,0.125
kuet,KUET,4.0,Below,Below,Dissatisfied,40-59%,Less than 3 hrs,Mostly just before exams,A little,More than 8 hrs,Often,1-5 hrs,"Yes, exactly what I wanted",Often,Neither good nor bad,Some support,Satisfied,Somewhat,Difficult to manage,CSE,CSE,C0_below_3_20,C0_below_3_20,False,3,4,1,1,0,1,1,4,3,1,3,2,2,1,2,0,0,3.0,0.5,2,0.188,0.5,0.5,0.75,0.0,-0.75,0.375
kuet,KUET,7.0,3.75+,3.50 - 3.74,Satisfied,90% or more,More than 15 hrs,Consistent throughout the semester,Most of it,6-7 hrs,Rarely,6-10 hrs,"Yes, exactly what I wanted",Sometimes,Mostly suitable,Some support,Satisfied,Mostly,Mostly manageable,ME,ME,C2_3_50_to_3_74,C3_3_75_plus,False,3,4,3,4,4,4,3,2,1,2,2,3,2,3,3,2,3,3.62,0.875,4,0.875,0.667,0.625,0.833,0.75,0.5,0.0
kuet,KUET,7.0,3.20 - 3.49,Below,Dissatisfied,90% or more,7-10 hrs,Mostly just before exams,Most of it,Less than 5 hrs,Often,1-5 hrs,"Yes, exactly what I wanted",Almost every day,Mostly suitable,Some support,Neutral,Not at all,Difficult to manage,CSE,CSE,C0_below_3_20,C1_3_20_to_3_49,False,2,4,1,4,2,1,3,0,3,1,4,3,2,1,0,0,1,3.0,0.875,4,0.438,0.167,0.625,0.5,0.375,-0.5,0.375
kuet,KUET,7.0,3.50 - 3.74,3.2 - 3.49,Satisfied,90% or more,11-15 hrs,Occasionally when necessary,A little,6-7 hrs,Rarely,6-10 hrs,"Yes, exactly what I wanted",Sometimes,Mostly suitable,Good support,Neutral,Slightly,Average,ME,ME,C1_3_20_to_3_49,C2_3_50_to_3_74,False,2,4,3,4,3,0,1,2,1,2,2,3,3,2,1,1,2,3.35,0.875,4,0.562,0.583,0.75,0.583,0.188,0.25,0.125
kuet,KUET,3.0,3.50 - 3.74,3.50 - 3.74,Very dissatisfied,90% or more,Less than 3 hrs,Mostly just before exams,Almost nothing,6-7 hrs,Almost always,None,"Yes, exactly what I wanted",Almost every day,Excellent for focused study,No support,Neutral,Somewhat,Completely unmanageable,EEE,EEE,C2_3_50_to_3_74,C2_3_50_to_3_74,False,2,4,0,4,0,1,0,2,4,0,4,4,0,0,2,2,2,3.62,0.375,2,0.312,0.167,0.5,0.667,0.0,-1.0,0.5
kuet,KUET,3.0,3.50 - 3.74,3.50 - 3.74,Dissatisfied,75-89%,Less than 3 hrs,Mostly just before exams,Almost nothing,5-6 hrs,Often,11-15 hrs,"Yes, exactly what I wanted",Often,Somewhat distracting,Very little support,Very dissatisfied,Not at all,Difficult to manage,EEE,EEE,C2_3_50_to_3_74,C2_3_50_to_3_74,False,0,4,1,3,0,1,0,1,3,3,3,1,1,1,0,2,2,3.62,0.375,2,0.312,0.25,0.25,0.333,0.0,-0.75,0.625
kuet,KUET,3.0,3.75+,3.75+,Dissatisfied,90% or more,More than 15 hrs,Regularly but not every day,A little,More than 8 hrs,Sometimes,1-5 hrs,Not at all what I wanted,Sometimes,Neither good nor bad,No support,Dissatisfied,Somewhat,Mostly manageable,EEE,EEE,C3_3_75_plus,C3_3_75_plus,False,1,0,1,4,4,2,1,4,2,1,2,2,0,3,2,3,3,3.87,0.375,2,0.75,0.75,0.25,0.25,0.25,0.5,0.0
kuet,KUET,7.0,3.20 - 3.49,3.50 - 3.74,Very dissatisfied,75-89%,3-6 hrs,Mostly just before exams,Almost nothing,5-6 hrs,Sometimes,More than 15 hrs,Close to what I wanted,Often,Neither good nor bad,Very little support,Satisfied,Somewhat,Average,IEM,IEM,C2_3_50_to_3_74,C1_3_20_to_3_49,False,3,3,0,3,1,1,0,1,2,4,3,2,1,2,2,2,1,3.62,0.875,4,0.375,0.417,0.375,0.667,0.0,-0.5,0.5
kuet,KUET,7.0,3.20 - 3.49,3.2 - 3.49,Very dissatisfied,75-89%,3-6 hrs,Mostly just before exams,A little,5-6 hrs,Sometimes,1-5 hrs,Close to what I wanted,Rarely,Somewhat distracting,Good support,Very dissatisfied,Somewhat,Mostly manageable,IEM,IEM,C1_3_20_to_3_49,C1_3_20_to_3_49,False,0,3,0,3,1,1,1,1,2,1,1,1,3,3,2,1,1,3.35,0.875,4,0.5,0.5,0.5,0.417,0.062,0.0,0.0
kuet,KUET,7.0,3.50 - 3.74,3.2 - 3.49,Satisfied,90% or more,Less than 3 hrs,Mostly just before exams,Almost nothing,5-6 hrs,Often,1-5 hrs,Somewhat different,Almost every day,Somewhat distracting,Good support,Neutral,Slightly,Difficult to manage,IEM,IEM,C1_3_20_to_3_49,C2_3_50_to_3_74,False,2,2,3,4,0,1,0,1,3,1,4,1,3,1,1,1,2,3.35,0.875,4,0.312,0.25,0.5,0.417,0.0,-1.0,0.375
kuet,KUET,4.0,3.75+,3.2 - 3.49,Satisfied,90% or more,3-6 hrs,Occasionally when necessary,A little,5-6 hrs,Rarely,None,Close to what I wanted,Sometimes,Neither good nor bad,Strong support,Satisfied,Completely,Average,IEM,IEM,C1_3_20_to_3_49,C3_3_75_plus,False,3,3,3,4,1,0,1,1,1,0,2,2,4,2,4,1,3,3.35,0.5,2,0.438,0.5,0.75,0.833,0.062,-0.25,-0.125
kuet,KUET,5.0,3.20 - 3.49,3.2 - 3.49,Satisfied,75-89%,11-15 hrs,Regularly but not every day,About half,Less than 5 hrs,Often,11-15 hrs,"Yes, exactly what I wanted",Sometimes,Neither good nor bad,Good support,Satisfied,Mostly,Average,CSE,CSE,C1_3_20_to_3_49,C1_3_20_to_3_49,False,3,4,3,3,3,2,2,0,3,3,2,2,3,2,3,1,1,3.35,0.625,3,0.625,0.25,0.625,0.833,0.375,0.25,0.5
kuet,KUET,5.0,3.20 - 3.49,3.2 - 3.49,Satisfied,75-89%,11-15 hrs,Regularly but not every day,About half,5-6 hrs,Sometimes,6-10 hrs,"Yes, exactly what I wanted",Sometimes,Neither good nor bad,Good support,Satisfied,Mostly,Mostly manageable,EEE,EEE,C1_3_20_to_3_49,C1_3_20_to_3_49,False,3,4,3,3,3,2,2,1,2,2,2,2,3,3,3,1,1,3.35,0.625,3,0.625,0.5,0.625,0.833,0.375,0.25,0.125
kuet,KUET,6.0,Below,Below,Dissatisfied,60-74%,3-6 hrs,Occasionally when necessary,A little,Less than 5 hrs,Often,1-5 hrs,Close to what I wanted,Often,Neither good nor bad,Some support,Neutral,Somewhat,Average,CSE,CSE,C0_below_3_20,C0_below_3_20,False,2,3,1,2,1,0,1,0,3,1,3,2,2,2,2,0,0,3.0,0.75,3,0.25,0.25,0.5,0.583,0.062,-0.5,0.25
kuet,KUET,4.0,3.50 - 3.74,3.50 - 3.74,Satisfied,90% or more,11-15 hrs,Mostly consistent routine,Most of it,6-7 hrs,Sometimes,6-10 hrs,"Yes, exactly what I wanted",Rarely,Mostly suitable,Good support,Satisfied,Mostly,Mostly manageable,ECE,ECE,C2_3_50_to_3_74,C2_3_50_to_3_74,False,3,4,3,4,3,3,3,2,2,2,1,3,3,3,3,2,2,3.62,0.5,2,0.812,0.583,0.75,0.833,0.562,0.5,0.125
kuet,KUET,5.0,3.50 - 3.74,3.50 - 3.74,Satisfied,90% or more,11-15 hrs,Mostly consistent routine,Most of it,6-7 hrs,Sometimes,6-10 hrs,Close to what I wanted,Sometimes,Mostly suitable,Good support,Satisfied,Mostly,Mostly manageable,MTE,MTE,C2_3_50_to_3_74,C2_3_50_to_3_74,False,3,3,3,4,3,3,3,2,2,2,2,3,3,3,3,2,2,3.62,0.625,3,0.75,0.583,0.75,0.75,0.562,0.25,0.125
kuet,KUET,7.0,Below,Below,Very dissatisfied,75-89%,Less than 3 hrs,Mostly just before exams,Almost nothing,Less than 5 hrs,Almost always,1-5 hrs,Mostly different,Sometimes,Very distracting,No support,Very dissatisfied,Not at all,Difficult to manage,IEM,IEM,C0_below_3_20,C0_below_3_20,False,0,1,0,3,0,1,0,0,4,1,2,0,0,1,0,0,0,3.0,0.875,4,0.375,0.083,0.0,0.083,0.0,-0.5,0.5
kuet,KUET,6.0,3.20 - 3.49,3.2 - 3.49,Neutral,75-89%,7-10 hrs,Regularly but not every day,About half,Less than 5 hrs,Often,6-10 hrs,Somewhat different,Often,Neither good nor bad,Good support,Satisfied,Somewhat,Average,ESE,ESE,C1_3_20_to_3_49,C1_3_20_to_3_49,False,3,2,2,3,2,2,2,0,3,2,3,2,3,2,2,1,1,3.35,0.75,3,0.5,0.25,0.625,0.583,0.25,-0.25,0.375
kuet,KUET,7.0,3.20 - 3.49,3.2 - 3.49,Neutral,75-89%,11-15 hrs,Mostly consistent routine,Most of it,5-6 hrs,Sometimes,6-10 hrs,Close to what I wanted,Sometimes,Neither good nor bad,Some support,Satisfied,Somewhat,Average,MTE,MTE,C1_3_20_to_3_49,C1_3_20_to_3_49,False,3,3,2,3,3,3,3,1,2,2,2,2,2,2,2,1,1,3.35,0.875,4,0.688,0.417,0.5,0.667,0.562,0.25,0.25
kuet,KUET,4.0,3.75+,3.75+,Very satisfied,90% or more,More than 15 hrs,Mostly consistent routine,Most of it,7-8 hrs,Sometimes,1-5 hrs,"Yes, exactly what I wanted",Sometimes,Mostly suitable,Good support,Very satisfied,Mostly,Mostly manageable,ARCH,ARCH,C3_3_75_plus,C3_3_75_plus,False,4,4,4,4,4,3,3,3,2,1,2,3,3,3,3,3,3,3.87,0.5,2,0.812,0.667,0.75,0.917,0.75,0.5,0.0
kuet,KUET,4.0,Below,Below,Dissatisfied,90% or more,7-10 hrs,Occasionally when necessary,A little,5-6 hrs,Often,1-5 hrs,"Yes, exactly what I wanted",Sometimes,Neither good nor bad,Good support,Dissatisfied,Not at all,Difficult to manage,CSE,CSE,C0_below_3_20,C0_below_3_20,False,1,4,1,4,2,0,1,1,3,1,2,2,3,1,0,0,0,3.0,0.5,2,0.5,0.25,0.625,0.417,0.125,0.0,0.375
kuet,KUET,6.0,3.20 - 3.49,3.2 - 3.49,Neutral,75-89%,7-10 hrs,Regularly but not every day,About half,6-7 hrs,Sometimes,None,"Yes, exactly what I wanted",Sometimes,Mostly suitable,Some support,Satisfied,Somewhat,Very healthy and balanced,CSE,CSE,C1_3_20_to_3_49,C1_3_20_to_3_49,False,3,4,2,3,2,2,2,2,2,0,2,3,2,4,2,1,1,3.35,0.75,3,0.562,0.667,0.625,0.75,0.25,0.0,-0.25
kuet,KUET,7.0,3.50 - 3.74,3.2 - 3.49,Satisfied,75-89%,7-10 hrs,Mostly consistent routine,Most of it,5-6 hrs,Sometimes,1-5 hrs,Close to what I wanted,Sometimes,Neither good nor bad,Some support,Satisfied,Mostly,Mostly manageable,CSE,CSE,C1_3_20_to_3_49,C2_3_50_to_3_74,False,3,3,3,3,2,3,3,1,2,1,2,2,2,3,3,1,2,3.35,0.875,4,0.625,0.5,0.5,0.75,0.375,0.0,0.0
kuet,KUET,3.0,3.75+,3.75+,Neutral,90% or more,7-10 hrs,Mostly just before exams,Most of it,5-6 hrs,Never,None,"Yes, exactly what I wanted",Almost every day,Neither good nor bad,Strong support,Very satisfied,Mostly,Difficult to manage,EEE,EEE,C3_3_75_plus,C3_3_75_plus,False,4,4,2,4,2,1,3,1,0,0,4,2,4,1,3,3,3,3.87,0.375,2,0.438,0.5,0.75,0.917,0.375,-0.5,-0.125
kuet,KUET,4.0,Below,Below,Dissatisfied,40-59%,Less than 3 hrs,Mostly just before exams,Almost nothing,5-6 hrs,Almost always,None,Somewhat different,Almost every day,Neither good nor bad,Very little support,Very dissatisfied,Not at all,Difficult to manage,CSE,CSE,C0_below_3_20,C0_below_3_20,False,0,2,1,1,0,1,0,1,4,0,4,2,1,1,0,0,0,3.0,0.5,2,0.125,0.167,0.375,0.167,0.0,-1.0,0.375
kuet,KUET,3.0,3.50 - 3.74,3.75+,Very satisfied,90% or more,More than 15 hrs,Consistent throughout the semester,A little,7-8 hrs,Sometimes,None,"Yes, exactly what I wanted",Sometimes,Excellent for focused study,Strong support,Very dissatisfied,Not at all,Very healthy and balanced,CSE,CSE,C3_3_75_plus,C2_3_50_to_3_74,False,0,4,4,4,4,4,1,3,2,0,2,4,4,4,0,3,2,3.87,0.375,2,0.875,0.75,1.0,0.333,0.25,0.5,-0.25
kuet,KUET,5.0,3.20 - 3.49,3.2 - 3.49,Neutral,75-89%,7-10 hrs,Regularly but not every day,About half,6-7 hrs,Sometimes,None,"Yes, exactly what I wanted",Sometimes,Mostly suitable,Some support,Neutral,Mostly,Very healthy and balanced,EEE,EEE,C1_3_20_to_3_49,C1_3_20_to_3_49,False,2,4,2,3,2,2,2,2,2,0,2,3,2,4,3,1,1,3.35,0.625,3,0.562,0.667,0.625,0.75,0.25,0.0,-0.25
kuet,KUET,7.0,3.20 - 3.49,3.2 - 3.49,Neutral,75-89%,7-10 hrs,Occasionally when necessary,About half,7-8 hrs,Often,1-5 hrs,"Yes, exactly what I wanted",Sometimes,Mostly suitable,Good support,Very satisfied,Mostly,Average,ChE,ChE,C1_3_20_to_3_49,C1_3_20_to_3_49,False,4,4,2,3,2,0,2,3,3,1,2,3,3,2,3,1,1,3.35,0.875,4,0.438,0.5,0.75,0.917,0.25,0.0,0.25
kuet,KUET,3.0,3.75+,3.75+,Satisfied,90% or more,Less than 3 hrs,Occasionally when necessary,Most of it,5-6 hrs,Sometimes,None,Close to what I wanted,Often,Somewhat distracting,Strong support,Satisfied,Somewhat,Average,EEE,EEE,C3_3_75_plus,C3_3_75_plus,False,3,3,3,4,0,0,3,1,2,0,3,1,4,2,2,3,3,3.87,0.375,2,0.312,0.417,0.625,0.667,0.0,-0.75,0.0
kuet,KUET,3.0,,3.50 - 3.74,Dissatisfied,90% or more,3-6 hrs,Mostly just before exams,Almost nothing,5-6 hrs,Almost always,None,"Yes, exactly what I wanted",Almost every day,Neither good nor bad,Strong support,Neutral,Slightly,Completely unmanageable,EEE,EEE,C2_3_50_to_3_74,C2_3_50_to_3_74,True,2,4,1,4,1,1,0,1,4,0,4,2,4,0,1,2,2,3.62,0.375,2,0.375,0.083,0.75,0.583,0.0,-0.75,0.5
kuet,KUET,7.0,3.50 - 3.74,3.2 - 3.49,Satisfied,90% or more,7-10 hrs,Regularly but not every day,About half,6-7 hrs,Sometimes,None,Mostly different,Sometimes,Mostly suitable,Some support,Satisfied,Somewhat,Mostly manageable,BME,BME,C1_3_20_to_3_49,C2_3_50_to_3_74,False,3,1,3,4,2,2,2,2,2,0,2,3,2,3,2,1,2,3.35,0.875,4,0.625,0.583,0.625,0.5,0.25,0.0,-0.125
kuet,KUET,7.0,3.20 - 3.49,3.2 - 3.49,Dissatisfied,60-74%,7-10 hrs,Regularly but not every day,About half,6-7 hrs,Often,11-15 hrs,Somewhat different,Sometimes,Neither good nor bad,Some support,Neutral,Somewhat,Average,ESE,ESE,C1_3_20_to_3_49,C1_3_20_to_3_49,False,2,2,1,2,2,2,2,2,3,3,2,2,2,2,2,1,1,3.35,0.875,4,0.5,0.417,0.5,0.5,0.25,0.0,0.5
kuet,KUET,4.0,3.75+,3.75+,Satisfied,90% or more,3-6 hrs,Occasionally when necessary,About half,5-6 hrs,Often,1-5 hrs,"Yes, exactly what I wanted",Almost every day,Neither good nor bad,Some support,Satisfied,Somewhat,Difficult to manage,CSE,CSE,C3_3_75_plus,C3_3_75_plus,False,3,4,3,4,1,0,2,1,3,1,4,2,2,1,2,3,3,3.87,0.5,2,0.312,0.25,0.5,0.75,0.125,-0.75,0.375
kuet,KUET,3.0,Below,3.2 - 3.49,Neutral,90% or more,7-10 hrs,Mostly just before exams,About half,5-6 hrs,Rarely,None,"Yes, exactly what I wanted",Often,Somewhat distracting,Some support,Neutral,Mostly,Average,EEE,EEE,C1_3_20_to_3_49,C0_below_3_20,False,2,4,2,4,2,1,2,1,1,0,3,1,2,2,3,1,0,3.35,0.375,2,0.5,0.5,0.375,0.75,0.25,-0.25,-0.125
kuet,KUET,7.0,3.50 - 3.74,Below,Very satisfied,90% or more,3-6 hrs,Mostly just before exams,A little,6-7 hrs,Sometimes,None,Close to what I wanted,Sometimes,Mostly suitable,Strong support,Dissatisfied,Mostly,Mostly manageable,Unknown,Unknown,C0_below_3_20,C2_3_50_to_3_74,False,1,3,4,4,1,1,1,2,2,0,2,3,4,3,3,0,2,3.0,0.875,4,0.5,0.583,0.875,0.583,0.062,-0.25,-0.125
kuet,KUET,7.0,3.75+,3.2 - 3.49,Satisfied,75-89%,More than 15 hrs,Regularly but not every day,About half,6-7 hrs,Rarely,None,"Yes, exactly what I wanted",Sometimes,Neither good nor bad,Very little support,Neutral,Slightly,Mostly manageable,ME,ME,C1_3_20_to_3_49,C3_3_75_plus,False,2,4,3,3,4,2,2,2,1,0,2,2,1,3,1,1,3,3.35,0.875,4,0.688,0.667,0.375,0.583,0.5,0.5,-0.25
kuet,KUET,7.0,3.50 - 3.74,3.2 - 3.49,Satisfied,75-89%,7-10 hrs,Occasionally when necessary,A little,6-7 hrs,Sometimes,6-10 hrs,"Yes, exactly what I wanted",Sometimes,Mostly suitable,Good support,Satisfied,Somewhat,Average,ME,ME,C1_3_20_to_3_49,C2_3_50_to_3_74,False,3,4,3,3,2,0,1,2,2,2,2,3,3,2,2,1,2,3.35,0.875,4,0.438,0.5,0.75,0.75,0.125,0.0,0.25
kuet,KUET,3.0,3.75+,3.75+,Satisfied,90% or more,Less than 3 hrs,Occasionally when necessary,A little,5-6 hrs,Sometimes,1-5 hrs,"Yes, exactly what I wanted",Almost every day,Neither good nor bad,Good support,Neutral,Somewhat,Average,EEE,EEE,C3_3_75_plus,C3_3_75_plus,False,2,4,3,4,0,0,1,1,2,1,4,2,3,2,2,3,3,3.87,0.375,2,0.25,0.417,0.625,0.667,0.0,-1.0,0.125
kuet,KUET,3.0,3.20 - 3.49,3.2 - 3.49,Very dissatisfied,90% or more,Less than 3 hrs,Mostly just before exams,A little,Less than 5 hrs,Almost always,None,"Yes, exactly what I wanted",Often,Neither good nor bad,Very little support,Neutral,Not at all,Completely unmanageable,EEE,EEE,C1_3_20_to_3_49,C1_3_20_to_3_49,False,2,4,0,4,0,1,1,0,4,0,3,2,1,0,0,1,1,3.35,0.375,2,0.375,0.0,0.375,0.5,0.0,-0.75,0.5
kuet,KUET,7.0,3.20 - 3.49,3.50 - 3.74,Neutral,75-89%,Less than 3 hrs,Mostly just before exams,Almost nothing,6-7 hrs,Sometimes,None,"Yes, exactly what I wanted",Sometimes,Somewhat distracting,Strong support,Satisfied,Mostly,Average,CSE,CSE,C2_3_50_to_3_74,C1_3_20_to_3_49,False,3,4,2,3,0,1,0,2,2,0,2,1,4,2,3,2,1,3.62,0.875,4,0.375,0.5,0.625,0.833,0.0,-0.5,0.0
kuet,KUET,7.0,3.50 - 3.74,3.50 - 3.74,Satisfied,75-89%,3-6 hrs,Mostly just before exams,About half,6-7 hrs,Often,None,"Yes, exactly what I wanted",Sometimes,Neither good nor bad,Some support,Satisfied,Somewhat,Mostly manageable,CSE,CSE,C2_3_50_to_3_74,C2_3_50_to_3_74,False,3,4,3,3,1,1,2,2,3,0,2,2,2,3,2,2,2,3.62,0.875,4,0.438,0.5,0.5,0.75,0.125,-0.25,0.0
kuet,KUET,7.0,3.50 - 3.74,3.2 - 3.49,Satisfied,75-89%,11-15 hrs,Occasionally when necessary,Most of it,5-6 hrs,Often,6-10 hrs,"Yes, exactly what I wanted",Sometimes,Mostly suitable,Some support,Neutral,Somewhat,Average,ME,ME,C1_3_20_to_3_49,C2_3_50_to_3_74,False,2,4,3,3,3,0,3,1,3,2,2,3,2,2,2,1,2,3.35,0.875,4,0.5,0.333,0.625,0.667,0.562,0.25,0.375
kuet,KUET,7.0,3.75+,3.75+,Satisfied,90% or more,More than 15 hrs,Consistent throughout the semester,About half,5-6 hrs,Never,None,"Yes, exactly what I wanted",Sometimes,Mostly suitable,Strong support,Neutral,Somewhat,Mostly manageable,ME,ME,C3_3_75_plus,C3_3_75_plus,False,2,4,3,4,4,4,2,1,0,0,2,3,4,3,2,3,3,3.87,0.875,4,0.875,0.667,0.875,0.667,0.5,0.5,-0.375
kuet,KUET,7.0,3.20 - 3.49,3.50 - 3.74,Dissatisfied,90% or more,More than 15 hrs,Regularly but not every day,Most of it,6-7 hrs,Rarely,6-10 hrs,"Yes, exactly what I wanted",Rarely,Neither good nor bad,Good support,Neutral,Somewhat,Average,ME,ME,C2_3_50_to_3_74,C1_3_20_to_3_49,False,2,4,1,4,4,2,3,2,1,2,1,2,3,2,2,2,1,3.62,0.875,4,0.812,0.583,0.625,0.667,0.75,0.75,0.125
kuet,KUET,7.0,3.20 - 3.49,Below,Neutral,75-89%,More than 15 hrs,Regularly but not every day,About half,5-6 hrs,Often,None,Somewhat different,Sometimes,Mostly suitable,Good support,Dissatisfied,Not at all,Average,ME,ME,C0_below_3_20,C1_3_20_to_3_49,False,1,2,2,3,4,2,2,1,3,0,2,3,3,2,0,0,1,3.0,0.875,4,0.688,0.333,0.75,0.25,0.5,0.5,0.125
kuet,KUET,4.0,3.50 - 3.74,3.50 - 3.74,Satisfied,90% or more,3-6 hrs,Occasionally when necessary,About half,Less than 5 hrs,Sometimes,None,Close to what I wanted,Sometimes,Mostly suitable,Good support,Neutral,Slightly,Average,CSE,CSE,C2_3_50_to_3_74,C2_3_50_to_3_74,False,2,3,3,4,1,0,2,0,2,0,2,3,3,2,1,2,2,3.62,0.5,2,0.438,0.333,0.75,0.5,0.125,-0.25,0.0
kuet,KUET,4.0,Below,Below,Dissatisfied,60-74%,3-6 hrs,Mostly just before exams,About half,5-6 hrs,Sometimes,More than 15 hrs,Somewhat different,Often,Neither good nor bad,Very little support,Neutral,Slightly,Average,CSE,CSE,C0_below_3_20,C0_below_3_20,False,2,2,1,2,1,1,2,1,2,4,3,2,1,2,1,0,0,3.0,0.5,2,0.312,0.417,0.375,0.417,0.125,-0.5,0.5
kuet,KUET,4.0,3.50 - 3.74,3.50 - 3.74,Dissatisfied,90% or more,3-6 hrs,Regularly but not every day,A little,5-6 hrs,Often,1-5 hrs,Somewhat different,Sometimes,Mostly suitable,Some support,Neutral,Somewhat,Difficult to manage,Unknown,Unknown,C2_3_50_to_3_74,C2_3_50_to_3_74,False,2,2,1,4,1,2,1,1,3,1,2,3,2,1,2,2,2,3.62,0.5,2,0.562,0.25,0.625,0.5,0.062,-0.25,0.375
kuet,KUET,4.0,3.75+,3.50 - 3.74,Neutral,75-89%,Less than 3 hrs,Mostly just before exams,A little,6-7 hrs,Rarely,None,Close to what I wanted,Rarely,Neither good nor bad,Good support,Neutral,Somewhat,Average,CSE,CSE,C2_3_50_to_3_74,C3_3_75_plus,False,2,3,2,3,0,1,1,2,1,0,1,2,3,2,2,2,3,3.62,0.5,2,0.438,0.583,0.625,0.583,0.0,-0.25,-0.125
kuet,KUET,4.0,3.50 - 3.74,3.2 - 3.49,Satisfied,90% or more,11-15 hrs,Regularly but not every day,About half,6-7 hrs,Sometimes,6-10 hrs,"Yes, exactly what I wanted",Often,Mostly suitable,Good support,Satisfied,Completely,Average,CSE,CSE,C1_3_20_to_3_49,C2_3_50_to_3_74,False,3,4,3,4,3,2,2,2,2,2,3,3,3,2,4,1,2,3.35,0.5,2,0.625,0.5,0.75,0.917,0.375,0.0,0.25
kuet,KUET,4.0,3.75+,3.75+,Neutral,90% or more,7-10 hrs,Occasionally when necessary,A little,5-6 hrs,Often,1-5 hrs,"Yes, exactly what I wanted",Sometimes,Mostly suitable,Strong support,Neutral,Mostly,Difficult to manage,CSE,CSE,C3_3_75_plus,C3_3_75_plus,False,2,4,2,4,2,0,1,1,3,1,2,3,4,1,3,3,3,3.87,0.5,2,0.5,0.25,0.875,0.75,0.125,0.0,0.375
kuet,KUET,4.0,3.75+,3.75+,Neutral,90% or more,3-6 hrs,Regularly but not every day,About half,7-8 hrs,Sometimes,1-5 hrs,"Yes, exactly what I wanted",Sometimes,Mostly suitable,Strong support,Satisfied,Somewhat,Average,CSE,CSE,C3_3_75_plus,C3_3_75_plus,False,3,4,2,4,1,2,2,3,2,1,2,3,4,2,2,3,3,3.87,0.5,2,0.562,0.583,0.875,0.75,0.125,-0.25,0.125
kuet,KUET,4.0,3.75+,3.75+,Dissatisfied,90% or more,7-10 hrs,Occasionally when necessary,A little,6-7 hrs,Sometimes,None,Mostly different,Sometimes,Somewhat distracting,Good support,Dissatisfied,Slightly,Difficult to manage,CSE,CSE,C3_3_75_plus,C3_3_75_plus,False,1,1,1,4,2,0,1,2,2,0,2,1,3,1,1,3,3,3.87,0.5,2,0.5,0.417,0.5,0.25,0.125,0.0,0.125
kuet,KUET,4.0,3.75+,3.75+,Neutral,90% or more,More than 15 hrs,Regularly but not every day,Most of it,6-7 hrs,Often,1-5 hrs,"Yes, exactly what I wanted",Rarely,Excellent for focused study,Good support,Satisfied,Not at all,Difficult to manage,CSE,CSE,C3_3_75_plus,C3_3_75_plus,False,3,4,2,4,4,2,3,2,3,1,1,4,3,1,0,3,3,3.87,0.5,2,0.812,0.333,0.875,0.583,0.75,0.75,0.375
kuet,KUET,4.0,3.50 - 3.74,3.50 - 3.74,Very dissatisfied,75-89%,7-10 hrs,Mostly just before exams,Most of it,5-6 hrs,Almost always,None,Close to what I wanted,Often,Mostly suitable,Good support,Neutral,Somewhat,Average,CSE,CSE,C2_3_50_to_3_74,C2_3_50_to_3_74,False,2,3,0,3,2,1,3,1,4,0,3,3,3,2,2,2,2,3.62,0.5,2,0.438,0.25,0.75,0.583,0.375,-0.25,0.25
kuet,KUET,4.0,3.20 - 3.49,3.2 - 3.49,Dissatisfied,60-74%,Less than 3 hrs,Occasionally when necessary,A little,5-6 hrs,Sometimes,None,Close to what I wanted,Often,Mostly suitable,Some support,Satisfied,Somewhat,Difficult to manage,CSE,CSE,C1_3_20_to_3_49,C1_3_20_to_3_49,False,3,3,1,2,0,0,1,1,2,0,3,3,2,1,2,1,1,3.35,0.5,2,0.188,0.333,0.625,0.667,0.0,-0.75,0.125
kuet,KUET,4.0,Below,Below,Neutral,90% or more,3-6 hrs,Regularly but not every day,A little,6-7 hrs,Almost always,None,Mostly different,Almost every day,Neither good nor bad,Good support,Neutral,Slightly,Completely unmanageable,CSE,CSE,C0_below_3_20,C0_below_3_20,False,2,1,2,4,1,2,1,2,4,0,4,2,3,0,1,0,0,3.0,0.5,2,0.438,0.167,0.625,0.333,0.062,-0.75,0.5
kuet,KUET,4.0,3.75+,3.75+,Very satisfied,75-89%,11-15 hrs,Regularly but not every day,About half,5-6 hrs,Often,1-5 hrs,Somewhat different,Almost every day,Mostly suitable,Good support,Neutral,Mostly,Average,CSE,CSE,C3_3_75_plus,C3_3_75_plus,False,2,2,4,3,3,2,2,1,3,1,4,3,3,2,3,3,3,3.87,0.5,2,0.5,0.333,0.75,0.583,0.375,-0.25,0.25
kuet,KUET,3.0,3.20 - 3.49,3.2 - 3.49,Very dissatisfied,75-89%,11-15 hrs,Regularly but not every day,About half,Less than 5 hrs,Sometimes,None,Somewhat different,Often,Neither good nor bad,Very little support,Neutral,Slightly,Difficult to manage,CSE,CSE,C1_3_20_to_3_49,C1_3_20_to_3_49,False,2,2,0,3,3,2,2,0,2,0,3,2,1,1,1,1,1,3.35,0.375,2,0.562,0.25,0.375,0.417,0.375,0.0,0.125
kuet,KUET,7.0,3.50 - 3.74,3.50 - 3.74,Neutral,90% or more,11-15 hrs,Mostly consistent routine,About half,6-7 hrs,Almost always,None,Not at all what I wanted,Often,Neither good nor bad,Some support,Neutral,Somewhat,Difficult to manage,ME,ME,C2_3_50_to_3_74,C2_3_50_to_3_74,False,2,0,2,4,3,3,2,2,4,0,3,2,2,1,2,2,2,3.62,0.875,4,0.688,0.25,0.5,0.333,0.375,0.0,0.375
kuet,KUET,4.0,3.75+,3.75+,Satisfied,90% or more,3-6 hrs,Occasionally when necessary,A little,5-6 hrs,Sometimes,1-5 hrs,"Yes, exactly what I wanted",Sometimes,Excellent for focused study,Good support,Dissatisfied,Not at all,Difficult to manage,CSE,CSE,C3_3_75_plus,C3_3_75_plus,False,1,4,3,4,1,0,1,1,2,1,2,4,3,1,0,3,3,3.87,0.5,2,0.438,0.333,0.875,0.417,0.062,-0.25,0.25
kuet,KUET,3.0,3.75+,3.75+,Dissatisfied,75-89%,3-6 hrs,Mostly just before exams,A little,Less than 5 hrs,Often,1-5 hrs,"Yes, exactly what I wanted",Often,Neither good nor bad,Very little support,Neutral,Somewhat,Difficult to manage,EEE,EEE,C3_3_75_plus,C3_3_75_plus,False,2,4,1,3,1,1,1,0,3,1,3,2,1,1,2,3,3,3.87,0.375,2,0.375,0.167,0.375,0.667,0.062,-0.5,0.375
kuet,KUET,7.0,3.75+,3.50 - 3.74,Very satisfied,75-89%,11-15 hrs,Regularly but not every day,Almost nothing,6-7 hrs,Rarely,None,"Yes, exactly what I wanted",Often,Mostly suitable,Very little support,Satisfied,Mostly,Very healthy and balanced,ME,ME,C2_3_50_to_3_74,C3_3_75_plus,False,3,4,4,3,3,2,0,2,1,0,3,3,1,4,3,2,3,3.62,0.875,4,0.562,0.75,0.5,0.833,0.0,0.0,-0.375
kuet,KUET,2.0,Below,Below,Very dissatisfied,75-89%,Less than 3 hrs,Mostly just before exams,A little,6-7 hrs,Sometimes,None,"Yes, exactly what I wanted",Often,Neither good nor bad,No support,Neutral,Somewhat,Difficult to manage,CSE,CSE,C0_below_3_20,C0_below_3_20,False,2,4,0,3,0,1,1,2,2,0,3,2,0,1,2,0,0,3.0,0.25,1,0.312,0.417,0.25,0.667,0.0,-0.75,0.125
kuet,KUET,7.0,3.75+,3.50 - 3.74,Satisfied,75-89%,3-6 hrs,Mostly just before exams,About half,5-6 hrs,Sometimes,None,"Yes, exactly what I wanted",Often,Mostly suitable,Strong support,Satisfied,Mostly,Average,ME,ME,C2_3_50_to_3_74,C3_3_75_plus,False,3,4,3,3,1,1,2,1,2,0,3,3,4,2,3,2,3,3.62,0.875,4,0.375,0.417,0.875,0.833,0.125,-0.5,0.0
kuet,KUET,7.0,3.50 - 3.74,3.2 - 3.49,Neutral,90% or more,11-15 hrs,Consistent throughout the semester,A little,6-7 hrs,Almost always,1-5 hrs,"Yes, exactly what I wanted",Sometimes,Mostly suitable,Strong support,Satisfied,Completely,Very healthy and balanced,ME,ME,C1_3_20_to_3_49,C2_3_50_to_3_74,False,3,4,2,4,3,4,1,2,4,1,2,3,4,4,4,1,2,3.35,0.875,4,0.812,0.5,0.875,0.917,0.188,0.25,0.125
kuet,KUET,7.0,Below,Below,Dissatisfied,75-89%,3-6 hrs,Mostly just before exams,Almost nothing,5-6 hrs,Often,6-10 hrs,Not at all what I wanted,Often,Neither good nor bad,Very little support,Very dissatisfied,Not at all,Difficult to manage,ME,ME,C0_below_3_20,C0_below_3_20,False,0,0,1,3,1,1,0,1,3,2,3,2,1,1,0,0,0,3.0,0.875,4,0.375,0.25,0.375,0.0,0.0,-0.5,0.5
kuet,KUET,7.0,3.50 - 3.74,3.2 - 3.49,Neutral,90% or more,7-10 hrs,Regularly but not every day,A little,5-6 hrs,Sometimes,1-5 hrs,"Yes, exactly what I wanted",Sometimes,Neither good nor bad,Very little support,Dissatisfied,Slightly,Average,ME,ME,C1_3_20_to_3_49,C2_3_50_to_3_74,False,1,4,2,4,2,2,1,1,2,1,2,2,1,2,1,1,2,3.35,0.875,4,0.625,0.417,0.375,0.5,0.125,0.0,0.125
kuet,KUET,7.0,3.50 - 3.74,Below,Very satisfied,75-89%,3-6 hrs,Occasionally when necessary,Almost nothing,6-7 hrs,Sometimes,1-5 hrs,"Yes, exactly what I wanted",Sometimes,Mostly suitable,Strong support,Satisfied,Completely,Mostly manageable,ME,ME,C0_below_3_20,C2_3_50_to_3_74,False,3,4,4,3,1,0,0,2,2,1,2,3,4,3,4,0,2,3.0,0.875,4,0.375,0.583,0.875,0.917,0.0,-0.25,0.0
kuet,KUET,7.0,3.75+,3.75+,Very satisfied,90% or more,7-10 hrs,Regularly but not every day,A little,Less than 5 hrs,Rarely,None,"Yes, exactly what I wanted",Sometimes,Neither good nor bad,Good support,Satisfied,Somewhat,Average,ME,ME,C3_3_75_plus,C3_3_75_plus,False,3,4,4,4,2,2,1,0,1,0,2,2,3,2,2,3,3,3.87,0.875,4,0.625,0.417,0.625,0.75,0.125,0.0,-0.125
kuet,KUET,4.0,Below,3.2 - 3.49,Very dissatisfied,75-89%,7-10 hrs,Regularly but not every day,Most of it,Less than 5 hrs,Sometimes,6-10 hrs,Somewhat different,Sometimes,Mostly suitable,Good support,Neutral,Somewhat,Average,CSE,CSE,C1_3_20_to_3_49,C0_below_3_20,False,2,2,0,3,2,2,3,0,2,2,2,3,3,2,2,1,0,3.35,0.5,2,0.562,0.333,0.75,0.5,0.375,0.0,0.25
kuet,KUET,4.0,3.50 - 3.74,3.50 - 3.74,Dissatisfied,90% or more,7-10 hrs,Regularly but not every day,Most of it,7-8 hrs,Often,None,"Yes, exactly what I wanted",Sometimes,Neither good nor bad,Strong support,Neutral,Somewhat,Completely unmanageable,CSE,CSE,C2_3_50_to_3_74,C2_3_50_to_3_74,False,2,4,1,4,2,2,3,3,3,0,2,2,4,0,2,2,2,3.62,0.5,2,0.625,0.333,0.75,0.667,0.375,0.0,0.375
kuet,KUET,7.0,3.75+,3.2 - 3.49,Neutral,75-89%,7-10 hrs,Occasionally when necessary,Almost nothing,Less than 5 hrs,Almost always,11-15 hrs,Close to what I wanted,Often,Very distracting,No support,Very dissatisfied,Not at all,Completely unmanageable,ME,ME,C1_3_20_to_3_49,C3_3_75_plus,False,0,3,2,3,2,0,0,0,4,3,3,0,0,0,0,1,3,3.35,0.875,4,0.375,0.0,0.0,0.25,0.0,-0.25,0.875
kuet,KUET,7.0,3.75+,3.50 - 3.74,Satisfied,75-89%,More than 15 hrs,Mostly just before exams,Most of it,5-6 hrs,Almost always,None,"Yes, exactly what I wanted",Never,Somewhat distracting,No support,Very dissatisfied,Somewhat,Difficult to manage,ME,ME,C2_3_50_to_3_74,C3_3_75_plus,False,0,4,3,3,4,1,3,1,4,0,0,1,0,1,2,2,3,3.62,0.875,4,0.75,0.167,0.125,0.5,0.75,1.0,0.375
kuet,KUET,7.0,3.75+,3.2 - 3.49,Satisfied,60-74%,3-6 hrs,Occasionally when necessary,About half,Less than 5 hrs,Sometimes,6-10 hrs,Close to what I wanted,Sometimes,Mostly suitable,Good support,Satisfied,Mostly,Mostly manageable,ME,ME,C1_3_20_to_3_49,C3_3_75_plus,False,3,3,3,2,1,0,2,0,2,2,2,3,3,3,3,1,3,3.35,0.875,4,0.312,0.417,0.75,0.75,0.125,-0.25,0.125
kuet,KUET,4.0,3.50 - 3.74,3.50 - 3.74,Very dissatisfied,90% or more,11-15 hrs,Regularly but not every day,Most of it,5-6 hrs,Sometimes,11-15 hrs,Close to what I wanted,Sometimes,Neither good nor bad,Very little support,Very dissatisfied,Not at all,Average,CSE,CSE,C2_3_50_to_3_74,C2_3_50_to_3_74,False,0,3,0,4,3,2,3,1,2,3,2,2,1,2,0,2,2,3.62,0.5,2,0.688,0.417,0.375,0.25,0.562,0.25,0.375
kuet,KUET,7.0,Below,3.2 - 3.49,Very dissatisfied,90% or more,Less than 3 hrs,Mostly just before exams,A little,6-7 hrs,Almost always,6-10 hrs,"Yes, exactly what I wanted",Almost every day,Mostly suitable,Very little support,Satisfied,Mostly,Difficult to manage,ME,ME,C1_3_20_to_3_49,C0_below_3_20,False,3,4,0,4,0,1,1,2,4,2,4,3,1,1,3,1,0,3.35,0.875,4,0.312,0.25,0.5,0.833,0.0,-1.0,0.625
kuet,KUET,7.0,3.20 - 3.49,3.2 - 3.49,Neutral,90% or more,7-10 hrs,Mostly consistent routine,A little,7-8 hrs,Often,1-5 hrs,Close to what I wanted,Never,Mostly suitable,Very little support,Neutral,Slightly,Average,ME,ME,C1_3_20_to_3_49,C1_3_20_to_3_49,False,2,3,2,4,2,3,1,3,3,1,0,3,1,2,1,1,1,3.35,0.875,4,0.812,0.5,0.5,0.5,0.125,0.5,0.25
kuet,KUET,4.0,3.50 - 3.74,3.50 - 3.74,Satisfied,90% or more,3-6 hrs,Mostly just before exams,About half,5-6 hrs,Sometimes,11-15 hrs,"Yes, exactly what I wanted",Often,Mostly suitable,Some support,Neutral,Somewhat,Average,CSE,CSE,C2_3_50_to_3_74,C2_3_50_to_3_74,False,2,4,3,4,1,1,2,1,2,3,3,3,2,2,2,2,2,3.62,0.5,2,0.438,0.417,0.625,0.667,0.125,-0.5,0.375
kuet,KUET,7.0,3.20 - 3.49,Below,Dissatisfied,75-89%,11-15 hrs,Regularly but not every day,A little,Less than 5 hrs,Sometimes,None,Close to what I wanted,Sometimes,Somewhat distracting,Good support,Neutral,Somewhat,Average,Unknown,Unknown,C0_below_3_20,C1_3_20_to_3_49,False,2,3,1,3,3,2,1,0,2,0,2,1,3,2,2,0,1,3.0,0.875,4,0.625,0.333,0.5,0.583,0.188,0.25,0.0
kuet,KUET,7.0,3.50 - 3.74,3.2 - 3.49,Satisfied,90% or more,7-10 hrs,Regularly but not every day,About half,6-7 hrs,Never,11-15 hrs,"Yes, exactly what I wanted",Often,Somewhat distracting,Good support,Satisfied,Mostly,Mostly manageable,ESE,ESE,C1_3_20_to_3_49,C2_3_50_to_3_74,False,3,4,3,4,2,2,2,2,0,3,3,1,3,3,3,1,2,3.35,0.875,4,0.562,0.75,0.5,0.833,0.25,-0.25,0.0
kuet,KUET,7.0,3.75+,3.50 - 3.74,Neutral,60-74%,More than 15 hrs,Regularly but not every day,About half,6-7 hrs,Sometimes,1-5 hrs,"Yes, exactly what I wanted",Sometimes,Mostly suitable,No support,Neutral,Slightly,Completely unmanageable,ME,ME,C2_3_50_to_3_74,C3_3_75_plus,False,2,4,2,2,4,2,2,2,2,1,2,3,0,0,1,2,3,3.62,0.875,4,0.625,0.333,0.375,0.583,0.5,0.5,0.375
kuet,KUET,4.0,3.75+,3.50 - 3.74,Neutral,60-74%,Less than 3 hrs,Mostly just before exams,A little,Less than 5 hrs,Sometimes,None,"Yes, exactly what I wanted",Almost every day,Mostly suitable,Some support,Dissatisfied,Somewhat,Completely unmanageable,CSE,CSE,C2_3_50_to_3_74,C3_3_75_plus,False,1,4,2,2,0,1,1,0,2,0,4,3,2,0,2,2,3,3.62,0.5,2,0.188,0.167,0.625,0.583,0.0,-1.0,0.25
kuet,KUET,7.0,3.75+,3.75+,Very satisfied,90% or more,More than 15 hrs,Consistent throughout the semester,Most of it,7-8 hrs,Sometimes,None,"Yes, exactly what I wanted",Sometimes,Mostly suitable,Good support,Very satisfied,Mostly,Mostly manageable,IEM,IEM,C3_3_75_plus,C3_3_75_plus,False,4,4,4,4,4,4,3,3,2,0,2,3,3,3,3,3,3,3.87,0.875,4,0.875,0.667,0.75,0.917,0.75,0.5,-0.125
kuet,KUET,7.0,3.50 - 3.74,3.2 - 3.49,Satisfied,75-89%,7-10 hrs,Regularly but not every day,About half,7-8 hrs,Often,1-5 hrs,"Yes, exactly what I wanted",Often,Neither good nor bad,Good support,Satisfied,Completely,Average,IEM,IEM,C1_3_20_to_3_49,C2_3_50_to_3_74,False,3,4,3,3,2,2,2,3,3,1,3,2,3,2,4,1,2,3.35,0.875,4,0.5,0.5,0.625,0.917,0.25,-0.25,0.25
kuet,KUET,7.0,3.75+,3.2 - 3.49,Very satisfied,90% or more,7-10 hrs,Regularly but not every day,Most of it,6-7 hrs,Sometimes,6-10 hrs,Somewhat different,Often,Excellent for focused study,Strong support,Neutral,Somewhat,Average,ME,ME,C1_3_20_to_3_49,C3_3_75_plus,False,2,2,4,4,2,2,3,2,2,2,3,4,4,2,2,1,3,3.35,0.875,4,0.562,0.5,1.0,0.5,0.375,-0.25,0.25
kuet,KUET,7.0,3.20 - 3.49,3.2 - 3.49,Very satisfied,90% or more,More than 15 hrs,Regularly but not every day,A little,5-6 hrs,Sometimes,1-5 hrs,Close to what I wanted,Often,Neither good nor bad,Some support,Neutral,Mostly,Mostly manageable,ME,ME,C1_3_20_to_3_49,C1_3_20_to_3_49,False,2,3,4,4,4,2,1,1,2,1,3,2,2,3,3,1,1,3.35,0.875,4,0.688,0.5,0.5,0.667,0.25,0.25,0.0
kuet,KUET,6.0,3.20 - 3.49,3.2 - 3.49,Neutral,75-89%,7-10 hrs,Occasionally when necessary,About half,7-8 hrs,Rarely,1-5 hrs,"Yes, exactly what I wanted",Sometimes,Mostly suitable,Good support,Satisfied,Mostly,Average,IEM,IEM,C1_3_20_to_3_49,C1_3_20_to_3_49,False,3,4,2,3,2,0,2,3,1,1,2,3,3,2,3,1,1,3.35,0.75,3,0.438,0.667,0.75,0.833,0.25,0.0,0.0
kuet,KUET,6.0,3.20 - 3.49,3.50 - 3.74,Dissatisfied,75-89%,3-6 hrs,Occasionally when necessary,About half,Less than 5 hrs,Often,More than 15 hrs,Close to what I wanted,Sometimes,Mostly suitable,Very little support,Satisfied,Somewhat,Completely unmanageable,MSE,MSE,C2_3_50_to_3_74,C1_3_20_to_3_49,False,3,3,1,3,1,0,2,0,3,4,2,3,1,0,2,2,1,3.62,0.75,3,0.375,0.083,0.5,0.667,0.125,-0.25,0.875
kuet,KUET,6.0,3.75+,3.75+,Very satisfied,90% or more,More than 15 hrs,Mostly consistent routine,Most of it,6-7 hrs,Rarely,6-10 hrs,Somewhat different,Sometimes,Excellent for focused study,Strong support,Very satisfied,Mostly,Mostly manageable,MSE,MSE,C3_3_75_plus,C3_3_75_plus,False,4,2,4,4,4,3,3,2,1,2,2,4,4,3,3,3,3,3.87,0.75,3,0.812,0.667,1.0,0.75,0.75,0.5,0.0
kuet,KUET,7.0,3.20 - 3.49,3.2 - 3.49,Satisfied,90% or more,3-6 hrs,Mostly just before exams,About half,7-8 hrs,Often,6-10 hrs,"Yes, exactly what I wanted",Often,Mostly suitable,Good support,Satisfied,Mostly,Average,Unknown,Unknown,C1_3_20_to_3_49,C1_3_20_to_3_49,False,3,4,3,4,1,1,2,3,3,2,3,3,3,2,3,1,1,3.35,0.875,4,0.438,0.5,0.75,0.833,0.125,-0.5,0.375
kuet,KUET,5.0,3.20 - 3.49,Below,Satisfied,75-89%,Less than 3 hrs,Mostly just before exams,About half,7-8 hrs,Almost always,11-15 hrs,Somewhat different,Rarely,Neither good nor bad,Some support,Satisfied,Somewhat,Difficult to manage,MSE,MSE,C0_below_3_20,C1_3_20_to_3_49,False,3,2,3,3,0,1,2,3,4,3,1,2,2,1,2,0,1,3.0,0.625,3,0.438,0.333,0.5,0.583,0.0,-0.25,0.75
kuet,KUET,6.0,3.50 - 3.74,3.50 - 3.74,Satisfied,75-89%,3-6 hrs,Regularly but not every day,About half,More than 8 hrs,Rarely,1-5 hrs,"Yes, exactly what I wanted",Never,Somewhat distracting,Strong support,Very satisfied,Completely,Difficult to manage,Unknown,Unknown,C2_3_50_to_3_74,C2_3_50_to_3_74,False,4,4,3,3,1,2,2,4,1,1,0,1,4,1,4,2,2,3.62,0.75,3,0.625,0.667,0.625,1.0,0.125,0.25,0.125
kuet,KUET,4.0,Below,Below,Very dissatisfied,75-89%,3-6 hrs,Mostly just before exams,A little,5-6 hrs,Almost always,None,Mostly different,Often,Very distracting,No support,Neutral,Somewhat,Completely unmanageable,CSE,CSE,C0_below_3_20,C0_below_3_20,False,2,1,0,3,1,1,1,1,4,0,3,0,0,0,2,0,0,3.0,0.5,2,0.375,0.083,0.0,0.417,0.062,-0.5,0.5
kuet,KUET,7.0,3.50 - 3.74,3.2 - 3.49,Neutral,75-89%,7-10 hrs,Mostly just before exams,About half,5-6 hrs,Often,6-10 hrs,"Yes, exactly what I wanted",Often,Neither good nor bad,Some support,Satisfied,Somewhat,Difficult to manage,CSE,CSE,C1_3_20_to_3_49,C2_3_50_to_3_74,False,3,4,2,3,2,1,2,1,3,2,3,2,2,1,2,1,2,3.35,0.875,4,0.438,0.25,0.5,0.75,0.25,-0.25,0.5
kuet,KUET,4.0,3.75+,3.75+,Neutral,90% or more,7-10 hrs,Regularly but not every day,Most of it,5-6 hrs,Often,None,"Yes, exactly what I wanted",Almost every day,Mostly suitable,Good support,Neutral,Mostly,Difficult to manage,CSE,CSE,C3_3_75_plus,C3_3_75_plus,False,2,4,2,4,2,2,3,1,3,0,4,3,3,1,3,3,3,3.87,0.5,2,0.5,0.25,0.75,0.75,0.375,-0.5,0.25
kuet,KUET,7.0,3.20 - 3.49,Below,Satisfied,75-89%,11-15 hrs,Regularly but not every day,A little,5-6 hrs,Often,11-15 hrs,"Yes, exactly what I wanted",Sometimes,Somewhat distracting,Very little support,Satisfied,Somewhat,Mostly manageable,ME,ME,C0_below_3_20,C1_3_20_to_3_49,False,3,4,3,3,3,2,1,1,3,3,2,1,1,3,2,0,1,3.0,0.875,4,0.625,0.417,0.25,0.75,0.188,0.25,0.375
kuet,KUET,7.0,3.20 - 3.49,3.2 - 3.49,Dissatisfied,60-74%,3-6 hrs,Mostly just before exams,A little,7-8 hrs,Sometimes,More than 15 hrs,"Yes, exactly what I wanted",Sometimes,Somewhat distracting,Good support,Neutral,Somewhat,Difficult to manage,CSE,CSE,C1_3_20_to_3_49,C1_3_20_to_3_49,False,2,4,1,2,1,1,1,3,2,4,2,1,3,1,2,1,1,3.35,0.875,4,0.375,0.5,0.5,0.667,0.062,-0.25,0.625
kuet,KUET,7.0,3.50 - 3.74,3.2 - 3.49,Dissatisfied,90% or more,More than 15 hrs,Regularly but not every day,A little,5-6 hrs,Never,More than 15 hrs,Not at all what I wanted,Rarely,Neither good nor bad,Strong support,Neutral,Somewhat,Average,Unknown,Unknown,C1_3_20_to_3_49,C2_3_50_to_3_74,False,2,0,1,4,4,2,1,1,0,4,1,2,4,2,2,1,2,3.35,0.875,4,0.812,0.583,0.75,0.333,0.25,0.75,0.25
kuet,KUET,3.0,3.50 - 3.74,3.50 - 3.74,Dissatisfied,75-89%,7-10 hrs,Regularly but not every day,Almost nothing,5-6 hrs,Almost always,11-15 hrs,"Yes, exactly what I wanted",Often,Mostly suitable,Some support,Very dissatisfied,Not at all,Mostly manageable,EEE,EEE,C2_3_50_to_3_74,C2_3_50_to_3_74,False,0,4,1,3,2,2,0,1,4,3,3,3,2,3,0,2,2,3.62,0.375,2,0.5,0.333,0.625,0.333,0.0,-0.25,0.5
kuet,KUET,4.0,Below,Below,Very dissatisfied,60-74%,More than 15 hrs,Occasionally when necessary,A little,5-6 hrs,Often,6-10 hrs,"Yes, exactly what I wanted",Often,Neither good nor bad,No support,Dissatisfied,Not at all,Difficult to manage,CSE,CSE,C0_below_3_20,C0_below_3_20,False,1,4,0,2,4,0,1,1,3,2,3,2,0,1,0,0,0,3.0,0.5,2,0.438,0.25,0.25,0.417,0.25,0.25,0.5
kuet,KUET,5.0,3.50 - 3.74,3.2 - 3.49,Satisfied,75-89%,Less than 3 hrs,Mostly just before exams,About half,6-7 hrs,Often,6-10 hrs,"Yes, exactly what I wanted",Almost every day,Mostly suitable,Strong support,Satisfied,Slightly,Average,CSE,CSE,C1_3_20_to_3_49,C2_3_50_to_3_74,False,3,4,3,3,0,1,2,2,3,2,4,3,4,2,1,1,2,3.35,0.625,3,0.25,0.417,0.875,0.667,0.0,-1.0,0.375
kuet,KUET,5.0,3.20 - 3.49,3.2 - 3.49,Neutral,75-89%,7-10 hrs,Occasionally when necessary,About half,5-6 hrs,Sometimes,None,"Yes, exactly what I wanted",Almost every day,Mostly suitable,Good support,Very dissatisfied,Not at all,Average,CSE,CSE,C1_3_20_to_3_49,C1_3_20_to_3_49,False,0,4,2,3,2,0,2,1,2,0,4,3,3,2,0,1,1,3.35,0.625,3,0.312,0.417,0.75,0.333,0.25,-0.5,0.0
kuet,KUET,5.0,3.50 - 3.74,3.2 - 3.49,Satisfied,75-89%,3-6 hrs,Mostly consistent routine,Most of it,7-8 hrs,Sometimes,6-10 hrs,"Yes, exactly what I wanted",Almost every day,Mostly suitable,Some support,Neutral,Mostly,Mostly manageable,CSE,CSE,C1_3_20_to_3_49,C2_3_50_to_3_74,False,2,4,3,3,1,3,3,3,2,2,4,3,2,3,3,1,2,3.35,0.625,3,0.438,0.667,0.625,0.75,0.188,-0.75,0.125
kuet,KUET,4.0,3.75+,3.50 - 3.74,Neutral,60-74%,3-6 hrs,Occasionally when necessary,Almost nothing,5-6 hrs,Sometimes,1-5 hrs,Not at all what I wanted,Sometimes,Excellent for focused study,Strong support,Satisfied,Somewhat,Average,CSE,CSE,C2_3_50_to_3_74,C3_3_75_plus,False,3,0,2,2,1,0,0,1,2,1,2,4,4,2,2,2,3,3.62,0.5,2,0.312,0.417,1.0,0.417,0.0,-0.25,0.125
kuet,KUET,4.0,Below,Below,Very dissatisfied,75-89%,3-6 hrs,Occasionally when necessary,About half,6-7 hrs,Often,None,"Yes, exactly what I wanted",Almost every day,Mostly suitable,Strong support,Satisfied,Mostly,Average,CSE,CSE,C0_below_3_20,C0_below_3_20,False,3,4,0,3,1,0,2,2,3,0,4,3,4,2,3,0,0,3.0,0.5,2,0.25,0.417,0.875,0.833,0.125,-0.75,0.125
kuet,KUET,4.0,3.75+,3.2 - 3.49,Satisfied,60-74%,Less than 3 hrs,Mostly just before exams,A little,7-8 hrs,Sometimes,None,Somewhat different,Almost every day,Neither good nor bad,Strong support,Neutral,Not at all,Difficult to manage,CSE,CSE,C1_3_20_to_3_49,C3_3_75_plus,False,2,2,3,2,0,1,1,3,2,0,4,2,4,1,0,1,3,3.35,0.5,2,0.188,0.5,0.75,0.333,0.0,-1.0,0.125
kuet,KUET,5.0,3.50 - 3.74,3.50 - 3.74,Satisfied,60-74%,3-6 hrs,Occasionally when necessary,About half,6-7 hrs,Sometimes,1-5 hrs,"Yes, exactly what I wanted",Often,Neither good nor bad,Strong support,Satisfied,Mostly,Average,CSE,CSE,C2_3_50_to_3_74,C2_3_50_to_3_74,False,3,4,3,2,1,0,2,2,2,1,3,2,4,2,3,2,2,3.62,0.625,3,0.25,0.5,0.75,0.833,0.125,-0.5,0.125
kuet,KUET,5.0,Below,Below,Satisfied,90% or more,3-6 hrs,Regularly but not every day,Almost nothing,6-7 hrs,Almost always,None,Mostly different,Sometimes,Somewhat distracting,No support,Neutral,Somewhat,Difficult to manage,CSE,CSE,C0_below_3_20,C0_below_3_20,False,2,1,3,4,1,2,0,2,4,0,2,1,0,1,2,0,0,3.0,0.625,3,0.562,0.25,0.125,0.417,0.0,-0.25,0.375
kuet,KUET,7.0,3.50 - 3.74,3.2 - 3.49,Neutral,60-74%,More than 15 hrs,Regularly but not every day,A little,5-6 hrs,Rarely,11-15 hrs,"Yes, exactly what I wanted",Sometimes,Mostly suitable,Good support,Neutral,Mostly,Mostly manageable,ME,ME,C1_3_20_to_3_49,C2_3_50_to_3_74,False,2,4,2,2,4,2,1,1,1,3,2,3,3,3,3,1,2,3.35,0.875,4,0.625,0.583,0.75,0.75,0.25,0.5,0.125
kuet,KUET,4.0,3.20 - 3.49,3.2 - 3.49,Very dissatisfied,90% or more,Less than 3 hrs,Mostly just before exams,Almost nothing,6-7 hrs,Almost always,None,Close to what I wanted,Almost every day,Mostly suitable,Very little support,Dissatisfied,Somewhat,Completely unmanageable,IEM,IEM,C1_3_20_to_3_49,C1_3_20_to_3_49,False,1,3,0,4,0,1,0,2,4,0,4,3,1,0,2,1,1,3.35,0.5,2,0.312,0.167,0.5,0.5,0.0,-1.0,0.5
kuet,KUET,7.0,Below,3.2 - 3.49,Neutral,75-89%,11-15 hrs,Occasionally when necessary,About half,6-7 hrs,Often,None,"Yes, exactly what I wanted",Often,Neither good nor bad,Good support,Neutral,Somewhat,Mostly manageable,ME,ME,C1_3_20_to_3_49,C0_below_3_20,False,2,4,2,3,3,0,2,2,3,0,3,2,3,3,2,1,0,3.35,0.875,4,0.438,0.5,0.625,0.667,0.375,0.0,0.0
kuet,KUET,4.0,Below,Below,Very dissatisfied,90% or more,More than 15 hrs,Occasionally when necessary,Almost nothing,5-6 hrs,Rarely,None,Somewhat different,Almost every day,Mostly suitable,Good support,Neutral,Slightly,Completely unmanageable,IEM,IEM,C0_below_3_20,C0_below_3_20,False,2,2,0,4,4,0,0,1,1,0,4,3,3,0,1,0,0,3.0,0.5,2,0.5,0.333,0.75,0.417,0.0,0.0,0.125
kuet,KUET,7.0,3.20 - 3.49,3.50 - 3.74,Dissatisfied,75-89%,11-15 hrs,Occasionally when necessary,About half,6-7 hrs,Sometimes,6-10 hrs,Close to what I wanted,Rarely,Neither good nor bad,No support,Satisfied,Mostly,Mostly manageable,BECM,BECM,C2_3_50_to_3_74,C1_3_20_to_3_49,False,3,3,1,3,3,0,2,2,2,2,1,2,0,3,3,2,1,3.62,0.875,4,0.562,0.583,0.25,0.75,0.375,0.5,0.125
kuet,KUET,7.0,3.50 - 3.74,3.75+,Satisfied,75-89%,More than 15 hrs,Regularly but not every day,Most of it,5-6 hrs,Rarely,None,Mostly different,Rarely,Mostly suitable,Good support,Satisfied,Mostly,Mostly manageable,BECM,BECM,C3_3_75_plus,C2_3_50_to_3_74,False,3,1,3,3,4,2,3,1,1,0,1,3,3,3,3,3,2,3.87,0.875,4,0.75,0.583,0.75,0.583,0.75,0.75,-0.25
kuet,KUET,7.0,,3.50 - 3.74,Neutral,75-89%,More than 15 hrs,Regularly but not every day,Most of it,5-6 hrs,Sometimes,6-10 hrs,Close to what I wanted,Sometimes,Neither good nor bad,Good support,Dissatisfied,Slightly,Average,BECM,BECM,C2_3_50_to_3_74,C2_3_50_to_3_74,True,1,3,2,3,4,2,3,1,2,2,2,2,3,2,1,2,2,3.62,0.875,4,0.688,0.417,0.625,0.417,0.75,0.5,0.25
kuet,KUET,7.0,3.20 - 3.49,Below,Satisfied,75-89%,3-6 hrs,Mostly just before exams,Almost nothing,Less than 5 hrs,Sometimes,6-10 hrs,Not at all what I wanted,Almost every day,Mostly suitable,Good support,Dissatisfied,Not at all,Mostly manageable,ME,ME,C0_below_3_20,C1_3_20_to_3_49,False,1,0,3,3,1,1,0,0,2,2,4,3,3,3,0,0,1,3.0,0.875,4,0.312,0.417,0.75,0.083,0.0,-0.75,0.125
kuet,KUET,4.0,3.50 - 3.74,3.50 - 3.74,Satisfied,60-74%,Less than 3 hrs,Mostly just before exams,Almost nothing,Less than 5 hrs,Rarely,11-15 hrs,"Yes, exactly what I wanted",Never,Mostly suitable,Good support,Dissatisfied,Not at all,Average,CSE,CSE,C2_3_50_to_3_74,C2_3_50_to_3_74,False,1,4,3,2,0,1,0,0,1,3,0,3,3,2,0,2,2,3.62,0.5,2,0.438,0.417,0.75,0.417,0.0,0.0,0.25
kuet,KUET,5.0,3.20 - 3.49,Below,Neutral,60-74%,Less than 3 hrs,Mostly just before exams,A little,6-7 hrs,Almost always,6-10 hrs,"Yes, exactly what I wanted",Almost every day,Mostly suitable,Good support,Very dissatisfied,Mostly,Difficult to manage,CSE,CSE,C0_below_3_20,C1_3_20_to_3_49,False,0,4,2,2,0,1,1,2,4,2,4,3,3,1,3,0,1,3.0,0.625,3,0.188,0.25,0.75,0.583,0.0,-1.0,0.625
kuet,KUET,4.0,Below,Below,Very dissatisfied,75-89%,Less than 3 hrs,Mostly just before exams,A little,5-6 hrs,Sometimes,1-5 hrs,Close to what I wanted,Almost every day,Somewhat distracting,Some support,Neutral,Somewhat,Completely unmanageable,ECE,ECE,C0_below_3_20,C0_below_3_20,False,2,3,0,3,0,1,1,1,2,1,4,1,2,0,2,0,0,3.0,0.5,2,0.25,0.25,0.375,0.583,0.0,-1.0,0.375
kuet,KUET,4.0,Below,Below,Very dissatisfied,75-89%,Less than 3 hrs,Occasionally when necessary,About half,7-8 hrs,Often,None,Mostly different,Almost every day,Mostly suitable,Good support,Neutral,Somewhat,Average,ECE,ECE,C0_below_3_20,C0_below_3_20,False,2,1,0,3,0,0,2,3,3,0,4,3,3,2,2,0,0,3.0,0.5,2,0.188,0.5,0.75,0.417,0.0,-1.0,0.125
kuet,KUET,4.0,3.20 - 3.49,3.2 - 3.49,Satisfied,90% or more,7-10 hrs,Consistent throughout the semester,About half,5-6 hrs,Often,11-15 hrs,Close to what I wanted,Almost every day,Neither good nor bad,Strong support,Satisfied,Somewhat,Mostly manageable,ECE,ECE,C1_3_20_to_3_49,C1_3_20_to_3_49,False,3,3,3,4,2,4,2,1,3,3,4,2,4,3,2,1,1,3.35,0.5,2,0.625,0.417,0.75,0.667,0.25,-0.5,0.375
kuet,KUET,4.0,Below,Below,Dissatisfied,60-74%,Less than 3 hrs,Regularly but not every day,A little,5-6 hrs,Sometimes,1-5 hrs,Close to what I wanted,Sometimes,Excellent for focused study,Strong support,Satisfied,Mostly,Average,ECE,ECE,C0_below_3_20,C0_below_3_20,False,3,3,1,2,0,2,1,1,2,1,2,4,4,2,3,0,0,3.0,0.5,2,0.375,0.417,1.0,0.75,0.0,-0.5,0.125
kuet,KUET,4.0,Below,Below,Dissatisfied,60-74%,Less than 3 hrs,Occasionally when necessary,A little,7-8 hrs,Often,6-10 hrs,Close to what I wanted,Almost every day,Very distracting,Strong support,Dissatisfied,Slightly,Difficult to manage,Unknown,Unknown,C0_below_3_20,C0_below_3_20,False,1,3,1,2,0,0,1,3,3,2,4,0,4,1,1,0,0,3.0,0.5,2,0.125,0.417,0.5,0.417,0.0,-1.0,0.5
kuet,KUET,4.0,3.75+,3.75+,Very satisfied,90% or more,3-6 hrs,Mostly just before exams,Most of it,6-7 hrs,Sometimes,None,Close to what I wanted,Almost every day,Mostly suitable,Some support,Satisfied,Mostly,Difficult to manage,ECE,ECE,C3_3_75_plus,C3_3_75_plus,False,3,3,4,4,1,1,3,2,2,0,4,3,2,1,3,3,3,3.87,0.5,2,0.375,0.417,0.625,0.75,0.188,-0.75,0.125
kuet,KUET,4.0,3.20 - 3.49,3.2 - 3.49,Neutral,75-89%,3-6 hrs,Mostly just before exams,A little,5-6 hrs,Often,1-5 hrs,Somewhat different,Sometimes,Neither good nor bad,Good support,Satisfied,Somewhat,Average,ECE,ECE,C1_3_20_to_3_49,C1_3_20_to_3_49,False,3,2,2,3,1,1,1,1,3,1,2,2,3,2,2,1,1,3.35,0.5,2,0.438,0.333,0.625,0.583,0.062,-0.25,0.25
kuet,KUET,4.0,3.75+,3.75+,Satisfied,90% or more,7-10 hrs,Mostly consistent routine,About half,6-7 hrs,Rarely,6-10 hrs,Close to what I wanted,Rarely,Excellent for focused study,Strong support,Very satisfied,Completely,Average,ECE,ECE,C3_3_75_plus,C3_3_75_plus,False,4,3,3,4,2,3,2,2,1,2,1,4,4,2,4,3,3,3.87,0.5,2,0.75,0.583,1.0,0.917,0.25,0.25,0.125
kuet,KUET,4.0,Below,Below,Very dissatisfied,90% or more,7-10 hrs,Mostly just before exams,Almost nothing,6-7 hrs,Sometimes,1-5 hrs,Close to what I wanted,Often,Neither good nor bad,Very little support,Neutral,Somewhat,Completely unmanageable,ECE,ECE,C0_below_3_20,C0_below_3_20,False,2,3,0,4,2,1,0,2,2,1,3,2,1,0,2,0,0,3.0,0.5,2,0.5,0.333,0.375,0.583,0.0,-0.25,0.375
kuet,KUET,1.0,3.50 - 3.74,3.2 - 3.49,Neutral,90% or more,3-6 hrs,Regularly but not every day,About half,Less than 5 hrs,Rarely,1-5 hrs,"Yes, exactly what I wanted",Often,Mostly suitable,Good support,Satisfied,Completely,Mostly manageable,CSE,CSE,C1_3_20_to_3_49,C2_3_50_to_3_74,False,3,4,2,4,1,2,2,0,1,1,3,3,3,3,4,1,2,3.35,0.125,1,0.5,0.5,0.75,0.917,0.125,-0.5,-0.125
kuet,KUET,7.0,3.20 - 3.49,Below,Satisfied,75-89%,Less than 3 hrs,Mostly just before exams,A little,6-7 hrs,Almost always,None,Close to what I wanted,Almost every day,Somewhat distracting,Strong support,Dissatisfied,Slightly,Difficult to manage,ME,ME,C0_below_3_20,C1_3_20_to_3_49,False,1,3,3,3,0,1,1,2,4,0,4,1,4,1,1,0,1,3.0,0.875,4,0.25,0.25,0.625,0.417,0.0,-1.0,0.375
kuet,KUET,4.0,Below,Below,Neutral,90% or more,Less than 3 hrs,Mostly just before exams,Most of it,6-7 hrs,Sometimes,More than 15 hrs,"Yes, exactly what I wanted",Sometimes,Excellent for focused study,Good support,Very satisfied,Somewhat,Average,ECE,ECE,C0_below_3_20,C0_below_3_20,False,4,4,2,4,0,1,3,2,2,4,2,4,3,2,2,0,0,3.0,0.5,2,0.438,0.5,0.875,0.833,0.0,-0.5,0.5
kuet,KUET,4.0,3.75+,3.75+,Very satisfied,90% or more,7-10 hrs,Regularly but not every day,Almost everything,5-6 hrs,Rarely,More than 15 hrs,"Yes, exactly what I wanted",Never,Mostly suitable,Strong support,Very satisfied,Completely,Mostly manageable,EEE,EEE,C3_3_75_plus,C3_3_75_plus,False,4,4,4,4,2,2,4,1,1,4,0,3,4,3,4,3,3,3.87,0.5,2,0.75,0.583,0.875,1.0,0.5,0.5,0.25
kuet,KUET,4.0,3.50 - 3.74,3.50 - 3.74,Satisfied,90% or more,3-6 hrs,Occasionally when necessary,Most of it,7-8 hrs,Often,1-5 hrs,Close to what I wanted,Rarely,Mostly suitable,Good support,Satisfied,Mostly,Mostly manageable,EEE,EEE,C2_3_50_to_3_74,C2_3_50_to_3_74,False,3,3,3,4,1,0,3,3,3,1,1,3,3,3,3,2,2,3.62,0.5,2,0.5,0.583,0.75,0.75,0.188,0.0,0.125
kuet,KUET,4.0,3.75+,3.2 - 3.49,Very satisfied,90% or more,11-15 hrs,Regularly but not every day,About half,6-7 hrs,Never,1-5 hrs,"Yes, exactly what I wanted",Sometimes,Mostly suitable,Some support,Satisfied,Mostly,Mostly manageable,EEE,EEE,C1_3_20_to_3_49,C3_3_75_plus,False,3,4,4,4,3,2,2,2,0,1,2,3,2,3,3,1,3,3.35,0.5,2,0.688,0.75,0.625,0.833,0.375,0.25,-0.25
kuet,KUET,7.0,Below,Below,Very dissatisfied,60-74%,Less than 3 hrs,Mostly just before exams,Almost nothing,5-6 hrs,Almost always,11-15 hrs,Close to what I wanted,Sometimes,Neither good nor bad,Some support,Neutral,Not at all,Average,ECE,ECE,C0_below_3_20,C0_below_3_20,False,2,3,0,2,0,1,0,1,4,3,2,2,2,2,0,0,0,3.0,0.875,4,0.312,0.25,0.5,0.417,0.0,-0.5,0.625
kuet,KUET,4.0,3.50 - 3.74,3.50 - 3.74,Dissatisfied,90% or more,Less than 3 hrs,Mostly just before exams,Most of it,More than 8 hrs,Often,1-5 hrs,Close to what I wanted,Often,Neither good nor bad,No support,Neutral,Somewhat,Average,ECE,ECE,C2_3_50_to_3_74,C2_3_50_to_3_74,False,2,3,1,4,0,1,3,4,3,1,3,2,0,2,2,2,2,3.62,0.5,2,0.375,0.583,0.25,0.583,0.0,-0.75,0.25
kuet,KUET,7.0,Below,3.2 - 3.49,Very dissatisfied,90% or more,3-6 hrs,Regularly but not every day,Almost nothing,Less than 5 hrs,Almost always,11-15 hrs,"Yes, exactly what I wanted",Sometimes,Neither good nor bad,Some support,Neutral,Mostly,Completely unmanageable,ME,ME,C1_3_20_to_3_49,C0_below_3_20,False,2,4,0,4,1,2,0,0,4,3,2,2,2,0,3,1,0,3.35,0.875,4,0.562,0.0,0.5,0.75,0.0,-0.25,0.875
kuet,KUET,7.0,Below,Below,Very dissatisfied,90% or more,7-10 hrs,Regularly but not every day,Almost nothing,Less than 5 hrs,Sometimes,More than 15 hrs,"Yes, exactly what I wanted",Almost every day,Somewhat distracting,Some support,Very dissatisfied,Mostly,Difficult to manage,ME,ME,C0_below_3_20,C0_below_3_20,False,0,4,0,4,2,2,0,0,2,4,4,1,2,1,3,0,0,3.0,0.875,4,0.5,0.25,0.375,0.583,0.0,-0.5,0.625
kuet,KUET,4.0,3.75+,3.75+,Very satisfied,75-89%,Less than 3 hrs,Occasionally when necessary,Almost nothing,Less than 5 hrs,Often,None,Mostly different,Often,Neither good nor bad,No support,Neutral,Slightly,Completely unmanageable,URP,URP,C3_3_75_plus,C3_3_75_plus,False,2,1,4,3,0,0,0,0,3,0,3,2,0,0,1,3,3,3.87,0.5,2,0.25,0.083,0.25,0.333,0.0,-0.75,0.375
kuet,KUET,1.0,3.20 - 3.49,3.2 - 3.49,Neutral,90% or more,7-10 hrs,Mostly just before exams,A little,Less than 5 hrs,Often,6-10 hrs,Not at all what I wanted,Often,Somewhat distracting,Some support,Very satisfied,Mostly,Completely unmanageable,URP,URP,C1_3_20_to_3_49,C1_3_20_to_3_49,False,4,0,2,4,2,1,1,0,3,2,3,1,2,0,3,1,1,3.35,0.125,1,0.5,0.083,0.375,0.583,0.125,-0.25,0.625
kuet,KUET,1.0,Below,Below,Very dissatisfied,75-89%,Less than 3 hrs,Mostly just before exams,A little,5-6 hrs,Often,1-5 hrs,Close to what I wanted,Often,Very distracting,Very little support,Neutral,Somewhat,Completely unmanageable,URP,URP,C0_below_3_20,C0_below_3_20,False,2,3,0,3,0,1,1,1,3,1,3,0,1,0,2,0,0,3.0,0.125,1,0.312,0.167,0.125,0.583,0.0,-0.75,0.5
kuet,KUET,5.0,3.75+,3.2 - 3.49,Very satisfied,90% or more,7-10 hrs,Regularly but not every day,A little,7-8 hrs,Almost always,11-15 hrs,Not at all what I wanted,Almost every day,Mostly suitable,Very little support,Satisfied,Slightly,Difficult to manage,URP,URP,C1_3_20_to_3_49,C3_3_75_plus,False,3,0,4,4,2,2,1,3,4,3,4,3,1,1,1,1,3,3.35,0.625,3,0.5,0.333,0.5,0.333,0.125,-0.5,0.75
kuet,KUET,3.0,3.50 - 3.74,3.50 - 3.74,Satisfied,90% or more,11-15 hrs,Mostly just before exams,Most of it,Less than 5 hrs,Never,1-5 hrs,Close to what I wanted,Sometimes,Excellent for focused study,Strong support,Very satisfied,Completely,Average,URP,URP,C2_3_50_to_3_74,C2_3_50_to_3_74,False,4,3,3,4,3,1,3,0,0,1,2,4,4,2,4,2,2,3.62,0.375,2,0.625,0.5,1.0,0.917,0.562,0.25,-0.125
kuet,KUET,1.0,3.75+,3.75+,Neutral,60-74%,More than 15 hrs,Regularly but not every day,About half,6-7 hrs,Sometimes,1-5 hrs,"Yes, exactly what I wanted",Often,Neither good nor bad,Good support,Neutral,Somewhat,Average,CSE,CSE,C3_3_75_plus,C3_3_75_plus,False,2,4,2,2,4,2,2,2,2,1,3,2,3,2,2,3,3,3.87,0.125,1,0.562,0.5,0.625,0.667,0.5,0.25,0.125
kuet,KUET,7.0,3.20 - 3.49,3.2 - 3.49,Very dissatisfied,90% or more,Less than 3 hrs,Mostly just before exams,Almost nothing,Less than 5 hrs,Almost always,None,Not at all what I wanted,Rarely,Neither good nor bad,Some support,Satisfied,Mostly,Completely unmanageable,URP,URP,C1_3_20_to_3_49,C1_3_20_to_3_49,False,3,0,0,4,0,1,0,0,4,0,1,2,2,0,3,1,1,3.35,0.875,4,0.5,0.0,0.5,0.5,0.0,-0.25,0.5
kuet,KUET,4.0,Below,Below,Neutral,60-74%,7-10 hrs,Mostly just before exams,About half,6-7 hrs,Almost always,6-10 hrs,Somewhat different,Often,Mostly suitable,Some support,Very satisfied,Somewhat,Average,CSE,CSE,C0_below_3_20,C0_below_3_20,False,4,2,2,2,2,1,2,2,4,2,3,3,2,2,2,0,0,3.0,0.5,2,0.375,0.333,0.625,0.667,0.25,-0.25,0.5
kuet,KUET,5.0,3.75+,3.2 - 3.49,Very satisfied,75-89%,Less than 3 hrs,Mostly just before exams,Most of it,6-7 hrs,Often,None,Not at all what I wanted,Often,Neither good nor bad,Some support,Neutral,Somewhat,Average,URP,URP,C1_3_20_to_3_49,C3_3_75_plus,False,2,0,4,3,0,1,3,2,3,0,3,2,2,2,2,1,3,3.35,0.625,3,0.312,0.417,0.5,0.333,0.0,-0.75,0.125
kuet,KUET,5.0,3.75+,3.2 - 3.49,Very satisfied,75-89%,Less than 3 hrs,Mostly just before exams,Almost nothing,6-7 hrs,Sometimes,More than 15 hrs,Close to what I wanted,Rarely,Excellent for focused study,Strong support,Satisfied,Completely,Mostly manageable,URP,URP,C1_3_20_to_3_49,C3_3_75_plus,False,3,3,4,3,0,1,0,2,2,4,1,4,4,3,4,1,3,3.35,0.625,3,0.438,0.583,1.0,0.833,0.0,-0.25,0.375
kuet,KUET,7.0,3.20 - 3.49,3.2 - 3.49,Very dissatisfied,75-89%,More than 15 hrs,Regularly but not every day,About half,Less than 5 hrs,Almost always,None,Not at all what I wanted,Often,Somewhat distracting,Some support,Very dissatisfied,Not at all,Completely unmanageable,ME,ME,C1_3_20_to_3_49,C1_3_20_to_3_49,False,0,0,0,3,4,2,2,0,4,0,3,1,2,0,0,1,1,3.35,0.875,4,0.625,0.0,0.375,0.0,0.5,0.25,0.5
kuet,KUET,3.0,3.75+,3.75+,Satisfied,90% or more,7-10 hrs,Mostly just before exams,About half,5-6 hrs,Sometimes,11-15 hrs,"Yes, exactly what I wanted",Often,Mostly suitable,Some support,Neutral,Somewhat,Average,EEE,EEE,C3_3_75_plus,C3_3_75_plus,False,2,4,3,4,2,1,2,1,2,3,3,3,2,2,2,3,3,3.87,0.375,2,0.5,0.417,0.625,0.667,0.25,-0.25,0.375
