admission_satisfaction,desired_department_match,attendance,weekly_study_time,study_style,topic_clarity,sleep_duration,stress_frequency,weekly_responsibilities,distraction_frequency,study_environment,support_level,routine_manageability,career_expectation,academic_progress,discipline_index,wellbeing_index,environment_index,motivation_index,effective_study,focus_balance,load_pressure,university,department,cgpa_band
3,4,3,4,2,2,2,1,2,2,2,3,3,3,0.875,0.688,0.667,0.625,0.833,0.5,0.5,0.0,CUET,EEE,C2_3_50_to_3_74
2,4,3,3,1,3,2,2,3,2,2,2,3,3,0.875,0.562,0.583,0.5,0.75,0.562,0.25,0.25,CUET,EEE,C1_3_20_to_3_49
2,4,3,4,3,3,1,1,2,1,3,3,3,2,0.875,0.812,0.583,0.75,0.667,0.75,0.75,0.0,CUET,EEE,C2_3_50_to_3_74
3,4,2,3,2,2,1,1,3,2,1,3,2,2,0.875,0.562,0.5,0.5,0.75,0.375,0.25,0.25,CUET,EEE,C1_3_20_to_3_49
3,4,3,3,2,2,1,1,3,2,3,3,2,2,0.875,0.625,0.5,0.75,0.75,0.375,0.25,0.25,CUET,EEE,C2_3_50_to_3_74
3,4,3,4,2,2,2,1,3,2,2,3,3,2,0.875,0.688,0.667,0.625,0.75,0.5,0.5,0.125,CUET,Unknown,C2_3_50_to_3_74
2,4,3,3,2,3,2,1,3,2,2,3,2,3,0.875,0.625,0.583,0.625,0.75,0.562,0.25,0.25,CUET,EEE,C2_3_50_to_3_74
2,4,3,4,2,3,1,1,0,2,3,3,3,2,0.875,0.688,0.583,0.75,0.667,0.75,0.5,-0.25,CUET,CSE,C1_3_20_to_3_49
2,4,3,4,2,3,2,1,0,2,3,3,2,2,0.875,0.688,0.583,0.75,0.667,0.75,0.5,-0.125,CUET,CSE,C2_3_50_to_3_74
0,4,4,1,0,3,2,3,1,3,3,3,2,3,0.917,0.375,0.417,0.75,0.583,0.188,-0.5,0.25,BRAC,CSE,C2_3_50_to_3_74
4,3,3,2,2,2,1,2,2,2,4,4,3,3,0.917,0.562,0.5,1.0,0.833,0.25,0.0,0.125,BRAC,CSE,C2_3_50_to_3_74
0,4,3,1,1,1,2,3,0,4,3,2,1,2,0.833,0.312,0.333,0.625,0.5,0.062,-0.75,0.25,BRAC,CSE,C1_3_20_to_3_49
2,2,4,0,0,2,1,2,1,3,2,3,2,2,0.833,0.312,0.417,0.625,0.5,0.0,-0.75,0.125,BRAC,CSE,C1_3_20_to_3_49
0,4,3,2,1,3,2,3,2,2,3,2,1,4,0.833,0.5,0.333,0.625,0.667,0.375,0.0,0.5,BRAC,CSE,C3_3_75_plus
4,3,4,1,0,2,3,2,1,3,4,3,3,3,0.917,0.375,0.667,0.875,0.833,0.125,-0.5,0.0,BRAC,CSE,C3_3_75_plus
0,4,3,3,2,1,1,4,3,3,1,4,1,3,0.917,0.562,0.167,0.625,0.583,0.188,0.0,0.75,BRAC,CSE,C2_3_50_to_3_74
2,1,2,2,0,2,2,2,2,2,3,2,2,1,0.833,0.375,0.5,0.625,0.333,0.25,0.0,0.25,BRAC,CSE,C1_3_20_to_3_49
0,4,4,1,2,3,1,3,4,4,3,3,1,3,0.833,0.438,0.25,0.75,0.583,0.188,-0.75,0.75,BRAC,CSE,C2_3_50_to_3_74
4,4,4,3,0,3,2,2,0,3,4,4,2,4,0.917,0.5,0.5,1.0,1.0,0.562,0.0,0.0,BRAC,CSE,C3_3_75_plus
0,3,3,2,1,1,1,3,1,4,2,3,1,2,0.917,0.375,0.25,0.625,0.417,0.125,-0.5,0.375,BRAC,CSE,C2_3_50_to_3_74
2,2,4,1,2,2,3,1,2,2,3,2,3,3,0.833,0.562,0.75,0.625,0.583,0.125,-0.25,0.0,BRAC,CSE,C0_below_3_20
0,4,3,0,1,3,1,3,3,1,1,1,1,2,0.833,0.438,0.25,0.25,0.5,0.0,-0.25,0.625,BRAC,CSE,C3_3_75_plus
4,3,4,2,3,2,2,2,1,3,4,3,3,3,0.917,0.625,0.583,0.875,0.833,0.25,-0.25,0.0,BRAC,CSE,C1_3_20_to_3_49
2,4,3,1,0,1,0,4,2,4,3,4,1,1,0.833,0.25,0.083,0.875,0.583,0.062,-0.75,0.625,BRAC,CSE,C0_below_3_20
0,4,4,2,2,3,3,1,0,2,2,2,3,4,0.917,0.625,0.75,0.5,0.667,0.375,0.0,-0.25,BRAC,CSE,C2_3_50_to_3_74
0,2,2,3,3,2,2,3,4,3,1,3,2,3,0.833,0.562,0.417,0.5,0.417,0.375,0.0,0.625,BRAC,CSE,C1_3_20_to_3_49
0,3,3,1,2,3,3,1,4,4,2,1,1,2,0.833,0.375,0.583,0.375,0.417,0.188,-0.75,0.5,BRAC,CSE,C1_3_20_to_3_49
4,2,4,2,0,1,4,0,4,2,2,3,2,2,0.917,0.5,0.833,0.625,0.667,0.125,0.0,0.25,BRAC,CSE,C3_3_75_plus
0,2,2,1,0,3,3,2,1,3,2,4,1,3,0.833,0.25,0.5,0.75,0.417,0.188,-0.5,0.25,BRAC,CSE,C0_below_3_20
0,2,4,2,0,1,3,4,0,3,4,2,1,3,0.917,0.438,0.333,0.75,0.417,0.125,-0.25,0.375,BRAC,CSE,C2_3_50_to_3_74
4,0,3,1,1,2,0,2,3,1,3,2,3,4,0.875,0.5,0.417,0.625,0.667,0.125,0.0,0.25,BUET,CSE,C1_3_20_to_3_49
0,2,4,2,4,4,2,4,1,4,4,3,3,3,0.875,0.625,0.417,0.875,0.417,0.5,-0.5,0.25,BUET,CSE,C3_3_75_plus
0,4,4,1,1,0,1,3,0,3,1,3,1,2,0.833,0.438,0.25,0.5,0.5,0.0,-0.5,0.25,BRAC,CSE,C3_3_75_plus
2,2,2,2,2,2,2,3,2,4,2,3,1,4,0.833,0.375,0.333,0.625,0.667,0.25,-0.5,0.5,BRAC,CSE,C1_3_20_to_3_49
4,3,4,1,0,1,3,2,3,3,4,3,1,3,0.833,0.375,0.5,0.875,0.833,0.062,-0.5,0.5,BRAC,CSE,C0_below_3_20
4,3,3,1,2,4,1,3,2,2,3,1,1,2,0.875,0.5,0.25,0.5,0.75,0.25,-0.25,0.5,BUET,CSE,C3_3_75_plus
0,4,3,2,2,2,2,4,4,3,3,1,2,3,0.917,0.5,0.333,0.5,0.583,0.25,-0.25,0.75,BRAC,CSE,C1_3_20_to_3_49
0,4,3,4,2,2,3,2,3,3,2,4,1,2,0.833,0.625,0.5,0.75,0.5,0.5,0.25,0.5,BRAC,CSE,C1_3_20_to_3_49
0,4,4,3,0,2,0,2,3,2,3,3,2,1,0.917,0.562,0.333,0.75,0.417,0.375,0.25,0.375,BRAC,CSE,C1_3_20_to_3_49
0,3,3,1,1,0,3,2,2,4,3,4,2,2,0.917,0.312,0.583,0.875,0.417,0.0,-0.75,0.25,BRAC,CSE,C2_3_50_to_3_74
0,3,4,3,2,4,1,1,2,0,2,3,3,1,0.875,0.812,0.583,0.625,0.333,0.75,0.75,0.0,BUET,CSE,C1_3_20_to_3_49
0,4,4,2,0,4,0,2,4,2,2,1,2,2,0.875,0.5,0.333,0.375,0.5,0.5,0.0,0.5,BUET,CSE,C1_3_20_to_3_49
0,3,4,3,2,2,3,4,3,3,3,4,2,4,0.875,0.625,0.417,0.875,0.583,0.375,0.0,0.625,BUET,CSE,C3_3_75_plus
0,4,3,1,3,2,1,2,3,1,1,3,1,1,0.833,0.625,0.333,0.5,0.417,0.125,0.0,0.5,BRAC,CSE,C0_below_3_20
0,4,4,0,1,2,2,3,0,3,1,2,2,2,0.917,0.375,0.417,0.375,0.5,0.0,-0.75,0.125,BRAC,CSE,C3_3_75_plus
4,4,4,1,3,2,2,1,2,3,3,2,2,2,0.875,0.562,0.583,0.625,0.833,0.125,-0.5,0.125,BUET,CSE,C2_3_50_to_3_74
0,3,4,2,1,2,3,3,0,4,1,2,3,3,0.917,0.438,0.583,0.375,0.5,0.25,-0.5,0.0,BRAC,CSE,C3_3_75_plus
0,4,2,3,0,2,2,3,0,3,2,2,2,3,0.833,0.375,0.417,0.5,0.583,0.375,0.0,0.125,BRAC,CSE,C3_3_75_plus
2,3,2,2,3,2,2,3,1,3,3,3,1,3,0.917,0.5,0.333,0.75,0.667,0.25,-0.25,0.375,BRAC,CSE,C3_3_75_plus
0,2,3,3,1,1,1,2,1,3,2,2,2,3,0.875,0.5,0.417,0.5,0.417,0.188,0.0,0.125,BUET,CSE,C1_3_20_to_3_49
0,1,3,0,0,4,1,1,1,3,3,1,3,2,0.875,0.25,0.583,0.5,0.25,0.0,-0.75,-0.125,BUET,CSE,C0_below_3_20
2,4,4,1,3,4,3,1,2,3,3,3,2,4,0.833,0.562,0.667,0.75,0.833,0.25,-0.5,0.125,BRAC,CSE,C0_below_3_20
4,4,2,3,2,2,3,3,1,4,2,2,1,3,0.917,0.438,0.417,0.5,0.917,0.375,-0.25,0.375,BRAC,CSE,C1_3_20_to_3_49
2,4,3,0,3,2,0,1,4,1,3,3,2,2,0.833,0.562,0.417,0.75,0.667,0.0,-0.25,0.375,BRAC,CSE,C2_3_50_to_3_74
0,1,4,2,3,2,1,3,1,3,3,0,2,3,0.875,0.625,0.333,0.375,0.333,0.25,-0.25,0.25,BUET,CSE,C2_3_50_to_3_74
0,4,4,2,1,2,2,0,2,4,3,2,2,4,0.833,0.438,0.667,0.625,0.667,0.25,-0.5,0.0,BRAC,CSE,C1_3_20_to_3_49
4,4,4,4,0,2,2,2,4,4,3,2,1,3,0.917,0.5,0.417,0.625,0.917,0.5,0.0,0.625,BRAC,CSE,C2_3_50_to_3_74
0,2,3,2,2,2,3,4,1,3,3,3,1,1,0.833,0.5,0.333,0.75,0.25,0.25,-0.25,0.5,BRAC,CSE,C3_3_75_plus
0,3,3,1,2,4,3,1,1,1,2,4,3,2,0.917,0.562,0.75,0.75,0.417,0.25,0.0,-0.125,BRAC,CSE,C2_3_50_to_3_74
2,4,3,2,1,0,2,3,4,0,1,2,2,1,0.917,0.625,0.417,0.375,0.583,0.0,0.5,0.625,BRAC,CSE,C2_3_50_to_3_74
0,4,3,0,2,1,2,3,2,1,0,4,2,3,0.833,0.5,0.417,0.5,0.583,0.0,-0.25,0.375,BRAC,CSE,C2_3_50_to_3_74
0,3,3,1,1,3,3,3,1,3,2,2,1,1,0.833,0.375,0.417,0.5,0.333,0.188,-0.5,0.375,BRAC,CSE,C3_3_75_plus
3,1,3,2,2,2,3,3,1,1,4,2,3,1,0.917,0.625,0.583,0.75,0.417,0.25,0.25,0.125,BRAC,CSE,C3_3_75_plus
3,3,4,1,1,1,1,4,0,3,0,3,2,4,0.833,0.438,0.25,0.375,0.833,0.062,-0.5,0.25,BRAC,CSE,C3_3_75_plus
3,2,3,1,1,1,2,3,1,3,1,3,3,3,0.917,0.375,0.5,0.5,0.667,0.062,-0.5,0.125,BRAC,CSE,C2_3_50_to_3_74
2,4,3,2,4,2,1,3,1,2,1,2,0,1,0.833,0.688,0.167,0.375,0.583,0.25,0.0,0.5,BRAC,CSE,C3_3_75_plus
3,3,2,0,0,1,0,2,1,3,3,4,2,2,0.917,0.188,0.333,0.875,0.667,0.0,-0.75,0.125,BRAC,CSE,C3_3_75_plus
3,0,3,1,2,2,4,3,2,0,4,3,2,3,0.833,0.625,0.583,0.875,0.5,0.125,0.25,0.375,BRAC,CSE,C2_3_50_to_3_74
3,4,3,3,2,2,2,3,3,4,1,3,1,4,0.917,0.5,0.333,0.5,0.917,0.375,-0.25,0.625,BRAC,CSE,C1_3_20_to_3_49
2,1,4,2,0,3,3,3,0,2,4,4,0,3,0.833,0.5,0.333,1.0,0.5,0.375,0.0,0.375,BRAC,CSE,C0_below_3_20
4,4,3,2,3,3,2,2,4,4,1,3,1,1,0.917,0.5,0.417,0.5,0.75,0.375,-0.5,0.625,BRAC,CSE,C0_below_3_20
3,4,3,1,1,2,3,3,1,3,0,3,1,3,0.917,0.375,0.417,0.375,0.833,0.125,-0.5,0.375,BRAC,EEE,C3_3_75_plus
2,4,3,2,3,0,0,3,2,2,2,4,2,3,0.833,0.625,0.25,0.75,0.75,0.0,0.0,0.375,BRAC,CSE,C2_3_50_to_3_74
2,4,3,0,3,2,3,4,0,2,4,1,1,2,0.833,0.5,0.333,0.625,0.667,0.0,-0.5,0.375,BRAC,EEE,C1_3_20_to_3_49
2,2,3,0,3,0,2,1,2,3,2,1,1,3,0.833,0.438,0.5,0.375,0.583,0.0,-0.75,0.25,BRAC,CSE,C1_3_20_to_3_49
3,3,4,0,4,1,1,1,0,4,3,1,2,3,0.917,0.5,0.5,0.5,0.75,0.0,-1.0,-0.125,BRAC,EEE,C2_3_50_to_3_74
2,2,4,1,1,3,2,2,2,3,3,0,2,3,0.833,0.438,0.5,0.375,0.583,0.188,-0.5,0.25,BRAC,CSE,C1_3_20_to_3_49
3,4,3,2,1,3,2,4,1,3,3,3,2,3,0.833,0.438,0.333,0.75,0.833,0.375,-0.25,0.375,BRAC,ECE,C1_3_20_to_3_49
2,3,4,3,1,1,1,2,3,0,1,3,1,3,0.917,0.75,0.333,0.5,0.667,0.188,0.75,0.5,BRAC,EEE,C3_3_75_plus
3,3,4,3,2,2,0,4,1,2,4,1,4,3,0.917,0.688,0.333,0.625,0.75,0.375,0.25,0.125,BRAC,CSE,C1_3_20_to_3_49
2,3,4,2,3,1,2,1,2,3,1,2,2,4,0.833,0.625,0.583,0.375,0.75,0.125,-0.25,0.125,BRAC,EEE,C2_3_50_to_3_74
1,4,3,0,4,4,2,2,0,4,4,2,1,1,0.917,0.438,0.417,0.75,0.5,0.0,-1.0,0.125,BRAC,ECE,C3_3_75_plus
2,4,3,1,2,1,2,3,0,3,1,2,3,2,0.917,0.438,0.5,0.375,0.667,0.062,-0.5,0.0,BRAC,CSE,C1_3_20_to_3_49
4,3,3,2,1,3,3,2,2,3,4,2,2,2,0.917,0.438,0.583,0.75,0.75,0.375,-0.25,0.25,BRAC,ECE,C0_below_3_20
2,4,4,1,1,2,3,4,2,3,3,2,3,1,0.917,0.438,0.5,0.625,0.583,0.125,-0.5,0.375,BRAC,CSE,C3_3_75_plus
3,2,4,0,2,1,1,4,0,4,3,0,3,3,0.833,0.375,0.333,0.375,0.667,0.0,-1.0,0.125,BRAC,CSE,C2_3_50_to_3_74
4,1,4,1,1,1,3,3,1,1,1,3,4,1,0.875,0.562,0.667,0.5,0.5,0.062,0.0,0.0,BUET,CSE,C0_below_3_20
4,2,3,2,4,3,3,4,2,3,3,2,3,4,0.875,0.625,0.5,0.625,0.833,0.375,-0.25,0.375,BUET,CSE,C2_3_50_to_3_74
3,4,4,2,4,3,0,1,0,2,4,2,1,2,0.917,0.75,0.333,0.75,0.75,0.375,0.0,0.0,BRAC,CSE,C1_3_20_to_3_49
3,3,3,2,2,3,3,2,2,3,2,1,2,4,0.875,0.5,0.583,0.375,0.833,0.375,-0.25,0.25,CUET,CSE,C3_3_75_plus
3,3,3,1,0,3,3,4,2,1,2,3,1,2,0.875,0.438,0.333,0.625,0.667,0.188,0.0,0.625,CUET,EEE,C3_3_75_plus
3,4,2,0,0,2,2,3,1,2,2,1,2,4,0.833,0.25,0.417,0.375,0.917,0.0,-0.5,0.25,BRAC,CSE,C3_3_75_plus
3,3,4,2,1,3,2,0,1,4,3,2,2,3,0.833,0.438,0.667,0.625,0.75,0.375,-0.5,-0.125,BRAC,CSE,C0_below_3_20
4,3,3,2,0,3,2,2,1,3,2,2,2,2,0.875,0.375,0.5,0.5,0.75,0.375,-0.25,0.125,CUET,ECE,C1_3_20_to_3_49
1,3,2,2,0,4,3,3,1,3,2,1,2,3,0.917,0.312,0.5,0.375,0.583,0.5,-0.25,0.25,BRAC,CSE,C3_3_75_plus
4,4,3,2,0,3,1,1,0,3,0,3,3,1,0.917,0.375,0.583,0.375,0.75,0.375,-0.25,-0.25,BRAC,CSE,C2_3_50_to_3_74
3,3,4,1,2,3,0,1,1,4,3,3,0,3,0.875,0.438,0.25,0.75,0.75,0.188,-0.75,0.25,CUET,CSE,C2_3_50_to_3_74
2,3,4,3,1,3,1,3,1,3,3,3,1,1,0.917,0.562,0.25,0.75,0.5,0.562,0.0,0.375,BRAC,CSE,C1_3_20_to_3_49
3,3,2,2,1,2,2,0,2,3,3,2,1,4,0.917,0.375,0.583,0.625,0.833,0.25,-0.25,0.125,BRAC,CSE,C1_3_20_to_3_49
4,4,4,2,3,3,3,2,2,2,1,0,4,4,0.875,0.688,0.75,0.125,1.0,0.375,0.0,0.0,BUET,CSE,C1_3_20_to_3_49
3,4,3,1,2,3,1,1,1,2,4,1,3,0,0.833,0.5,0.583,0.625,0.583,0.188,-0.25,-0.125,BRAC,CSE,C1_3_20_to_3_49
3,4,3,2,0,1,1,2,2,1,2,1,1,3,0.875,0.5,0.333,0.375,0.833,0.125,0.25,0.375,BUET,CSE,C3_3_75_plus
2,4,3,1,0,3,2,3,1,3,1,3,4,3,0.833,0.312,0.583,0.5,0.75,0.188,-0.5,0.0,BRAC,CSE,C2_3_50_to_3_74
3,4,4,0,0,4,1,4,1,3,3,3,3,2,0.917,0.312,0.333,0.75,0.75,0.0,-0.75,0.25,BRAC,EEE,C2_3_50_to_3_74
2,4,3,0,1,3,1,4,0,2,4,2,2,2,0.917,0.375,0.25,0.75,0.667,0.0,-0.5,0.25,BRAC,CSE,C0_below_3_20
2,0,4,4,1,1,3,0,2,1,3,3,1,2,1.375,0.75,0.667,0.75,0.333,0.25,0.75,0.125,BUET,ChE,C3_3_75_plus
3,3,4,1,4,4,3,3,3,2,4,4,3,1,1.375,0.688,0.583,1.0,0.583,0.25,-0.25,0.375,BUET,Other,C0_below_3_20
2,3,4,0,0,2,2,2,1,4,1,2,4,3,0.917,0.25,0.667,0.375,0.667,0.0,-1.0,-0.125,BRAC,EEE,C3_3_75_plus
4,4,2,1,2,1,4,0,2,4,1,3,1,3,0.5,0.312,0.75,0.5,0.917,0.062,-0.75,0.125,BUET,Other,C3_3_75_plus
2,1,4,4,1,3,3,4,2,1,2,0,2,4,0.625,0.75,0.417,0.25,0.583,0.75,0.75,0.5,BUET,Other,C3_3_75_plus
3,2,4,2,0,2,2,2,1,1,3,2,3,0,0.833,0.562,0.583,0.625,0.417,0.25,0.25,0.0,BRAC,EEE,C1_3_20_to_3_49
2,2,2,4,3,0,3,4,0,4,3,1,0,1,0.75,0.562,0.25,0.5,0.417,0.0,0.0,0.5,BUET,ME,C2_3_50_to_3_74
3,0,2,2,0,4,2,0,3,1,0,2,0,2,0.125,0.438,0.5,0.25,0.417,0.5,0.25,0.375,BUET,Other,C0_below_3_20
3,2,3,1,0,0,2,2,2,1,2,0,4,2,1.125,0.438,0.667,0.25,0.583,0.0,0.0,0.0,BUET,Other,C1_3_20_to_3_49
4,0,2,0,4,3,0,1,0,2,4,3,4,4,1.25,0.5,0.583,0.875,0.667,0.0,-0.5,-0.375,BUET,Other,C3_3_75_plus
4,1,3,3,1,2,3,3,1,4,2,0,2,0,0.375,0.438,0.5,0.25,0.417,0.375,-0.25,0.25,BUET,EEE,C0_below_3_20
3,4,3,2,0,1,3,1,0,0,1,0,2,4,0.5,0.562,0.667,0.125,0.917,0.125,0.5,-0.125,BUET,CSE,C3_3_75_plus
4,2,4,2,1,3,2,3,1,3,1,2,0,0,0.5,0.5,0.25,0.375,0.5,0.375,-0.25,0.5,BUET,BME,C3_3_75_plus
3,2,4,1,2,3,3,1,0,1,3,3,1,2,0.125,0.625,0.583,0.75,0.583,0.188,0.0,0.0,BUET,ARCH,C1_3_20_to_3_49
2,3,3,4,0,1,4,2,0,0,0,3,2,0,0.125,0.688,0.667,0.375,0.417,0.25,1.0,0.0,BUET,URP,C3_3_75_plus
3,2,3,4,2,3,3,1,3,4,2,4,1,2,0.625,0.562,0.583,0.75,0.583,0.75,0.0,0.375,BUET,CE,C2_3_50_to_3_74
3,3,3,4,2,4,4,4,1,1,2,2,1,4,1.25,0.75,0.417,0.5,0.833,1.0,0.75,0.5,BUET,Other,C3_3_75_plus
4,2,3,2,2,0,3,3,3,0,3,2,3,3,1.0,0.688,0.583,0.625,0.75,0.0,0.5,0.375,BUET,ChE,C0_below_3_20
3,3,2,1,2,2,4,3,1,3,2,2,0,4,1.25,0.375,0.417,0.5,0.833,0.125,-0.5,0.5,BUET,Other,C1_3_20_to_3_49
3,0,4,2,3,2,3,2,4,2,3,3,3,2,0.875,0.688,0.667,0.75,0.417,0.25,0.0,0.375,BUET,Other,C2_3_50_to_3_74
2,0,2,3,2,2,0,4,1,2,2,2,2,4,1.0,0.562,0.167,0.5,0.5,0.375,0.25,0.375,BUET,Other,C1_3_20_to_3_49
4,1,2,3,1,3,4,3,2,0,0,3,3,3,1.5,0.625,0.667,0.375,0.667,0.562,0.75,0.25,BUET,ME,C0_below_3_20
3,4,4,1,0,1,1,2,2,2,2,3,2,2,0.917,0.438,0.417,0.625,0.75,0.062,-0.25,0.25,BRAC,CSE,C2_3_50_to_3_74
2,0,3,0,1,3,0,0,0,1,0,2,3,2,0.75,0.438,0.583,0.25,0.333,0.0,-0.25,-0.375,BUET,Other,C1_3_20_to_3_49
4,4,4,1,2,1,3,0,3,2,4,2,2,2,1.375,0.562,0.75,0.75,0.833,0.062,-0.25,0.125,BUET,Other,C1_3_20_to_3_49
3,0,4,0,1,4,2,4,3,3,3,4,2,1,0.833,0.375,0.333,0.875,0.333,0.0,-0.75,0.625,BRAC,EEE,C3_3_75_plus
4,4,3,2,1,4,2,1,3,4,3,3,2,4,0.125,0.375,0.583,0.75,1.0,0.5,-0.5,0.25,BUET,Other,C3_3_75_plus
2,1,4,1,0,0,1,3,2,3,2,4,2,0,0.625,0.375,0.333,0.75,0.25,0.0,-0.5,0.375,BUET,EEE,C2_3_50_to_3_74
4,4,4,0,0,4,2,1,3,2,3,1,3,4,1.375,0.375,0.667,0.5,1.0,0.0,-0.5,0.125,BUET,CSE,C0_below_3_20
3,2,4,1,2,2,0,1,1,2,0,2,2,1,0.917,0.562,0.417,0.25,0.5,0.125,-0.25,0.0,BRAC,ECE,C0_below_3_20
2,1,3,0,2,1,0,3,2,4,1,3,4,3,0.5,0.312,0.417,0.5,0.5,0.0,-1.0,0.125,BUET,BME,C1_3_20_to_3_49
3,0,3,1,3,4,0,1,2,0,0,3,3,1,0.125,0.688,0.5,0.375,0.333,0.25,0.25,0.0,BUET,ARCH,C1_3_20_to_3_49
3,4,2,1,2,2,2,4,4,1,0,4,4,1,1.125,0.5,0.5,0.5,0.667,0.125,0.0,0.5,BUET,URP,C1_3_20_to_3_49
3,4,4,0,2,0,3,2,0,2,1,3,3,3,0.833,0.5,0.667,0.5,0.833,0.0,-0.5,-0.125,BRAC,ECE,C1_3_20_to_3_49
3,4,4,0,3,3,1,1,0,3,4,0,3,1,1.5,0.5,0.583,0.5,0.667,0.0,-0.75,-0.25,BUET,CE,C0_below_3_20
3,1,4,1,1,1,2,3,2,4,0,2,3,1,0.917,0.375,0.5,0.25,0.417,0.062,-0.75,0.25,BRAC,EEE,C0_below_3_20
4,3,4,3,4,0,2,1,0,3,1,0,4,1,0.25,0.75,0.75,0.125,0.667,0.0,0.0,-0.375,BUET,Other,C0_below_3_20
4,3,3,1,0,3,2,2,4,3,0,4,3,4,0.375,0.312,0.583,0.5,0.917,0.188,-0.5,0.375,BUET,ChE,C3_3_75_plus
4,4,3,0,2,2,0,4,4,4,2,0,0,2,1.5,0.312,0.0,0.25,0.833,0.0,-1.0,1.0,BUET,Other,C0_below_3_20
2,0,3,3,4,3,0,2,3,0,0,0,2,1,1.5,0.875,0.333,0.0,0.25,0.562,0.75,0.375,BUET,Other,C1_3_20_to_3_49
2,3,4,0,2,1,2,2,2,4,3,3,2,3,0.833,0.375,0.5,0.75,0.667,0.0,-1.0,0.25,BRAC,CSE,C3_3_75_plus
2,0,3,0,2,4,4,1,4,0,1,0,3,3,0.875,0.562,0.833,0.125,0.417,0.0,0.0,0.25,BUET,Other,C2_3_50_to_3_74
3,2,2,0,2,1,0,1,4,4,1,1,4,3,1.375,0.25,0.583,0.25,0.667,0.0,-1.0,0.125,BUET,ME,C3_3_75_plus
3,3,4,1,1,3,2,3,3,3,1,4,2,2,0.917,0.438,0.417,0.625,0.667,0.188,-0.5,0.5,BRAC,CSE,C0_below_3_20
4,3,3,2,1,3,4,4,1,1,0,2,3,4,1.375,0.562,0.583,0.25,0.917,0.375,0.25,0.25,BUET,Other,C0_below_3_20
4,3,3,1,0,4,3,4,2,3,1,1,2,3,0.917,0.312,0.417,0.25,0.833,0.25,-0.5,0.5,BRAC,CSE,C2_3_50_to_3_74
3,3,3,4,1,4,0,2,4,4,3,3,3,0,0.625,0.5,0.417,0.75,0.5,1.0,0.0,0.375,BUET,Other,C2_3_50_to_3_74
2,1,2,0,1,4,2,2,1,0,1,0,4,3,1.125,0.438,0.667,0.125,0.5,0.0,0.0,-0.125,BUET,Other,C2_3_50_to_3_74
4,3,4,1,3,1,1,1,4,4,3,2,1,4,0.5,0.5,0.417,0.625,0.917,0.062,-0.75,0.5,BUET,EEE,C0_below_3_20
3,2,4,0,0,3,3,2,2,2,3,2,2,2,0.917,0.375,0.583,0.625,0.583,0.0,-0.5,0.25,BRAC,CSE,C2_3_50_to_3_74
2,2,3,2,2,2,1,1,4,4,3,3,2,2,0.917,0.438,0.5,0.75,0.5,0.25,-0.5,0.375,BRAC,CSE,C2_3_50_to_3_74
4,4,4,0,4,3,4,4,4,1,4,4,4,3,0.375,0.688,0.667,1.0,0.917,0.0,-0.25,0.5,BUET,CSE,C0_below_3_20
3,4,4,2,2,1,1,4,2,2,1,2,2,1,0.833,0.625,0.25,0.375,0.667,0.125,0.0,0.5,BRAC,CSE,C2_3_50_to_3_74
4,2,4,2,2,3,1,0,1,4,3,1,2,4,0.625,0.5,0.583,0.5,0.833,0.375,-0.5,-0.125,BUET,BME,C3_3_75_plus
2,3,4,2,0,3,2,2,1,3,4,3,0,3,0.75,0.438,0.333,0.875,0.667,0.375,-0.25,0.375,BUET,ARCH,C3_3_75_plus
2,3,3,0,0,3,2,3,0,4,2,3,2,2,0.833,0.188,0.417,0.625,0.583,0.0,-1.0,0.125,BRAC,CSE,C1_3_20_to_3_49
2,0,2,1,3,3,2,0,0,3,2,0,2,1,0.375,0.438,0.667,0.25,0.25,0.188,-0.5,-0.25,BUET,URP,C3_3_75_plus
3,0,2,4,2,4,4,3,1,1,4,0,3,0,1.25,0.688,0.667,0.5,0.25,1.0,0.75,0.125,BUET,CE,C1_3_20_to_3_49
3,3,3,2,2,0,2,4,1,2,3,3,1,3,0.917,0.562,0.25,0.75,0.75,0.0,0.0,0.5,BRAC,EEE,C3_3_75_plus
2,0,3,1,1,1,4,4,3,1,4,0,0,0,1.25,0.5,0.333,0.5,0.167,0.062,0.0,0.875,BUET,Other,C0_below_3_20
4,4,2,1,2,1,2,4,2,1,0,1,3,1,0.125,0.5,0.417,0.125,0.75,0.062,0.0,0.375,BUET,ChE,C1_3_20_to_3_49
2,0,4,1,2,2,1,3,2,1,3,1,0,3,1.5,0.625,0.167,0.5,0.417,0.125,0.0,0.625,BUET,Other,C0_below_3_20
3,4,3,0,3,0,0,2,2,2,3,2,3,3,0.833,0.5,0.417,0.625,0.833,0.0,-0.5,0.125,BRAC,CSE,C2_3_50_to_3_74
3,4,4,3,2,4,1,0,0,2,0,0,3,0,0.375,0.688,0.667,0.0,0.583,0.75,0.25,-0.375,BUET,Other,C3_3_75_plus
2,1,4,1,3,1,2,4,1,1,3,1,0,0,0.75,0.688,0.167,0.5,0.25,0.062,0.0,0.625,BUET,Other,C0_below_3_20
4,4,3,0,0,2,1,2,1,2,3,4,0,3,0.917,0.312,0.25,0.875,0.917,0.0,-0.5,0.375,BRAC,CSE,C2_3_50_to_3_74
2,1,4,3,2,4,3,1,0,3,0,0,2,2,0.625,0.625,0.667,0.0,0.417,0.75,0.0,-0.125,BUET,ME,C0_below_3_20
3,4,4,2,0,4,2,2,2,2,3,2,1,2,0.833,0.5,0.417,0.625,0.75,0.5,0.0,0.375,BRAC,CSE,C2_3_50_to_3_74
1,4,3,2,2,2,3,2,2,4,1,3,2,0,0.917,0.438,0.583,0.5,0.417,0.25,-0.5,0.25,BRAC,CSE,C0_below_3_20
2,2,4,1,2,0,2,1,2,3,4,1,2,3,0.833,0.5,0.583,0.625,0.583,0.0,-0.5,0.125,BRAC,CSE,C1_3_20_to_3_49
3,3,3,2,3,1,1,3,3,3,3,1,1,3,0.917,0.562,0.25,0.5,0.75,0.125,-0.25,0.625,BRAC,CSE,C2_3_50_to_3_74
3,3,4,1,1,0,3,3,0,3,3,2,2,2,0.833,0.438,0.5,0.625,0.667,0.0,-0.5,0.125,BRAC,ECE,C1_3_20_to_3_49
2,4,3,4,3,3,1,1,0,1,2,3,2,2,0.875,0.812,0.5,0.625,0.667,0.75,0.75,-0.125,CUET,CSE,C2_3_50_to_3_74
3,4,3,4,2,3,1,1,3,1,1,1,3,2,0.875,0.75,0.583,0.25,0.75,0.75,0.75,0.125,CUET,CSE,C2_3_50_to_3_74
2,4,4,4,2,3,2,1,3,2,2,3,3,2,0.875,0.75,0.667,0.625,0.667,0.75,0.5,0.125,CUET,CSE,C2_3_50_to_3_74
1,2,3,3,1,2,2,1,0,2,3,3,3,0,0.875,0.562,0.667,0.75,0.25,0.375,0.25,-0.25,CUET,BME,C1_3_20_to_3_49
2,3,2,3,1,2,2,1,0,3,2,3,2,2,0.875,0.438,0.583,0.625,0.583,0.375,0.0,-0.125,CUET,BME,C1_3_20_to_3_49
2,2,3,4,2,3,2,1,2,2,3,2,3,1,0.875,0.688,0.667,0.625,0.417,0.75,0.5,0.0,CUET,BME,C1_3_20_to_3_49
2,3,3,3,2,3,2,1,2,2,3,2,2,2,0.875,0.625,0.583,0.625,0.583,0.562,0.25,0.125,CUET,BME,C2_3_50_to_3_74
1,2,3,4,2,2,2,2,3,2,3,2,2,1,0.875,0.688,0.5,0.625,0.333,0.5,0.5,0.375,CUET,BME,C2_3_50_to_3_74
3,4,3,3,0,3,2,2,3,3,3,3,2,2,0.875,0.438,0.5,0.75,0.75,0.562,0.0,0.375,CUET,EEE,C1_3_20_to_3_49
2,3,3,4,3,3,1,1,2,2,3,3,3,3,0.875,0.75,0.583,0.75,0.667,0.75,0.5,0.0,CUET,ECE,C2_3_50_to_3_74
2,4,2,4,2,2,2,1,2,2,2,3,2,3,0.875,0.625,0.583,0.625,0.75,0.5,0.5,0.125,CUET,CE,C1_3_20_to_3_49
3,4,4,4,3,3,2,1,0,1,3,3,2,2,0.875,0.875,0.583,0.75,0.75,0.75,0.75,-0.125,CUET,ECE,C2_3_50_to_3_74
4,2,2,4,1,0,0,2,3,3,0,3,1,0,1.0,0.5,0.25,0.375,0.5,0.0,0.25,0.5,BUET,ChE,C1_3_20_to_3_49
4,4,3,4,2,4,3,3,1,2,1,3,1,4,1.125,0.688,0.417,0.5,1.0,1.0,0.5,0.375,BUET,Other,C0_below_3_20
4,4,2,4,4,4,2,4,2,3,1,4,2,0,1.5,0.688,0.333,0.625,0.667,1.0,0.25,0.5,BUET,Other,C3_3_75_plus
2,2,3,4,4,1,2,0,2,4,0,0,1,0,0.625,0.688,0.583,0.0,0.333,0.25,0.0,0.125,BUET,Other,C1_3_20_to_3_49
3,0,3,0,2,4,2,4,2,2,3,2,3,0,0.25,0.438,0.417,0.625,0.25,0.0,-0.5,0.375,BUET,ME,C1_3_20_to_3_49
4,1,2,4,3,4,2,3,0,4,3,2,1,2,0.125,0.562,0.333,0.625,0.583,1.0,0.0,0.25,BUET,Other,C3_3_75_plus
3,0,4,4,3,4,3,0,1,0,1,1,3,2,1.0,0.938,0.833,0.25,0.417,1.0,1.0,-0.25,BUET,Other,C3_3_75_plus
4,1,2,4,0,4,2,3,1,4,3,2,3,3,1.0,0.375,0.5,0.625,0.667,1.0,0.0,0.125,BUET,Other,C0_below_3_20
2,0,2,0,4,3,4,0,3,0,2,0,3,3,1.5,0.625,0.917,0.25,0.417,0.0,0.0,0.0,BUET,EEE,C2_3_50_to_3_74
4,0,4,2,1,1,0,4,4,1,3,3,3,0,1.375,0.625,0.25,0.75,0.333,0.125,0.25,0.625,BUET,CSE,C2_3_50_to_3_74
3,3,4,4,3,3,2,3,4,4,0,1,1,4,0.25,0.688,0.333,0.125,0.833,0.75,0.0,0.75,BUET,BME,C1_3_20_to_3_49
3,3,2,2,4,4,3,3,3,3,4,1,2,1,0.5,0.562,0.5,0.625,0.583,0.5,-0.25,0.5,BUET,ARCH,C3_3_75_plus
3,3,4,1,2,4,2,1,4,0,0,2,4,3,1.25,0.688,0.75,0.25,0.75,0.25,0.25,0.125,BUET,URP,C0_below_3_20
3,0,4,4,1,3,2,4,2,0,2,1,1,1,0.5,0.812,0.25,0.375,0.333,0.75,1.0,0.625,BUET,CE,C0_below_3_20
2,4,4,4,0,0,0,4,1,4,0,4,3,2,1.5,0.5,0.25,0.5,0.667,0.0,0.0,0.25,BUET,Other,C0_below_3_20
2,0,4,1,0,4,3,4,0,3,1,2,2,2,0.625,0.375,0.417,0.375,0.333,0.25,-0.5,0.25,BUET,ChE,C2_3_50_to_3_74
3,0,2,0,3,2,1,1,4,3,2,4,0,0,1.125,0.375,0.333,0.75,0.25,0.0,-0.75,0.625,BUET,Other,C0_below_3_20
4,4,4,3,4,2,3,0,2,1,1,0,2,3,0.375,0.875,0.75,0.125,0.917,0.375,0.5,0.0,BUET,Other,C2_3_50_to_3_74
4,2,3,1,3,1,3,0,2,4,4,0,3,1,0.125,0.438,0.833,0.5,0.583,0.062,-0.75,-0.125,BUET,Other,C1_3_20_to_3_49
2,0,3,3,3,0,3,4,0,1,4,3,2,2,1.125,0.75,0.417,0.875,0.333,0.0,0.5,0.25,BUET,ME,C0_below_3_20
4,1,3,4,1,0,4,1,4,1,2,3,2,4,1.0,0.688,0.75,0.625,0.75,0.0,0.75,0.375,BUET,Other,C0_below_3_20
4,2,4,2,0,4,3,4,1,1,0,3,1,3,0.75,0.562,0.333,0.375,0.75,0.5,0.25,0.5,BUET,ME,C0_below_3_20
4,2,4,2,0,4,3,4,1,1,0,3,1,3,0.75,0.562,0.333,0.375,0.75,0.5,0.25,0.5,BUET,CSE,C0_below_3_20
2,2,4,4,1,3,3,2,1,0,2,4,3,2,1.5,0.812,0.667,0.75,0.5,0.75,1.0,0.0,BUET,EEE,C0_below_3_20
4,0,3,0,4,1,1,2,4,0,3,3,0,4,0.625,0.688,0.25,0.75,0.667,0.0,0.0,0.75,BUET,CE,C3_3_75_plus
4,4,4,3,1,0,0,4,2,4,4,4,4,3,0.375,0.5,0.333,1.0,0.917,0.0,-0.25,0.25,BUET,ME,C3_3_75_plus
4,3,3,4,4,0,2,4,3,0,0,3,2,4,0.375,0.938,0.333,0.375,0.917,0.0,1.0,0.625,BUET,EEE,C3_3_75_plus
2,3,3,0,4,1,3,2,4,3,1,4,1,2,0.75,0.5,0.5,0.625,0.583,0.0,-0.75,0.625,BUET,CSE,C1_3_20_to_3_49
2,0,2,3,3,2,1,4,0,1,2,2,2,4,0.5,0.688,0.25,0.5,0.5,0.375,0.5,0.25,BUET,CE,C0_below_3_20
4,1,3,1,0,1,1,1,3,0,4,1,4,1,0.875,0.5,0.667,0.625,0.5,0.062,0.25,0.0,BUET,ME,C0_below_3_20
3,1,2,0,0,1,3,0,3,2,2,3,3,3,0.625,0.25,0.833,0.625,0.583,0.0,-0.5,0.0,BUET,ME,C3_3_75_plus
4,4,4,4,2,0,2,3,3,1,4,2,2,2,0.625,0.812,0.417,0.75,0.833,0.0,0.75,0.5,BUET,CE,C0_below_3_20
4,1,2,2,4,3,3,0,1,3,0,2,1,4,0.125,0.562,0.667,0.25,0.75,0.375,-0.25,0.0,BUET,EEE,C0_below_3_20
3,1,2,3,0,3,2,4,1,4,4,4,2,3,0.125,0.312,0.333,1.0,0.583,0.562,-0.25,0.375,BUET,CSE,C0_below_3_20
2,1,4,3,1,2,4,3,4,2,4,1,2,2,0.625,0.625,0.583,0.625,0.417,0.375,0.25,0.625,BUET,CSE,C0_below_3_20
4,0,2,0,2,4,1,4,2,2,0,0,0,4,0.75,0.375,0.083,0.0,0.667,0.0,-0.5,0.75,BUET,CE,C2_3_50_to_3_74
3,3,2,4,0,0,1,4,4,1,4,1,1,3,1.375,0.562,0.167,0.625,0.75,0.0,0.75,0.875,BUET,EEE,C3_3_75_plus
4,0,3,4,2,3,0,2,3,0,4,2,0,3,0.625,0.812,0.167,0.75,0.583,0.75,1.0,0.625,BUET,ME,C0_below_3_20
3,2,4,2,2,2,1,2,0,1,1,3,3,1,0.625,0.688,0.5,0.5,0.5,0.25,0.25,-0.125,BUET,ME,C2_3_50_to_3_74
3,0,3,1,2,3,0,0,3,4,1,0,0,1,1.25,0.375,0.333,0.125,0.333,0.188,-0.75,0.375,BUET,EEE,C1_3_20_to_3_49
2,4,4,0,1,1,2,1,0,4,3,3,1,1,0.917,0.312,0.5,0.75,0.583,0.0,-1.0,0.0,BRAC,CSE,C0_below_3_20
2,3,4,1,0,2,3,2,0,3,3,2,2,2,0.875,0.375,0.583,0.625,0.583,0.125,-0.5,0.0,KUET,CSE,C3_3_75_plus
3,4,4,1,1,0,2,1,0,4,2,3,1,2,0.875,0.375,0.5,0.625,0.75,0.0,-0.75,0.0,KUET,CSE,C2_3_50_to_3_74
3,3,4,0,1,1,0,2,0,3,2,0,2,0,0.875,0.375,0.333,0.25,0.5,0.0,-0.75,0.0,KUET,CSE,C2_3_50_to_3_74
1,4,1,3,1,0,1,3,4,1,1,2,1,1,0.875,0.5,0.25,0.375,0.5,0.0,0.5,0.75,KUET,CSE,C1_3_20_to_3_49
2,3,4,2,2,1,1,2,1,4,3,4,1,4,0.5,0.5,0.333,0.875,0.75,0.125,-0.5,0.25,KUET,CSE,C2_3_50_to_3_74
2,4,3,1,0,2,3,3,0,3,2,4,3,3,0.5,0.312,0.583,0.75,0.75,0.125,-0.5,0.0,KUET,CSE,C0_below_3_20
2,4,4,0,0,2,0,2,0,3,3,2,1,3,0.5,0.312,0.25,0.625,0.75,0.0,-0.75,0.125,KUET,Unknown,C2_3_50_to_3_74
2,3,4,2,2,1,3,3,3,4,3,3,3,2,0.5,0.5,0.583,0.75,0.583,0.125,-0.5,0.375,KUET,CSE,C3_3_75_plus
3,4,3,1,1,1,2,2,3,3,1,0,0,1,0.5,0.375,0.333,0.125,0.667,0.062,-0.5,0.625,KUET,CSE,C3_3_75_plus
1,4,4,4,0,1,1,2,1,3,2,3,3,2,0.375,0.562,0.5,0.625,0.583,0.25,0.25,0.0,KUET,CSE,C3_3_75_plus
0,4,4,1,2,2,2,3,0,2,4,2,1,3,0.5,0.562,0.333,0.75,0.583,0.125,-0.25,0.25,KUET,CSE,C3_3_75_plus
1,4,3,4,2,1,1,3,1,2,2,3,1,0,0.5,0.688,0.25,0.625,0.417,0.25,0.5,0.375,KUET,CSE,C2_3_50_to_3_74
1,4,4,2,2,2,1,3,0,3,0,1,1,2,0.375,0.562,0.25,0.125,0.583,0.25,-0.25,0.25,KUET,CSE,C2_3_50_to_3_74
3,3,4,2,1,1,3,2,0,4,2,3,1,2,0.625,0.438,0.5,0.625,0.667,0.125,-0.5,0.125,KUET,CSE,C2_3_50_to_3_74
2,4,4,0,1,1,1,2,0,4,3,3,1,1,0.625,0.312,0.333,0.75,0.583,0.0,-1.0,0.125,KUET,Unknown,C1_3_20_to_3_49
2,0,4,0,0,2,1,2,0,4,3,3,1,1,0.625,0.25,0.333,0.75,0.25,0.0,-1.0,0.125,KUET,Unknown,C3_3_75_plus
2,4,3,0,1,3,1,2,0,4,2,3,0,1,0.625,0.25,0.25,0.625,0.583,0.0,-1.0,0.25,KUET,CSE,C2_3_50_to_3_74
0,0,2,3,0,1,4,4,2,4,2,0,0,0,0.875,0.312,0.333,0.25,0.0,0.188,-0.25,0.75,KUET,CSE,C2_3_50_to_3_74
1,4,4,4,0,0,2,3,1,2,4,2,3,3,0.625,0.625,0.5,0.75,0.667,0.0,0.5,0.125,KUET,CSE,C3_3_75_plus
2,4,2,0,1,1,1,4,1,4,3,0,0,1,0.625,0.188,0.083,0.375,0.583,0.0,-1.0,0.625,KUET,CSE,C2_3_50_to_3_74
3,2,4,1,1,1,0,3,1,3,4,2,1,1,0.875,0.438,0.167,0.75,0.5,0.062,-0.5,0.375,KUET,CSE,C1_3_20_to_3_49
2,4,4,0,0,2,2,3,0,2,1,1,1,2,0.375,0.375,0.333,0.25,0.667,0.0,-0.5,0.25,KUET,CSE,C3_3_75_plus
0,4,4,1,0,0,1,2,0,3,4,3,2,1,0.5,0.375,0.417,0.875,0.417,0.0,-0.5,0.0,KUET,CSE,C3_3_75_plus
3,4,2,2,1,0,2,2,3,3,3,3,1,3,0.625,0.375,0.417,0.75,0.833,0.0,-0.25,0.5,KUET,CSE,C0_below_3_20
4,3,2,0,1,2,1,4,1,4,3,4,0,3,0.875,0.188,0.083,0.875,0.833,0.0,-1.0,0.625,KUET,CSE,C2_3_50_to_3_74
2,2,4,1,1,0,1,3,0,2,3,2,2,0,0.875,0.5,0.333,0.625,0.333,0.0,-0.25,0.125,KUET,CSE,C1_3_20_to_3_49
2,4,4,0,1,1,2,3,1,3,1,1,2,2,0.875,0.375,0.417,0.25,0.667,0.0,-0.75,0.25,KUET,CSE,C1_3_20_to_3_49
2,4,0,0,1,0,2,2,2,2,3,2,3,3,0.875,0.188,0.583,0.625,0.75,0.0,-0.5,0.125,KUET,CSE,C2_3_50_to_3_74
1,3,3,1,0,0,2,3,0,4,3,2,1,1,0.875,0.25,0.333,0.625,0.417,0.0,-0.75,0.25,KUET,CSE,C3_3_75_plus
2,4,3,1,1,1,0,3,4,2,3,2,2,3,0.875,0.438,0.25,0.625,0.75,0.062,-0.25,0.625,KUET,CSE,C1_3_20_to_3_49
2,4,3,0,1,1,1,2,2,3,3,2,1,2,0.875,0.312,0.333,0.625,0.667,0.0,-0.75,0.375,KUET,CSE,C1_3_20_to_3_49
2,4,2,2,1,1,0,3,3,2,2,2,1,2,0.875,0.438,0.167,0.5,0.667,0.125,0.0,0.625,KUET,CSE,C1_3_20_to_3_49
3,3,4,3,4,3,3,2,2,4,3,3,3,3,0.875,0.688,0.667,0.75,0.75,0.562,-0.25,0.125,KUET,IEM,C2_3_50_to_3_74
2,0,4,1,1,1,2,2,0,3,3,3,2,2,0.875,0.438,0.5,0.75,0.333,0.062,-0.5,0.0,KUET,IEM,C1_3_20_to_3_49
0,3,2,3,1,0,0,2,3,2,2,2,2,2,0.875,0.5,0.333,0.5,0.417,0.0,0.25,0.375,KUET,Unknown,C1_3_20_to_3_49
3,3,4,1,1,1,1,2,1,2,3,3,3,3,0.5,0.5,0.5,0.75,0.75,0.062,-0.25,0.0,KUET,CSE,C1_3_20_to_3_49
2,4,2,0,1,0,2,2,0,2,4,3,2,1,0.875,0.312,0.5,0.875,0.583,0.0,-0.5,0.0,KUET,CSE,C2_3_50_to_3_74
1,4,2,1,0,1,1,3,0,3,3,2,2,2,0.875,0.25,0.333,0.625,0.583,0.062,-0.5,0.125,KUET,ARCH,C2_3_50_to_3_74
2,4,2,0,1,0,1,2,1,3,2,0,1,1,0.75,0.25,0.333,0.25,0.583,0.0,-0.75,0.25,KUET,ARCH,C1_3_20_to_3_49
3,4,4,1,0,1,2,4,0,4,3,3,2,3,0.875,0.312,0.333,0.75,0.833,0.062,-0.75,0.25,KUET,CSE,C1_3_20_to_3_49
3,4,2,0,1,1,1,3,3,3,3,2,1,1,0.875,0.25,0.25,0.625,0.667,0.0,-0.75,0.625,KUET,CSE,C1_3_20_to_3_49
2,4,2,1,1,1,1,2,1,4,2,2,1,1,0.875,0.25,0.333,0.5,0.583,0.062,-0.75,0.25,KUET,CSE,C1_3_20_to_3_49
2,4,4,0,0,2,2,3,1,2,3,4,1,2,0.875,0.375,0.333,0.875,0.667,0.0,-0.5,0.375,KUET,CSE,C1_3_20_to_3_49
3,4,4,3,0,3,2,3,1,3,3,3,2,3,0.875,0.5,0.417,0.75,0.833,0.562,0.0,0.25,KUET,CSE,C3_3_75_plus
4,4,4,0,1,2,2,3,1,4,3,2,0,1,0.875,0.312,0.25,0.625,0.75,0.0,-1.0,0.5,KUET,CSE,C2_3_50_to_3_74
3,4,3,2,0,2,1,2,4,2,2,2,1,1,0.875,0.438,0.333,0.5,0.667,0.25,0.0,0.625,KUET,CSE,C1_3_20_to_3_49
3,4,3,2,1,1,2,2,2,3,2,3,2,1,0.875,0.438,0.5,0.625,0.667,0.125,-0.25,0.25,KUET,CSE,C1_3_20_to_3_49
3,4,4,1,1,2,2,3,4,4,3,3,1,3,0.875,0.375,0.333,0.75,0.833,0.125,-0.75,0.75,KUET,CSE,C1_3_20_to_3_49
0,4,3,0,1,3,1,4,3,1,3,1,1,2,0.875,0.438,0.167,0.5,0.5,0.0,-0.25,0.75,KUET,CSE,C3_3_75_plus
3,4,2,3,2,1,2,3,0,2,2,3,3,3,0.875,0.562,0.5,0.625,0.833,0.188,0.25,0.0,KUET,CSE,C1_3_20_to_3_49
2,4,2,1,0,1,0,4,0,4,3,3,1,1,0.875,0.188,0.083,0.75,0.583,0.062,-0.75,0.375,KUET,CSE,C0_below_3_20
1,4,3,1,2,0,0,4,0,3,2,3,1,2,0.875,0.438,0.083,0.625,0.583,0.0,-0.5,0.375,KUET,CSE,C0_below_3_20
4,4,4,3,2,2,1,1,1,4,4,3,2,3,0.875,0.562,0.5,0.875,0.917,0.375,-0.25,0.0,KUET,CSE,C2_3_50_to_3_74
3,4,4,1,1,2,1,2,0,2,3,3,3,1,0.875,0.5,0.5,0.75,0.667,0.125,-0.25,-0.125,KUET,Unknown,C2_3_50_to_3_74
2,4,2,1,1,2,1,2,3,3,3,4,1,1,0.875,0.312,0.333,0.875,0.583,0.125,-0.5,0.5,KUET,CSE,C0_below_3_20
0,4,3,1,0,2,2,1,0,4,4,4,2,0,0.875,0.25,0.583,1.0,0.333,0.125,-0.75,-0.125,KUET,CSE,C1_3_20_to_3_49
3,4,3,1,1,1,0,1,4,3,2,2,0,4,0.875,0.375,0.25,0.5,0.917,0.062,-0.5,0.625,KUET,CSE,C3_3_75_plus
2,3,2,0,1,0,0,0,0,1,2,1,2,2,0.875,0.375,0.5,0.375,0.583,0.0,-0.25,-0.25,KUET,CSE,C2_3_50_to_3_74
0,0,3,2,1,0,0,4,1,4,3,2,0,0,0.875,0.375,0.0,0.625,0.0,0.0,-0.5,0.625,KUET,EEE,C0_below_3_20
1,4,2,0,1,0,2,2,1,4,3,2,0,0,0.875,0.188,0.333,0.625,0.417,0.0,-1.0,0.375,KUET,CSE,C1_3_20_to_3_49
3,2,3,2,1,2,1,3,3,4,2,3,1,1,0.875,0.375,0.25,0.625,0.5,0.25,-0.5,0.625,KUET,ECE,C3_3_75_plus
3,4,4,2,2,3,3,1,0,2,1,4,3,3,0.875,0.625,0.75,0.625,0.833,0.375,0.0,-0.25,KUET,ECE,C3_3_75_plus
1,2,2,1,1,0,1,2,2,3,1,1,1,2,0.875,0.312,0.333,0.25,0.417,0.0,-0.5,0.375,KUET,ECE,C1_3_20_to_3_49
4,3,3,2,0,2,1,1,3,3,0,4,1,3,0.5,0.375,0.417,0.5,0.833,0.25,-0.25,0.375,KUET,CSE,C3_3_75_plus
2,0,2,0,1,1,0,4,0,4,2,2,1,2,0.875,0.188,0.083,0.5,0.333,0.0,-1.0,0.375,KUET,ECE,C1_3_20_to_3_49
3,1,4,1,0,2,3,2,0,3,3,3,3,3,0.875,0.375,0.667,0.75,0.583,0.125,-0.5,-0.125,KUET,ECE,C3_3_75_plus
2,3,2,2,2,1,2,3,4,2,2,3,2,2,0.875,0.5,0.417,0.625,0.583,0.125,0.0,0.625,KUET,ECE,C2_3_50_to_3_74
3,3,4,4,2,3,3,2,0,2,3,4,3,2,0.875,0.75,0.667,0.875,0.667,0.75,0.5,-0.125,KUET,ECE,C3_3_75_plus
0,0,2,2,0,2,4,4,3,4,3,0,0,0,0.875,0.25,0.333,0.375,0.0,0.25,-0.5,0.875,KUET,CSE,C2_3_50_to_3_74
2,3,2,1,1,1,3,4,4,3,1,1,1,2,0.875,0.312,0.333,0.25,0.583,0.062,-0.5,0.875,KUET,ECE,C0_below_3_20
2,4,2,2,0,2,1,2,1,4,4,3,1,2,0.875,0.25,0.333,0.875,0.667,0.25,-0.5,0.25,KUET,CSE,C3_3_75_plus
1,3,2,0,0,2,3,2,2,2,1,0,1,0,0.875,0.25,0.5,0.125,0.333,0.0,-0.5,0.375,KUET,MTE,C1_3_20_to_3_49
3,3,3,2,0,2,2,0,0,0,2,4,3,2,0.875,0.562,0.75,0.75,0.667,0.25,0.5,-0.375,KUET,ECE,C3_3_75_plus
3,3,2,1,0,2,2,0,3,3,3,3,3,3,0.875,0.25,0.75,0.75,0.75,0.125,-0.5,0.0,KUET,ECE,C3_3_75_plus
2,1,2,2,1,0,0,4,4,2,2,2,2,1,0.875,0.438,0.167,0.5,0.333,0.0,0.0,0.75,KUET,ECE,C1_3_20_to_3_49
1,3,2,1,1,1,2,3,4,3,1,3,1,0,0.875,0.312,0.333,0.5,0.333,0.062,-0.5,0.75,KUET,ECE,C0_below_3_20
4,4,3,3,3,3,3,1,2,1,3,4,4,4,0.5,0.75,0.833,0.875,1.0,0.562,0.5,-0.125,KUET,CSE,C2_3_50_to_3_74
3,3,4,2,0,2,3,4,4,1,2,3,3,2,0.875,0.562,0.5,0.625,0.667,0.25,0.25,0.625,KUET,ECE,C2_3_50_to_3_74
1,4,2,1,1,2,1,0,0,4,4,0,3,3,0.25,0.25,0.667,0.5,0.667,0.125,-0.75,-0.375,KUET,EEE,C2_3_50_to_3_74
4,4,3,2,2,3,2,2,1,3,3,3,3,3,0.875,0.5,0.583,0.75,0.917,0.375,-0.25,0.0,KUET,CSE,C2_3_50_to_3_74
0,3,2,1,1,2,1,3,2,4,2,2,2,2,0.875,0.25,0.333,0.5,0.417,0.125,-0.75,0.375,KUET,ECE,C1_3_20_to_3_49
4,4,4,3,4,4,3,1,1,1,4,4,4,4,0.875,0.875,0.833,1.0,1.0,0.75,0.5,-0.25,KUET,ECE,C3_3_75_plus
0,3,3,2,3,3,2,2,1,2,3,3,3,3,0.875,0.625,0.583,0.75,0.5,0.375,0.0,0.0,KUET,MSE,C2_3_50_to_3_74
0,2,2,1,2,2,1,3,2,3,2,2,2,2,0.875,0.375,0.333,0.5,0.333,0.125,-0.5,0.375,KUET,ECE,C1_3_20_to_3_49
4,4,4,3,4,4,3,2,2,1,3,4,3,3,0.875,0.875,0.667,0.875,0.917,0.75,0.5,0.125,KUET,MSE,C2_3_50_to_3_74
0,3,3,2,2,3,2,2,1,2,3,3,3,3,0.875,0.562,0.583,0.75,0.5,0.375,0.0,0.0,KUET,ECE,C2_3_50_to_3_74
2,1,3,2,0,2,2,3,3,3,1,2,1,2,0.875,0.375,0.333,0.375,0.417,0.25,-0.25,0.625,KUET,ECE,C1_3_20_to_3_49
4,3,3,2,3,3,3,1,1,1,4,4,4,3,0.875,0.688,0.833,1.0,0.833,0.375,0.25,-0.25,KUET,MSE,C1_3_20_to_3_49
4,4,4,4,4,4,2,2,2,2,3,3,3,4,0.875,0.875,0.583,0.75,1.0,1.0,0.5,0.125,KUET,ECE,C3_3_75_plus
2,2,2,1,1,2,1,3,3,4,1,2,1,2,0.875,0.25,0.25,0.375,0.5,0.125,-0.75,0.625,KUET,MSE,C1_3_20_to_3_49
3,3,4,2,1,3,3,1,0,2,4,4,3,2,0.875,0.562,0.75,1.0,0.667,0.375,0.0,-0.25,KUET,CSE,C3_3_75_plus
2,4,2,0,0,1,3,4,3,4,3,4,2,3,0.875,0.125,0.417,0.875,0.75,0.0,-1.0,0.625,KUET,MSE,C2_3_50_to_3_74
2,3,1,2,3,2,1,2,1,3,2,2,1,3,0.875,0.438,0.333,0.5,0.667,0.25,-0.25,0.25,KUET,EEE,C3_3_75_plus
0,3,2,1,0,1,1,2,0,3,3,2,1,2,0.875,0.25,0.333,0.625,0.417,0.062,-0.5,0.125,KUET,EEE,C3_3_75_plus
0,4,2,3,2,1,1,1,3,3,2,2,2,0,0.875,0.5,0.5,0.5,0.333,0.188,0.0,0.25,KUET,MSE,C2_3_50_to_3_74
4,2,2,0,1,1,0,1,1,2,4,2,0,4,0.875,0.312,0.25,0.75,0.833,0.0,-0.5,0.25,KUET,ECE,C1_3_20_to_3_49
4,4,2,3,1,1,0,1,0,2,3,2,1,0,0.875,0.5,0.333,0.625,0.667,0.188,0.25,0.0,KUET,ECE,C1_3_20_to_3_49
2,1,2,3,3,3,1,2,2,4,4,4,2,1,0.875,0.5,0.417,1.0,0.333,0.562,-0.25,0.25,KUET,MSE,C0_below_3_20
3,4,4,4,2,3,0,2,1,3,3,3,3,2,0.125,0.688,0.417,0.75,0.75,0.75,0.25,0.0,KUET,EEE,C3_3_75_plus
4,4,2,1,1,3,1,3,1,4,3,4,0,2,0.875,0.25,0.167,0.875,0.833,0.188,-0.75,0.5,KUET,MSE,C1_3_20_to_3_49
2,4,4,1,4,1,2,1,0,4,2,2,1,1,0.875,0.562,0.5,0.5,0.583,0.062,-0.75,0.0,KUET,ECE,C2_3_50_to_3_74
2,4,3,2,4,1,1,2,3,3,2,3,2,1,0.875,0.625,0.417,0.625,0.583,0.125,-0.25,0.375,KUET,EEE,C2_3_50_to_3_74
0,4,3,1,2,1,0,2,1,4,2,3,2,3,0.875,0.375,0.333,0.625,0.583,0.062,-0.75,0.125,KUET,EEE,C3_3_75_plus
0,2,4,1,3,1,0,3,0,2,3,2,2,3,0.875,0.625,0.25,0.625,0.417,0.062,-0.25,0.125,KUET,MSE,C2_3_50_to_3_74
0,4,2,2,0,3,2,1,3,2,2,1,1,1,0.875,0.375,0.5,0.375,0.417,0.375,0.0,0.375,KUET,ECE,C2_3_50_to_3_74
2,3,4,1,1,1,0,1,1,4,4,2,1,2,0.875,0.375,0.333,0.75,0.583,0.062,-0.75,0.125,KUET,ECE,C1_3_20_to_3_49
2,4,2,3,2,2,1,4,2,4,3,3,2,2,0.875,0.438,0.25,0.75,0.667,0.375,-0.25,0.5,KUET,MSE,C1_3_20_to_3_49
0,4,2,0,3,2,0,2,0,2,1,2,1,2,0.875,0.438,0.25,0.375,0.5,0.0,-0.5,0.125,KUET,MSE,C2_3_50_to_3_74
2,1,3,2,0,1,1,2,3,2,1,4,2,1,0.875,0.438,0.417,0.625,0.333,0.125,0.0,0.375,KUET,MSE,C1_3_20_to_3_49
2,3,3,0,1,1,2,0,4,2,4,3,1,3,0.875,0.375,0.583,0.875,0.667,0.0,-0.5,0.375,KUET,ECE,C2_3_50_to_3_74
0,4,2,1,3,0,2,3,0,3,4,2,1,3,0.875,0.438,0.333,0.75,0.583,0.0,-0.5,0.25,KUET,EEE,C1_3_20_to_3_49
2,4,3,1,1,1,0,2,4,3,3,3,1,2,0.875,0.375,0.25,0.75,0.667,0.062,-0.5,0.625,KUET,CSE,C1_3_20_to_3_49
2,4,4,4,1,2,2,1,2,2,3,0,0,2,0.875,0.688,0.417,0.375,0.667,0.5,0.5,0.375,KUET,ECE,C1_3_20_to_3_49
0,4,2,4,1,2,1,3,3,1,3,2,3,1,0.875,0.625,0.417,0.625,0.417,0.5,0.75,0.375,KUET,MSE,C2_3_50_to_3_74
0,4,2,0,0,2,0,2,3,0,2,3,1,2,0.875,0.375,0.25,0.625,0.5,0.0,0.0,0.5,KUET,MSE,C2_3_50_to_3_74
0,4,2,0,0,2,2,1,3,1,2,3,1,3,0.875,0.312,0.5,0.625,0.583,0.0,-0.25,0.375,KUET,EEE,C3_3_75_plus
0,3,3,1,1,2,1,2,1,4,2,3,2,0,0.875,0.312,0.417,0.625,0.25,0.125,-0.75,0.125,KUET,ECE,C0_below_3_20
0,1,4,2,0,3,1,1,4,2,2,4,1,2,0.875,0.5,0.417,0.75,0.25,0.375,0.0,0.5,KUET,MSE,C0_below_3_20
2,1,1,2,0,2,1,3,3,2,3,4,2,0,0.875,0.312,0.333,0.875,0.25,0.25,0.0,0.5,KUET,MSE,C2_3_50_to_3_74
0,4,2,0,1,3,2,2,3,3,3,2,0,2,0.875,0.25,0.333,0.625,0.5,0.0,-0.75,0.625,KUET,EEE,C1_3_20_to_3_49
0,4,3,1,3,1,1,1,0,3,2,2,2,2,0.875,0.5,0.5,0.5,0.5,0.062,-0.5,-0.125,KUET,EEE,C1_3_20_to_3_49
0,3,1,3,0,3,1,1,2,4,2,3,3,3,0.875,0.25,0.583,0.625,0.5,0.562,-0.25,0.0,KUET,EEE,C1_3_20_to_3_49
0,4,3,1,2,1,2,2,0,2,2,3,1,3,0.875,0.5,0.417,0.625,0.583,0.062,-0.25,0.125,KUET,ECE,C0_below_3_20
2,4,2,2,1,3,0,4,3,2,4,4,1,3,0.875,0.438,0.083,1.0,0.75,0.375,0.0,0.75,KUET,ECE,C0_below_3_20
0,4,4,0,0,2,3,3,1,4,3,3,4,2,0.875,0.25,0.667,0.75,0.5,0.0,-1.0,0.0,KUET,EEE,C1_3_20_to_3_49
0,0,2,2,1,3,1,2,2,3,2,3,2,0,0.875,0.375,0.417,0.625,0.0,0.375,-0.25,0.25,KUET,ECE,C1_3_20_to_3_49
0,4,2,1,2,2,3,3,1,4,1,3,4,3,0.875,0.312,0.667,0.5,0.583,0.125,-0.75,0.0,KUET,EEE,C3_3_75_plus
0,4,2,0,2,1,0,1,3,2,2,2,1,1,0.875,0.375,0.333,0.5,0.417,0.0,-0.5,0.375,KUET,EEE,C2_3_50_to_3_74
2,4,2,1,0,1,0,4,3,3,3,2,3,4,0.875,0.25,0.25,0.625,0.833,0.062,-0.5,0.5,KUET,MSE,C0_below_3_20
2,4,1,4,0,2,1,1,3,2,2,3,1,2,0.875,0.438,0.417,0.625,0.667,0.5,0.5,0.375,KUET,ECE,C1_3_20_to_3_49
3,4,4,2,3,3,2,2,0,1,1,2,2,1,0.875,0.75,0.5,0.375,0.667,0.375,0.25,0.0,KUET,CE,C3_3_75_plus
0,3,4,0,1,4,2,3,2,2,3,2,1,4,0.875,0.438,0.333,0.625,0.583,0.0,-0.5,0.5,KUET,EEE,C1_3_20_to_3_49
0,0,3,2,1,3,2,1,0,3,1,3,1,1,0.875,0.438,0.5,0.5,0.083,0.375,-0.25,0.0,KUET,ECE,C2_3_50_to_3_74
0,4,2,2,3,2,1,3,0,3,2,3,2,1,0.875,0.5,0.333,0.625,0.417,0.25,-0.25,0.125,KUET,MSE,C2_3_50_to_3_74
2,3,3,4,1,3,2,2,1,2,1,3,2,2,0.875,0.625,0.5,0.5,0.583,0.75,0.5,0.125,KUET,ECE,C1_3_20_to_3_49
0,4,4,1,0,2,2,3,0,2,3,2,1,2,0.875,0.438,0.333,0.625,0.5,0.125,-0.25,0.25,KUET,MSE,C1_3_20_to_3_49
4,4,2,0,1,3,3,2,4,0,1,2,1,1,0.875,0.438,0.5,0.375,0.75,0.0,0.0,0.625,KUET,CE,C0_below_3_20
4,4,3,1,0,2,1,2,2,2,3,4,1,4,0.875,0.375,0.333,0.875,1.0,0.125,-0.25,0.375,KUET,CSE,C0_below_3_20
3,4,3,3,0,3,0,2,4,2,3,3,1,2,0.875,0.5,0.25,0.75,0.75,0.562,0.25,0.625,KUET,CSE,C2_3_50_to_3_74
0,4,2,3,3,2,0,3,4,3,3,0,1,3,0.875,0.562,0.167,0.375,0.583,0.375,0.0,0.75,KUET,CE,C2_3_50_to_3_74
0,2,2,2,3,1,4,2,0,1,1,4,2,0,0.875,0.625,0.667,0.625,0.167,0.125,0.25,0.0,KUET,CE,C1_3_20_to_3_49
0,2,3,3,0,4,2,0,4,1,4,3,2,3,0.875,0.562,0.667,0.875,0.417,0.75,0.5,0.25,KUET,CE,C1_3_20_to_3_49
0,1,2,4,4,1,0,1,1,4,3,3,2,1,0.875,0.625,0.417,0.75,0.167,0.25,0.0,0.0,KUET,CE,C3_3_75_plus
2,2,4,0,0,1,4,3,4,4,4,1,2,3,0.875,0.25,0.583,0.625,0.583,0.0,-1.0,0.625,KUET,CE,C0_below_3_20
2,4,4,1,0,3,1,4,3,3,1,4,3,4,0.875,0.375,0.333,0.625,0.833,0.188,-0.5,0.5,KUET,CE,C2_3_50_to_3_74
0,2,1,4,4,4,0,2,3,3,3,4,3,3,0.875,0.625,0.417,0.875,0.417,1.0,0.25,0.25,KUET,CE,C1_3_20_to_3_49
0,3,4,3,0,1,3,3,2,2,3,3,0,4,0.875,0.562,0.333,0.75,0.583,0.188,0.25,0.625,KUET,CE,C2_3_50_to_3_74
2,2,3,2,1,4,4,0,3,3,3,4,2,0,0.875,0.438,0.833,0.875,0.333,0.5,-0.25,0.125,KUET,URP,C1_3_20_to_3_49
0,4,1,4,1,0,2,0,2,2,3,1,4,0,0.875,0.5,0.833,0.5,0.333,0.0,0.5,-0.25,KUET,CE,C0_below_3_20
2,3,4,1,0,1,3,1,3,2,1,1,0,2,0.875,0.438,0.5,0.25,0.583,0.062,-0.25,0.5,KUET,ChE,C2_3_50_to_3_74
0,4,2,3,3,4,4,1,1,1,2,1,1,2,0.875,0.688,0.667,0.375,0.5,0.75,0.5,0.125,KUET,CE,C1_3_20_to_3_49
0,0,3,3,4,2,1,3,1,2,1,2,1,2,0.875,0.75,0.25,0.375,0.167,0.375,0.25,0.375,KUET,URP,C3_3_75_plus
2,2,2,2,3,2,2,4,0,3,0,4,3,2,0.875,0.5,0.417,0.5,0.5,0.25,-0.25,0.125,KUET,CE,C2_3_50_to_3_74
0,4,4,1,0,2,3,1,0,0,2,2,4,4,0.875,0.562,0.833,0.5,0.667,0.125,0.25,-0.375,KUET,ChE,C0_below_3_20
2,0,0,0,1,1,3,0,1,3,0,3,1,2,0.875,0.125,0.667,0.375,0.333,0.0,-0.75,0.0,KUET,CE,C1_3_20_to_3_49
2,4,2,1,2,1,0,1,1,0,4,2,0,1,0.875,0.562,0.25,0.75,0.583,0.062,0.25,0.25,KUET,URP,C2_3_50_to_3_74
0,0,3,3,0,0,4,3,3,2,2,1,2,2,0.875,0.5,0.583,0.375,0.167,0.0,0.25,0.5,KUET,CE,C1_3_20_to_3_49
0,1,1,1,2,0,2,4,2,2,3,1,1,3,0.875,0.375,0.25,0.5,0.333,0.0,-0.25,0.625,KUET,ChE,C3_3_75_plus
4,0,1,3,4,3,2,1,1,1,4,3,3,1,0.875,0.688,0.667,0.875,0.417,0.562,0.5,-0.125,KUET,CE,C1_3_20_to_3_49
0,1,1,2,2,0,3,3,2,1,4,0,1,1,0.875,0.5,0.417,0.5,0.167,0.0,0.25,0.5,KUET,URP,C1_3_20_to_3_49
0,0,4,4,2,4,1,1,0,3,1,1,3,4,0.875,0.688,0.583,0.25,0.333,1.0,0.25,-0.25,KUET,CE,C0_below_3_20
0,2,1,2,0,0,3,1,0,4,1,0,2,1,0.875,0.188,0.667,0.125,0.25,0.0,-0.5,-0.125,KUET,ChE,C2_3_50_to_3_74
2,1,3,3,1,0,1,1,0,0,2,0,0,2,0.875,0.688,0.333,0.25,0.417,0.0,0.75,0.125,KUET,CE,C3_3_75_plus
0,0,4,2,1,3,4,1,3,4,1,0,4,3,0.875,0.438,0.917,0.125,0.25,0.375,-0.5,0.0,KUET,URP,C3_3_75_plus
4,1,1,0,2,2,1,1,0,3,3,4,4,3,0.875,0.25,0.667,0.875,0.667,0.0,-0.75,-0.375,KUET,CE,C3_3_75_plus
0,1,3,4,2,1,3,1,3,2,2,1,1,2,0.875,0.688,0.583,0.375,0.25,0.25,0.5,0.375,KUET,ChE,C2_3_50_to_3_74
0,4,0,2,1,4,4,2,4,3,0,4,0,2,0.875,0.25,0.5,0.5,0.5,0.5,-0.25,0.75,KUET,CE,C3_3_75_plus
4,2,3,0,0,3,1,4,1,3,1,1,3,2,0.875,0.25,0.333,0.25,0.667,0.0,-0.75,0.25,KUET,URP,C2_3_50_to_3_74
2,4,4,2,0,1,2,2,4,2,3,1,2,0,0.875,0.5,0.5,0.5,0.5,0.125,0.0,0.5,KUET,CSE,C2_3_50_to_3_74
0,1,2,1,4,3,0,3,4,0,4,3,3,3,0.875,0.688,0.333,0.875,0.333,0.188,0.25,0.5,KUET,CE,C1_3_20_to_3_49
2,1,3,4,4,3,0,3,3,1,2,3,3,3,0.875,0.875,0.333,0.625,0.5,0.75,0.75,0.375,KUET,ChE,C1_3_20_to_3_49
0,4,0,1,2,3,2,1,0,3,0,1,0,0,0.875,0.25,0.417,0.125,0.333,0.188,-0.5,0.125,KUET,CE,C3_3_75_plus
0,4,1,1,2,1,4,0,4,3,0,1,4,0,0.875,0.312,1.0,0.125,0.333,0.062,-0.5,0.0,KUET,URP,C2_3_50_to_3_74
2,1,4,0,0,1,0,1,1,2,3,1,0,0,0.875,0.375,0.25,0.5,0.25,0.0,-0.5,0.25,KUET,CE,C1_3_20_to_3_49
2,3,1,0,3,1,4,4,1,4,0,3,1,3,0.875,0.25,0.417,0.375,0.667,0.0,-1.0,0.5,KUET,ChE,C2_3_50_to_3_74
4,4,4,3,3,1,0,3,3,3,2,0,1,3,0.875,0.688,0.167,0.25,0.917,0.188,0.0,0.625,KUET,CE,C3_3_75_plus
0,1,3,2,2,1,3,1,4,4,3,4,2,4,0.875,0.438,0.667,0.875,0.417,0.125,-0.5,0.375,KUET,URP,C2_3_50_to_3_74
0,1,2,0,2,1,2,3,0,1,1,3,4,4,0.875,0.438,0.583,0.5,0.417,0.0,-0.25,-0.125,KUET,CE,C0_below_3_20
0,1,0,3,2,0,3,3,3,2,1,3,2,1,0.875,0.438,0.5,0.5,0.167,0.0,0.25,0.5,KUET,ME,C0_below_3_20
2,2,0,1,2,1,4,1,0,0,2,3,4,0,0.875,0.438,0.917,0.625,0.333,0.062,0.25,-0.375,KUET,LE,C3_3_75_plus
0,1,0,1,4,2,2,3,2,4,4,3,2,1,0.875,0.312,0.417,0.875,0.167,0.125,-0.75,0.375,KUET,TE,C0_below_3_20
2,3,3,4,0,2,1,4,0,4,0,2,0,3,0.875,0.438,0.083,0.25,0.667,0.5,0.0,0.5,KUET,ESE,C0_below_3_20
0,4,3,4,4,2,2,1,3,2,4,1,2,1,0.875,0.812,0.583,0.625,0.417,0.5,0.5,0.25,KUET,MTE,C0_below_3_20
4,0,3,4,1,2,1,4,3,4,3,0,3,4,0.875,0.5,0.333,0.375,0.667,0.5,0.0,0.5,KUET,BME,C0_below_3_20
2,4,0,4,1,1,1,1,1,4,0,4,3,1,0.875,0.312,0.583,0.5,0.583,0.25,0.0,-0.125,KUET,BECM,C2_3_50_to_3_74
4,0,3,4,2,1,3,3,1,4,2,0,1,1,0.875,0.562,0.417,0.25,0.417,0.25,0.0,0.375,KUET,ME,C1_3_20_to_3_49
4,4,1,2,0,1,3,0,4,0,1,1,0,3,0.875,0.438,0.583,0.25,0.917,0.125,0.5,0.5,KUET,LE,C2_3_50_to_3_74
4,3,2,3,0,1,3,4,3,4,0,4,1,2,0.875,0.312,0.333,0.5,0.75,0.188,-0.25,0.75,KUET,TE,C3_3_75_plus
0,2,4,0,0,0,4,4,4,0,0,1,2,0,0.875,0.5,0.5,0.125,0.167,0.0,0.0,0.75,KUET,ME,C3_3_75_plus
0,3,4,3,4,3,2,2,4,1,3,0,3,2,0.875,0.875,0.583,0.375,0.417,0.562,0.5,0.375,KUET,LE,C1_3_20_to_3_49
0,0,1,1,3,3,0,1,4,1,0,4,0,4,0.875,0.5,0.25,0.5,0.333,0.188,0.0,0.625,KUET,TE,C0_below_3_20
4,0,0,3,4,2,3,0,1,1,2,4,3,2,0.875,0.625,0.833,0.75,0.5,0.375,0.5,-0.25,KUET,ESE,C0_below_3_20
0,1,3,2,4,2,1,2,1,1,3,2,2,2,0.875,0.75,0.417,0.625,0.25,0.25,0.25,0.125,KUET,MTE,C2_3_50_to_3_74
4,1,4,2,1,1,4,1,3,4,3,4,0,3,0.875,0.438,0.583,0.875,0.667,0.125,-0.5,0.5,KUET,BME,C2_3_50_to_3_74
2,1,0,3,2,4,0,1,1,1,1,3,3,3,0.875,0.5,0.5,0.5,0.5,0.75,0.5,-0.125,KUET,BECM,C1_3_20_to_3_49
2,1,2,0,3,4,3,2,0,4,4,2,1,2,0.875,0.312,0.5,0.75,0.417,0.0,-1.0,0.125,KUET,ME,C3_3_75_plus
0,4,3,3,3,1,1,3,0,3,0,1,4,1,0.875,0.625,0.5,0.125,0.417,0.188,0.0,-0.125,KUET,LE,C3_3_75_plus
2,1,2,3,1,3,4,1,2,1,3,1,3,2,0.875,0.562,0.833,0.5,0.417,0.562,0.5,0.0,KUET,TE,C0_below_3_20
4,4,2,0,0,2,2,1,2,4,1,0,1,0,0.875,0.125,0.5,0.125,0.667,0.0,-1.0,0.25,KUET,ME,C2_3_50_to_3_74
0,4,1,1,1,2,1,1,0,1,1,4,4,3,0.875,0.375,0.667,0.625,0.583,0.125,0.0,-0.375,KUET,LE,C0_below_3_20
2,0,4,2,2,4,1,0,4,2,4,0,2,0,0.875,0.625,0.583,0.5,0.167,0.5,0.0,0.25,KUET,TE,C3_3_75_plus
0,4,3,0,1,2,2,2,3,1,4,0,3,0,0.875,0.438,0.583,0.5,0.333,0.0,-0.25,0.25,KUET,ESE,C3_3_75_plus
0,0,3,1,0,4,4,1,3,2,0,4,2,3,0.875,0.375,0.75,0.5,0.25,0.25,-0.25,0.25,KUET,MTE,C2_3_50_to_3_74
0,2,2,3,1,2,1,0,3,2,4,1,2,4,0.875,0.5,0.583,0.625,0.5,0.375,0.25,0.125,KUET,BME,C1_3_20_to_3_49
0,4,4,4,4,0,1,2,3,2,1,0,1,2,0.875,0.875,0.333,0.125,0.5,0.0,0.5,0.5,KUET,BECM,C2_3_50_to_3_74
2,1,4,4,1,2,1,3,3,4,3,3,1,4,0.875,0.562,0.25,0.75,0.583,0.5,0.0,0.625,KUET,ME,C1_3_20_to_3_49
2,1,4,2,4,3,3,3,1,1,1,4,0,0,0.875,0.812,0.333,0.625,0.25,0.375,0.25,0.5,KUET,LE,C1_3_20_to_3_49
0,2,2,3,1,0,0,2,3,2,3,1,0,4,0.875,0.5,0.167,0.5,0.5,0.0,0.25,0.625,KUET,TE,C0_below_3_20
4,4,4,3,4,2,1,0,2,1,0,4,4,0,0.875,0.875,0.75,0.5,0.667,0.375,0.5,-0.25,KUET,ME,C1_3_20_to_3_49
0,0,4,4,1,2,0,1,1,4,4,3,0,4,0.875,0.562,0.25,0.875,0.333,0.5,0.0,0.25,KUET,LE,C3_3_75_plus
4,1,2,1,3,4,4,0,0,3,2,1,0,2,0.875,0.438,0.667,0.375,0.583,0.25,-0.5,0.0,KUET,TE,C0_below_3_20
0,2,2,3,0,3,3,3,2,1,2,3,0,0,0.875,0.5,0.333,0.625,0.167,0.562,0.5,0.625,KUET,ESE,C2_3_50_to_3_74
0,0,4,2,0,3,1,0,3,2,0,0,1,1,0.875,0.5,0.5,0.0,0.083,0.375,0.0,0.25,KUET,MTE,C1_3_20_to_3_49
0,4,2,4,0,4,3,3,1,3,2,4,3,4,0.875,0.438,0.583,0.75,0.667,1.0,0.25,0.125,KUET,BME,C3_3_75_plus
4,3,3,0,1,2,4,0,0,2,0,0,0,3,0.875,0.375,0.667,0.0,0.833,0.0,-0.5,0.0,KUET,BECM,C2_3_50_to_3_74
0,0,4,3,2,4,2,0,0,3,1,1,2,3,0.875,0.625,0.667,0.25,0.25,0.75,0.0,-0.25,KUET,ME,C2_3_50_to_3_74
4,2,3,3,1,0,2,2,0,2,2,1,3,3,0.875,0.562,0.583,0.375,0.75,0.0,0.25,-0.125,KUET,LE,C3_3_75_plus
0,4,4,4,4,0,3,4,2,3,4,1,2,1,0.875,0.812,0.417,0.625,0.417,0.0,0.25,0.5,KUET,TE,C2_3_50_to_3_74
4,2,4,1,4,1,0,0,2,1,2,4,2,2,0.875,0.75,0.5,0.75,0.667,0.062,0.0,0.0,KUET,ARCH,C2_3_50_to_3_74
0,2,4,4,4,0,1,4,2,1,3,1,3,0,0.875,0.938,0.333,0.5,0.167,0.0,0.75,0.375,KUET,EEE,C1_3_20_to_3_49
4,2,3,4,1,3,2,4,2,2,1,1,0,2,0.875,0.625,0.167,0.25,0.667,0.75,0.5,0.75,KUET,ME,C1_3_20_to_3_49
2,4,3,1,4,4,3,4,4,1,0,3,4,4,0.875,0.688,0.583,0.375,0.833,0.25,0.0,0.5,KUET,EEE,C2_3_50_to_3_74
4,3,3,3,1,4,0,4,2,3,3,2,3,1,0.875,0.5,0.25,0.625,0.667,0.75,0.0,0.375,KUET,LE,C3_3_75_plus
0,2,3,3,3,4,1,1,3,1,0,3,1,1,0.875,0.75,0.417,0.375,0.25,0.75,0.5,0.375,KUET,MTE,C3_3_75_plus
0,0,2,1,3,3,1,3,3,2,0,2,4,0,0.875,0.5,0.5,0.25,0.0,0.188,-0.25,0.25,KUET,TE,C0_below_3_20
0,3,4,2,4,3,1,4,4,3,3,0,1,3,0.875,0.688,0.167,0.375,0.5,0.375,-0.25,0.875,KUET,BECM,C3_3_75_plus
0,3,2,4,2,0,0,3,1,4,0,1,4,3,0.875,0.5,0.417,0.125,0.5,0.0,0.0,0.0,KUET,EEE,C1_3_20_to_3_49
0,1,4,3,2,0,2,4,4,2,2,4,4,0,0.875,0.688,0.5,0.75,0.083,0.0,0.25,0.5,KUET,CE,C3_3_75_plus
0,3,3,3,4,0,3,2,0,2,0,0,2,4,0.875,0.75,0.583,0.0,0.583,0.0,0.25,0.0,KUET,EEE,C3_3_75_plus
2,3,4,0,1,2,1,3,0,2,1,1,3,4,0.875,0.438,0.417,0.25,0.75,0.0,-0.5,0.0,KUET,CE,C1_3_20_to_3_49
0,3,2,1,0,4,4,3,4,2,3,4,4,3,0.875,0.312,0.75,0.875,0.5,0.25,-0.25,0.375,KUET,URP,C1_3_20_to_3_49
0,3,3,1,4,1,0,1,1,3,4,2,4,3,0.875,0.562,0.583,0.75,0.5,0.062,-0.5,-0.25,KUET,ARCH,C2_3_50_to_3_74
0,2,2,3,3,1,3,1,3,3,1,3,2,0,0.875,0.562,0.667,0.5,0.167,0.188,0.0,0.25,KUET,EEE,C1_3_20_to_3_49
2,3,2,2,2,2,0,0,2,0,0,4,4,3,0.875,0.625,0.667,0.5,0.667,0.25,0.5,-0.25,KUET,ME,C2_3_50_to_3_74
4,3,3,2,1,2,2,1,4,4,3,2,2,3,0.875,0.375,0.583,0.625,0.833,0.25,-0.5,0.375,KUET,EEE,C0_below_3_20
2,4,4,3,4,2,1,2,1,3,4,2,2,3,0.875,0.75,0.417,0.75,0.75,0.375,0.0,0.125,KUET,LE,C2_3_50_to_3_74
4,3,2,0,0,1,1,2,3,2,1,1,2,2,0.875,0.25,0.417,0.25,0.75,0.0,-0.5,0.375,KUET,MTE,C0_below_3_20
0,0,4,3,4,3,3,1,3,2,2,1,4,0,0.875,0.812,0.833,0.375,0.0,0.562,0.25,0.0,KUET,TE,C1_3_20_to_3_49
2,0,3,1,1,0,1,3,1,4,3,4,1,0,0.5,0.312,0.25,0.875,0.167,0.0,-0.75,0.375,KUET,CSE,C1_3_20_to_3_49
0,3,4,1,0,2,4,4,4,4,0,4,2,2,0.875,0.312,0.5,0.5,0.417,0.125,-0.75,0.75,KUET,BECM,C2_3_50_to_3_74
2,1,3,3,4,4,3,3,1,0,0,4,3,4,0.875,0.875,0.583,0.5,0.583,0.75,0.75,0.125,KUET,EEE,C0_below_3_20
4,0,2,4,3,0,0,1,2,0,0,3,2,1,0.875,0.812,0.417,0.375,0.417,0.0,1.0,0.125,KUET,CE,C0_below_3_20
0,4,4,2,2,4,1,1,2,0,3,1,2,2,0.875,0.75,0.5,0.5,0.5,0.5,0.5,0.125,KUET,EEE,C0_below_3_20
0,0,4,0,3,3,1,2,0,1,1,3,1,2,0.875,0.625,0.333,0.5,0.167,0.0,-0.25,0.125,KUET,CE,C0_below_3_20
2,1,4,1,3,2,1,1,3,0,4,2,3,4,0.875,0.75,0.583,0.75,0.583,0.125,0.25,0.125,KUET,URP,C0_below_3_20
4,3,3,1,3,1,3,0,2,4,4,2,3,0,0.875,0.438,0.833,0.75,0.583,0.062,-0.75,-0.125,KUET,ARCH,C0_below_3_20
0,2,2,3,4,1,0,2,2,4,1,0,1,3,0.875,0.562,0.25,0.125,0.417,0.188,-0.25,0.375,KUET,EEE,C0_below_3_20
0,0,3,1,1,0,3,1,3,4,3,1,3,2,0.875,0.312,0.75,0.5,0.167,0.0,-0.75,0.125,KUET,ME,C0_below_3_20
0,0,2,2,2,1,0,4,1,0,1,4,3,0,0.875,0.625,0.25,0.625,0.0,0.125,0.5,0.25,KUET,EEE,C2_3_50_to_3_74
0,0,4,4,0,3,3,4,0,3,2,0,0,3,0.875,0.562,0.25,0.25,0.25,0.75,0.25,0.5,KUET,LE,C2_3_50_to_3_74
0,1,2,0,3,1,2,0,1,2,0,3,1,3,0.875,0.438,0.583,0.375,0.333,0.0,-0.5,0.0,KUET,MTE,C3_3_75_plus
0,2,4,4,2,0,4,1,4,1,0,2,4,4,0.875,0.812,0.917,0.25,0.5,0.0,0.75,0.125,KUET,TE,C0_below_3_20
4,1,2,2,3,2,1,4,2,4,1,1,1,1,0.875,0.438,0.167,0.25,0.5,0.25,-0.5,0.625,KUET,BECM,C1_3_20_to_3_49
0,4,2,2,0,1,0,1,0,3,2,2,4,0,0.875,0.312,0.583,0.5,0.333,0.125,-0.25,-0.375,KUET,EEE,C2_3_50_to_3_74
4,3,3,0,1,2,3,0,2,0,1,4,3,0,0.875,0.5,0.833,0.625,0.583,0.0,0.0,-0.125,KUET,CE,C3_3_75_plus
0,4,2,4,0,2,0,2,0,4,2,2,4,3,0.875,0.375,0.5,0.5,0.583,0.5,0.0,-0.25,KUET,EEE,C0_below_3_20
0,0,2,0,3,0,2,4,1,1,1,1,2,4,0.875,0.5,0.333,0.25,0.333,0.0,-0.25,0.375,KUET,CE,C1_3_20_to_3_49
0,2,4,0,2,2,1,4,0,0,0,3,3,1,0.875,0.625,0.333,0.375,0.25,0.0,0.0,0.125,KUET,URP,C0_below_3_20
0,4,3,4,3,0,0,4,4,4,0,2,3,1,0.875,0.625,0.25,0.25,0.417,0.0,0.0,0.625,KUET,ARCH,C3_3_75_plus
2,1,4,4,3,0,4,4,4,4,0,0,0,2,0.875,0.688,0.333,0.0,0.417,0.0,0.0,1.0,KUET,EEE,C0_below_3_20
0,3,3,0,3,4,2,4,4,0,4,0,3,4,0.875,0.625,0.417,0.5,0.583,0.0,0.0,0.625,KUET,ME,C1_3_20_to_3_49
0,2,4,0,4,4,2,0,1,3,0,1,4,4,0.875,0.562,0.833,0.125,0.5,0.0,-0.75,-0.375,KUET,EEE,C0_below_3_20
2,3,2,0,0,1,4,2,2,4,2,0,2,1,0.875,0.125,0.667,0.25,0.5,0.0,-1.0,0.25,KUET,LE,C3_3_75_plus
0,2,4,3,2,3,2,0,1,0,4,4,4,2,0.875,0.812,0.833,1.0,0.333,0.562,0.75,-0.375,KUET,MTE,C2_3_50_to_3_74
0,3,3,1,1,2,3,2,2,1,2,3,0,1,0.875,0.5,0.417,0.625,0.333,0.125,0.0,0.5,KUET,TE,C2_3_50_to_3_74
0,1,2,2,4,4,4,0,4,3,1,3,4,1,0.875,0.562,1.0,0.5,0.167,0.5,-0.25,0.0,KUET,BECM,C1_3_20_to_3_49
0,4,4,3,2,2,0,3,1,1,2,3,1,0,0.875,0.75,0.167,0.625,0.333,0.375,0.5,0.375,KUET,EEE,C3_3_75_plus
0,3,4,1,4,2,0,2,2,1,2,3,0,1,0.875,0.75,0.167,0.625,0.333,0.125,0.0,0.5,KUET,CE,C1_3_20_to_3_49
0,3,4,0,3,0,0,1,0,3,0,4,3,4,0.875,0.5,0.5,0.5,0.583,0.0,-0.75,-0.25,KUET,EEE,C0_below_3_20
2,2,4,2,4,3,4,2,4,3,0,2,0,0,0.875,0.688,0.5,0.25,0.333,0.375,-0.25,0.75,KUET,CE,C1_3_20_to_3_49
3,0,4,2,1,1,1,4,0,1,3,0,0,0,0.875,0.625,0.083,0.375,0.25,0.125,0.25,0.5,KUET,CSE,C2_3_50_to_3_74
4,3,4,1,1,3,2,0,3,1,0,3,4,1,0.875,0.562,0.833,0.375,0.667,0.188,0.0,-0.125,KUET,URP,C0_below_3_20
0,0,3,1,1,4,3,3,0,0,0,0,2,4,0.875,0.562,0.5,0.0,0.333,0.25,0.25,0.125,KUET,ARCH,C1_3_20_to_3_49
0,4,3,0,3,1,0,2,0,4,1,4,1,2,0.875,0.375,0.25,0.625,0.5,0.0,-1.0,0.125,KUET,EEE,C3_3_75_plus
0,2,4,1,4,0,1,4,4,4,1,4,3,1,0.875,0.562,0.333,0.625,0.25,0.0,-0.75,0.625,KUET,ME,C1_3_20_to_3_49
0,1,4,0,1,3,3,4,3,4,1,1,0,3,0.875,0.312,0.25,0.25,0.333,0.0,-1.0,0.875,KUET,EEE,C2_3_50_to_3_74
0,1,2,1,0,2,4,1,2,2,3,0,4,4,0.875,0.312,0.917,0.375,0.417,0.125,-0.25,-0.125,KUET,LE,C3_3_75_plus
0,3,3,0,4,3,1,3,0,2,2,4,2,1,0.875,0.562,0.333,0.75,0.333,0.0,-0.5,0.125,KUET,MTE,C3_3_75_plus
0,3,3,1,2,2,2,4,0,4,0,4,0,4,0.875,0.375,0.167,0.5,0.583,0.125,-0.75,0.5,KUET,TE,C3_3_75_plus
2,0,2,0,1,3,4,2,0,2,0,1,0,1,0.875,0.312,0.5,0.125,0.25,0.0,-0.5,0.25,KUET,BECM,C3_3_75_plus
0,0,4,4,0,3,1,0,2,2,0,1,3,3,0.875,0.625,0.667,0.125,0.25,0.75,0.5,-0.125,KUET,EEE,C2_3_50_to_3_74
0,2,2,2,0,2,1,1,3,2,0,4,0,4,0.875,0.375,0.333,0.5,0.5,0.25,0.0,0.5,KUET,CE,C2_3_50_to_3_74
4,3,4,3,0,1,2,2,4,0,2,0,0,4,0.875,0.688,0.333,0.25,0.917,0.188,0.75,0.75,KUET,EEE,C3_3_75_plus
0,2,2,1,1,1,3,3,1,2,3,4,3,2,0.875,0.375,0.583,0.875,0.333,0.062,-0.25,0.125,KUET,CE,C2_3_50_to_3_74
2,0,3,1,4,4,0,2,3,2,0,1,3,1,0.875,0.625,0.417,0.125,0.25,0.25,-0.25,0.25,KUET,URP,C3_3_75_plus
4,1,4,1,0,2,0,4,0,3,0,1,3,2,0.875,0.375,0.25,0.125,0.583,0.125,-0.5,0.125,KUET,ARCH,C1_3_20_to_3_49
2,2,3,3,3,1,3,1,4,4,2,3,3,4,0.875,0.562,0.75,0.625,0.667,0.188,-0.25,0.25,KUET,EEE,C3_3_75_plus
0,4,4,0,1,0,0,2,2,3,0,1,1,0,0.875,0.375,0.25,0.125,0.333,0.0,-0.75,0.375,KUET,ME,C0_below_3_20
4,4,2,0,3,4,4,0,0,0,0,1,1,2,0.875,0.562,0.75,0.125,0.833,0.0,0.0,-0.125,KUET,EEE,C3_3_75_plus
0,3,4,3,0,0,2,4,0,1,3,3,1,1,0.875,0.625,0.25,0.75,0.333,0.0,0.5,0.375,KUET,LE,C2_3_50_to_3_74
2,3,3,2,2,0,3,3,2,0,0,3,3,1,0.875,0.688,0.583,0.375,0.5,0.0,0.5,0.25,KUET,MTE,C0_below_3_20
0,4,2,1,3,1,3,2,4,2,1,2,0,3,0.875,0.5,0.417,0.375,0.583,0.062,-0.25,0.75,KUET,TE,C2_3_50_to_3_74
0,0,2,2,0,3,4,2,2,4,4,1,3,2,0.875,0.25,0.75,0.625,0.167,0.375,-0.5,0.125,KUET,BECM,C2_3_50_to_3_74
2,0,3,2,0,4,3,1,2,4,3,1,0,3,0.875,0.312,0.5,0.5,0.417,0.5,-0.5,0.375,KUET,EEE,C2_3_50_to_3_74
0,4,4,4,2,0,4,1,3,2,3,4,2,1,0.875,0.75,0.75,0.875,0.417,0.0,0.5,0.25,KUET,CE,C3_3_75_plus
2,3,3,2,4,2,2,2,3,3,0,2,0,2,0.875,0.625,0.333,0.25,0.583,0.25,-0.25,0.625,KUET,EEE,C0_below_3_20
0,4,3,2,2,1,4,0,1,1,0,4,0,0,0.875,0.625,0.667,0.5,0.333,0.125,0.25,0.125,KUET,CE,C1_3_20_to_3_49
0,3,3,0,0,2,0,4,4,2,3,0,0,2,0.875,0.312,0.0,0.375,0.417,0.0,-0.5,1.0,KUET,URP,C1_3_20_to_3_49
0,4,2,1,4,4,3,1,1,4,4,1,2,4,0.875,0.438,0.667,0.625,0.667,0.25,-0.75,0.0,KUET,ARCH,C1_3_20_to_3_49
0,1,4,1,3,3,0,3,4,2,4,0,1,1,0.875,0.625,0.167,0.5,0.167,0.188,-0.25,0.75,KUET,EEE,C2_3_50_to_3_74
2,0,4,3,0,4,2,0,2,1,4,2,4,4,0.875,0.625,0.833,0.75,0.5,0.75,0.5,-0.25,KUET,ME,C2_3_50_to_3_74
4,3,4,3,3,4,1,0,4,0,0,0,3,3,0.875,0.875,0.667,0.0,0.833,0.75,0.75,0.125,KUET,EEE,C3_3_75_plus
2,4,2,0,0,1,1,4,0,4,3,3,4,3,0.875,0.125,0.417,0.75,0.75,0.0,-1.0,0.0,KUET,MSE,C2_3_50_to_3_74
4,4,2,1,1,3,1,3,2,3,3,3,3,1,0.875,0.312,0.417,0.75,0.75,0.188,-0.5,0.25,KUET,MSE,C1_3_20_to_3_49
4,4,3,0,3,3,1,4,2,1,2,3,3,3,0.875,0.562,0.333,0.625,0.917,0.0,-0.25,0.375,KUET,EEE,C3_3_75_plus
0,1,4,0,2,0,3,2,3,4,0,2,2,0,0.875,0.375,0.583,0.25,0.083,0.0,-1.0,0.375,KUET,CE,C1_3_20_to_3_49
4,1,3,0,0,3,1,4,2,2,0,3,4,1,0.875,0.312,0.417,0.375,0.5,0.0,-0.5,0.25,KUET,MSE,C0_below_3_20
2,1,2,0,0,0,0,2,3,1,3,2,0,0,0.875,0.312,0.167,0.625,0.25,0.0,-0.25,0.625,KUET,ECE,C1_3_20_to_3_49
0,2,3,0,0,0,1,1,0,0,2,2,1,1,0.875,0.438,0.417,0.5,0.25,0.0,0.0,0.0,KUET,ME,C3_3_75_plus
0,1,3,3,1,1,1,4,1,2,2,2,3,2,0.875,0.562,0.333,0.5,0.25,0.188,0.25,0.25,KUET,ECE,C2_3_50_to_3_74
0,2,4,4,2,2,0,4,3,1,1,0,2,4,0.875,0.812,0.167,0.125,0.5,0.5,0.75,0.625,KUET,IEM,C0_below_3_20
2,3,4,3,1,2,2,2,1,3,4,3,0,2,0.875,0.562,0.333,0.875,0.583,0.375,0.0,0.375,KUET,MSE,C0_below_3_20
4,4,3,0,2,0,0,2,1,3,2,4,2,2,0.875,0.375,0.333,0.75,0.833,0.0,-0.75,0.125,KUET,ECE,C1_3_20_to_3_49
4,2,4,2,2,2,1,3,0,2,1,4,3,2,0.875,0.625,0.417,0.625,0.667,0.25,0.0,0.0,KUET,CE,C3_3_75_plus
0,3,3,1,0,2,1,4,1,3,3,2,3,4,0.875,0.312,0.333,0.625,0.583,0.125,-0.5,0.25,KUET,ECE,C0_below_3_20
0,1,3,3,3,1,1,1,3,4,2,0,0,3,0.875,0.562,0.333,0.25,0.333,0.188,-0.25,0.5,KUET,ME,C0_below_3_20
0,3,3,4,4,3,3,4,2,4,0,4,3,0,0.875,0.688,0.5,0.5,0.25,0.75,0.0,0.375,KUET,EEE,C3_3_75_plus
2,4,2,1,0,3,4,4,0,3,2,0,2,3,0.875,0.25,0.5,0.25,0.75,0.188,-0.5,0.25,KUET,ECE,C2_3_50_to_3_74
0,1,4,2,4,3,3,2,4,4,2,4,4,3,0.875,0.625,0.75,0.75,0.333,0.375,-0.5,0.25,KUET,BECM,C3_3_75_plus
4,3,4,1,0,0,3,0,0,1,3,3,1,1,0.875,0.5,0.667,0.75,0.667,0.0,0.0,-0.125,KUET,ECE,C2_3_50_to_3_74
2,4,1,0,1,0,1,2,1,4,2,1,1,0,0.125,0.125,0.333,0.375,0.5,0.0,-1.0,0.25,KUET,EEE,C0_below_3_20
0,4,2,0,0,3,0,2,2,2,2,3,4,2,0.875,0.25,0.5,0.625,0.5,0.0,-0.5,0.0,KUET,MSE,C2_3_50_to_3_74
0,1,4,1,1,3,4,4,3,3,4,0,3,3,0.875,0.438,0.583,0.5,0.333,0.188,-0.5,0.5,KUET,ME,C1_3_20_to_3_49
2,4,2,2,0,3,1,3,1,1,1,1,2,4,0.875,0.438,0.333,0.25,0.833,0.375,0.25,0.25,KUET,MSE,C3_3_75_plus
4,0,3,1,0,1,2,4,3,0,1,3,2,2,0.875,0.5,0.333,0.5,0.5,0.062,0.25,0.625,KUET,EEE,C1_3_20_to_3_49
0,0,4,2,0,2,1,3,2,4,3,2,1,3,0.875,0.375,0.25,0.625,0.25,0.25,-0.5,0.5,KUET,ECE,C1_3_20_to_3_49
0,1,2,1,1,1,1,3,2,2,2,4,2,3,0.875,0.375,0.333,0.75,0.333,0.062,-0.25,0.375,KUET,MSE,C0_below_3_20
0,4,2,4,0,1,2,3,1,2,4,0,1,4,0.875,0.5,0.333,0.5,0.667,0.25,0.5,0.375,KUET,CE,C0_below_3_20
2,4,3,2,1,0,1,0,0,0,0,4,3,2,0.875,0.625,0.667,0.5,0.667,0.0,0.5,-0.375,KUET,CSE,C2_3_50_to_3_74
0,4,2,1,0,1,1,4,1,3,3,3,2,3,0.875,0.25,0.25,0.75,0.583,0.062,-0.5,0.375,KUET,MSE,C3_3_75_plus
2,0,4,0,3,4,3,3,1,3,0,0,0,0,0.875,0.5,0.333,0.0,0.167,0.0,-0.75,0.5,KUET,EEE,C2_3_50_to_3_74
0,4,4,1,1,2,2,2,3,1,0,1,1,3,0.875,0.562,0.417,0.125,0.583,0.125,0.0,0.5,KUET,MSE,C2_3_50_to_3_74
0,1,4,0,0,2,1,2,2,2,4,2,0,2,0.875,0.375,0.25,0.75,0.25,0.0,-0.5,0.5,KUET,MSE,C2_3_50_to_3_74
0,0,4,0,2,2,0,0,0,1,3,3,3,1,0.875,0.562,0.583,0.75,0.083,0.0,-0.25,-0.375,KUET,CE,C3_3_75_plus
2,3,2,1,1,2,3,3,0,4,3,2,4,1,0.875,0.25,0.667,0.625,0.5,0.125,-0.75,-0.125,KUET,ECE,C1_3_20_to_3_49
0,1,3,0,4,2,1,1,0,0,0,2,4,0,0.875,0.688,0.667,0.25,0.083,0.0,0.0,-0.375,KUET,ME,C2_3_50_to_3_74
0,0,4,3,4,4,0,2,3,3,4,2,3,3,0.875,0.75,0.417,0.75,0.25,0.75,0.0,0.25,KUET,IEM,C3_3_75_plus
0,2,3,1,0,2,0,3,1,0,3,1,2,2,0.875,0.5,0.25,0.5,0.333,0.125,0.25,0.25,KUET,ECE,C2_3_50_to_3_74
4,2,4,2,2,1,4,4,0,2,2,4,3,1,0.875,0.625,0.583,0.75,0.583,0.125,0.0,0.125,KUET,CE,C0_below_3_20
0,3,4,0,0,1,2,0,0,3,1,3,4,4,0.875,0.312,0.833,0.5,0.583,0.0,-0.75,-0.5,KUET,ME,C0_below_3_20
0,4,4,4,2,1,2,3,0,2,1,2,1,1,0.875,0.75,0.333,0.375,0.417,0.25,0.5,0.25,KUET,ECE,C1_3_20_to_3_49
4,3,2,4,1,0,3,4,0,1,0,4,1,3,0.875,0.625,0.333,0.5,0.833,0.0,0.75,0.375,KUET,EEE,C1_3_20_to_3_49
0,4,2,1,3,0,3,4,1,3,2,3,2,3,0.875,0.438,0.417,0.625,0.583,0.0,-0.5,0.375,KUET,MSE,C1_3_20_to_3_49
0,1,4,4,4,1,3,2,2,3,1,2,1,1,0.875,0.812,0.5,0.375,0.167,0.25,0.25,0.375,KUET,BECM,C3_3_75_plus
0,4,3,0,0,3,0,3,3,4,2,3,1,3,0.875,0.188,0.167,0.625,0.583,0.0,-1.0,0.625,KUET,ECE,C1_3_20_to_3_49
0,3,4,3,0,3,1,0,3,4,3,1,4,1,0.875,0.438,0.75,0.5,0.333,0.562,-0.25,-0.125,KUET,ME,C3_3_75_plus
0,2,3,1,1,1,1,2,1,3,3,2,4,3,0.875,0.375,0.583,0.625,0.417,0.062,-0.5,-0.125,KUET,ECE,C2_3_50_to_3_74
0,2,2,4,1,4,0,0,2,4,0,1,0,3,0.875,0.438,0.333,0.125,0.417,1.0,0.0,0.25,KUET,EEE,C2_3_50_to_3_74
0,1,2,1,1,3,1,4,0,2,3,4,2,4,0.875,0.375,0.25,0.875,0.417,0.188,-0.25,0.25,KUET,MSE,C0_below_3_20
0,1,2,1,3,1,3,2,0,1,0,3,2,3,0.875,0.562,0.583,0.375,0.333,0.062,0.0,0.0,KUET,CE,C0_below_3_20
0,3,4,1,0,2,4,3,2,3,3,2,2,3,0.875,0.375,0.583,0.625,0.5,0.125,-0.5,0.375,KUET,MSE,C2_3_50_to_3_74
4,2,3,0,2,4,3,2,3,0,2,2,2,0,0.875,0.562,0.583,0.5,0.5,0.0,0.0,0.375,KUET,CSE,C0_below_3_20
4,0,3,2,2,3,1,3,1,2,1,0,1,2,0.875,0.562,0.25,0.125,0.5,0.375,0.0,0.375,KUET,EEE,C1_3_20_to_3_49
0,2,3,0,1,1,3,4,4,2,4,2,2,3,0.875,0.375,0.417,0.75,0.417,0.0,-0.5,0.75,KUET,ECE,C1_3_20_to_3_49
0,3,3,0,3,1,1,2,0,1,3,3,3,2,0.875,0.562,0.5,0.75,0.417,0.0,-0.25,-0.125,KUET,CE,C1_3_20_to_3_49
2,3,4,4,0,0,3,2,4,4,3,2,4,3,0.875,0.5,0.75,0.625,0.667,0.0,0.0,0.25,KUET,ME,C1_3_20_to_3_49
2,2,2,1,2,2,0,3,0,3,0,2,2,3,0.875,0.375,0.25,0.25,0.583,0.125,-0.5,0.125,KUET,MSE,C0_below_3_20
0,4,4,2,3,0,3,2,3,4,3,3,2,3,0.875,0.562,0.583,0.75,0.583,0.0,-0.5,0.375,KUET,IEM,C0_below_3_20
2,2,4,2,2,0,2,2,3,3,2,4,3,2,0.875,0.562,0.583,0.75,0.5,0.0,-0.25,0.25,KUET,MSE,C1_3_20_to_3_49
0,4,3,1,0,4,0,2,1,3,4,4,4,3,0.875,0.312,0.5,1.0,0.583,0.25,-0.5,-0.125,KUET,CE,C1_3_20_to_3_49
4,0,4,1,4,1,1,0,3,0,3,1,2,1,0.875,0.812,0.583,0.5,0.417,0.062,0.25,0.125,KUET,ME,C0_below_3_20
0,3,2,1,1,1,1,3,0,2,2,1,3,3,0.875,0.375,0.417,0.375,0.5,0.062,-0.25,0.0,KUET,ECE,C2_3_50_to_3_74
0,0,2,0,0,3,4,2,2,3,0,2,4,0,0.875,0.188,0.833,0.25,0.0,0.0,-0.75,0.0,KUET,EEE,C0_below_3_20
4,4,2,1,4,3,2,2,1,1,2,3,2,2,0.875,0.625,0.5,0.625,0.833,0.188,0.0,0.125,KUET,ECE,C2_3_50_to_3_74
0,1,3,3,1,1,1,0,3,3,1,2,4,0,0.875,0.5,0.75,0.375,0.083,0.188,0.0,-0.125,KUET,BECM,C3_3_75_plus
0,4,2,1,2,0,0,0,2,2,3,1,2,0,0.875,0.438,0.5,0.5,0.333,0.0,-0.25,0.0,KUET,ME,C2_3_50_to_3_74
2,3,2,2,4,4,3,4,4,2,0,2,4,1,0.875,0.625,0.583,0.25,0.5,0.5,0.0,0.5,KUET,EEE,C1_3_20_to_3_49
0,3,2,2,2,3,2,0,1,0,1,4,1,1,0.875,0.625,0.583,0.625,0.333,0.375,0.5,0.0,KUET,CE,C1_3_20_to_3_49
0,4,4,2,1,1,0,3,4,0,0,3,2,4,0.875,0.688,0.25,0.375,0.667,0.125,0.5,0.625,KUET,CSE,C3_3_75_plus
0,0,3,2,0,2,4,0,3,2,2,4,1,3,0.875,0.438,0.75,0.75,0.25,0.25,0.0,0.25,KUET,EEE,C2_3_50_to_3_74
4,3,3,3,4,0,3,1,2,3,1,1,4,0,0.875,0.688,0.833,0.25,0.583,0.0,0.0,-0.125,KUET,CE,C3_3_75_plus
2,3,2,4,3,1,1,1,3,2,3,4,1,3,0.875,0.688,0.417,0.875,0.667,0.25,0.5,0.375,KUET,ME,C0_below_3_20
4,4,2,0,1,2,2,3,0,0,4,4,4,4,0.875,0.438,0.583,1.0,1.0,0.0,0.0,-0.125,KUET,IEM,C2_3_50_to_3_74
0,0,2,2,2,0,3,2,4,3,4,0,1,3,0.875,0.438,0.5,0.5,0.25,0.0,-0.25,0.625,KUET,CE,C1_3_20_to_3_49
0,0,3,1,4,4,3,4,1,4,2,1,0,0,0.875,0.5,0.25,0.375,0.0,0.25,-0.75,0.625,KUET,ME,C0_below_3_20
0,3,3,2,4,2,1,4,2,4,3,3,4,4,0.875,0.562,0.417,0.75,0.583,0.25,-0.5,0.25,KUET,EEE,C0_below_3_20
4,1,2,2,1,2,1,2,1,3,3,1,0,2,0.875,0.375,0.25,0.5,0.583,0.25,-0.25,0.375,KUET,BECM,C2_3_50_to_3_74
0,3,2,1,0,2,3,4,2,2,0,0,1,4,0.875,0.312,0.333,0.0,0.583,0.125,-0.25,0.625,KUET,ME,C3_3_75_plus
0,1,3,3,1,4,1,2,4,2,2,2,3,1,0.875,0.562,0.5,0.5,0.167,0.75,0.25,0.375,KUET,EEE,C3_3_75_plus
0,2,3,3,0,0,0,4,4,0,4,0,2,3,0.875,0.625,0.167,0.5,0.417,0.0,0.75,0.75,KUET,CE,C0_below_3_20
4,4,3,0,3,4,1,4,2,4,0,0,2,1,0.875,0.375,0.25,0.0,0.75,0.0,-1.0,0.5,KUET,CSE,C0_below_3_20
0,1,4,3,0,3,0,2,0,2,3,0,2,4,0.875,0.562,0.333,0.375,0.417,0.562,0.25,0.0,KUET,TE,C1_3_20_to_3_49
0,0,4,3,3,0,2,0,0,2,2,0,3,1,0.875,0.75,0.75,0.25,0.083,0.0,0.25,-0.375,KUET,URP,C0_below_3_20
4,4,2,1,2,4,0,3,3,1,1,1,3,0,0.875,0.5,0.333,0.25,0.667,0.25,0.0,0.375,KUET,CE,C0_below_3_20
4,0,3,1,1,2,2,1,3,4,4,0,4,1,0.875,0.312,0.75,0.5,0.417,0.125,-0.75,0.0,KUET,IEM,C3_3_75_plus
2,0,3,2,0,2,4,4,4,4,3,0,4,3,0.875,0.312,0.667,0.375,0.417,0.25,-0.5,0.5,KUET,MSE,C0_below_3_20
4,3,3,2,3,0,3,1,1,4,2,1,1,4,0.875,0.5,0.583,0.375,0.917,0.0,-0.5,0.125,KUET,CE,C3_3_75_plus
0,2,4,4,2,0,4,1,3,4,3,4,3,4,0.875,0.625,0.833,0.875,0.5,0.0,0.0,0.125,KUET,TE,C2_3_50_to_3_74
4,3,2,1,0,0,4,1,0,3,4,0,2,3,0.875,0.25,0.75,0.5,0.833,0.0,-0.5,-0.125,KUET,ME,C1_3_20_to_3_49
2,2,3,0,0,4,2,0,0,2,1,4,1,1,0.875,0.312,0.583,0.625,0.417,0.0,-0.5,-0.125,KUET,BECM,C3_3_75_plus
0,3,3,1,0,2,2,4,3,1,2,2,1,1,0.875,0.438,0.25,0.5,0.333,0.125,0.0,0.75,KUET,ChE,C3_3_75_plus
0,0,2,1,2,2,2,0,1,2,4,4,0,0,0.875,0.438,0.5,1.0,0.0,0.125,-0.25,0.125,KUET,MTE,C0_below_3_20
0,3,3,0,0,1,0,1,3,0,3,0,1,0,0.875,0.438,0.333,0.375,0.25,0.0,0.0,0.375,KUET,ME,C0_below_3_20
0,2,2,4,2,2,4,1,1,3,1,1,1,2,0.875,0.562,0.667,0.25,0.333,0.5,0.25,0.125,KUET,URP,C2_3_50_to_3_74
0,4,4,2,3,4,0,1,2,0,1,3,3,2,0.875,0.812,0.5,0.5,0.5,0.5,0.5,0.0,KUET,ARCH,C0_below_3_20
0,4,3,1,2,1,0,1,0,3,0,2,1,2,0.875,0.438,0.333,0.25,0.5,0.062,-0.5,0.0,KUET,CE,C1_3_20_to_3_49
0,1,3,4,0,4,1,1,3,4,0,0,4,0,0.875,0.438,0.667,0.0,0.083,1.0,0.0,0.0,KUET,EEE,C0_below_3_20
0,0,2,0,2,3,3,2,3,1,3,3,2,1,0.875,0.438,0.583,0.75,0.083,0.0,-0.25,0.375,KUET,CSE,C2_3_50_to_3_74
4,2,2,4,3,2,4,1,4,0,3,3,4,3,0.875,0.812,0.917,0.75,0.75,0.5,1.0,0.125,KUET,MSE,C2_3_50_to_3_74
4,3,4,2,3,0,2,4,4,4,3,1,3,0,0.875,0.562,0.417,0.5,0.583,0.0,-0.5,0.625,KUET,EEE,C3_3_75_plus
2,3,2,0,2,4,4,1,3,3,1,4,3,2,0.875,0.312,0.833,0.625,0.583,0.0,-0.75,0.125,KUET,BECM,C1_3_20_to_3_49
0,0,3,3,1,4,3,0,2,0,1,1,1,4,0.875,0.688,0.667,0.25,0.333,0.75,0.75,0.125,KUET,LE,C3_3_75_plus
4,2,2,3,3,2,3,4,0,2,2,3,0,1,0.875,0.625,0.25,0.625,0.583,0.375,0.25,0.5,KUET,EEE,C0_below_3_20
0,2,3,2,4,1,1,2,2,1,3,3,1,1,0.875,0.75,0.333,0.75,0.25,0.125,0.25,0.375,KUET,BME,C2_3_50_to_3_74
0,1,4,1,4,4,3,0,1,0,0,0,1,2,0.875,0.812,0.667,0.0,0.25,0.25,0.25,0.0,KUET,LE,C1_3_20_to_3_49
4,1,2,2,0,1,3,3,1,3,1,2,1,1,0.875,0.312,0.417,0.375,0.5,0.125,-0.25,0.375,KUET,ESE,C2_3_50_to_3_74
0,2,2,1,3,0,3,2,1,2,1,4,1,3,0.875,0.5,0.5,0.625,0.417,0.0,-0.25,0.25,KUET,ME,C3_3_75_plus
0,2,4,0,2,4,2,0,2,3,0,1,0,4,0.875,0.438,0.5,0.125,0.5,0.0,-0.75,0.25,KUET,IEM,C2_3_50_to_3_74
0,4,3,3,4,1,4,2,3,3,1,3,1,2,0.875,0.688,0.583,0.5,0.5,0.188,0.0,0.5,KUET,URP,C2_3_50_to_3_74
0,2,2,1,4,2,2,2,2,0,3,0,2,1,0.875,0.688,0.5,0.375,0.25,0.125,0.25,0.25,KUET,EEE,C3_3_75_plus
0,1,3,0,0,4,0,2,4,4,2,0,1,4,0.875,0.188,0.25,0.25,0.417,0.0,-1.0,0.625,KUET,CSE,C1_3_20_to_3_49
2,2,4,0,1,4,1,2,0,0,4,2,3,0,0.875,0.562,0.5,0.75,0.333,0.0,0.0,-0.125,KUET,IEM,C3_3_75_plus
4,1,2,0,4,2,0,2,4,3,4,2,2,1,0.875,0.438,0.333,0.75,0.5,0.0,-0.75,0.5,KUET,ESE,C1_3_20_to_3_49
2,4,2,0,3,2,4,4,3,3,2,4,2,0,0.875,0.375,0.5,0.75,0.5,0.0,-0.75,0.625,KUET,BECM,C2_3_50_to_3_74
0,0,3,3,4,1,4,3,1,1,1,0,1,4,0.875,0.812,0.5,0.125,0.333,0.188,0.5,0.375,KUET,MSE,C3_3_75_plus
0,4,4,4,3,3,1,0,2,3,2,1,3,2,0.875,0.75,0.667,0.375,0.5,0.75,0.25,-0.125,KUET,EEE,C1_3_20_to_3_49
0,3,4,3,2,2,1,1,1,4,1,2,4,1,0.875,0.562,0.667,0.375,0.333,0.375,-0.25,-0.25,KUET,TE,C0_below_3_20
2,2,3,4,0,2,4,3,0,3,4,3,2,0,0.875,0.5,0.583,0.875,0.333,0.5,0.25,0.125,KUET,ME,C2_3_50_to_3_74
0,1,4,2,2,3,1,4,4,2,2,2,3,0,0.875,0.625,0.333,0.5,0.083,0.375,0.0,0.625,KUET,LE,C2_3_50_to_3_74
0,3,2,2,1,1,3,1,2,2,3,4,4,2,0.875,0.438,0.833,0.875,0.417,0.125,0.0,-0.125,KUET,IEM,C3_3_75_plus
0,0,2,4,2,2,4,3,0,1,0,0,4,3,0.875,0.688,0.75,0.0,0.25,0.5,0.75,-0.125,KUET,ARCH,C2_3_50_to_3_74
0,4,2,4,2,2,1,0,2,2,4,3,0,1,0.875,0.625,0.417,0.875,0.417,0.5,0.5,0.25,KUET,CE,C0_below_3_20
4,1,3,3,3,3,3,2,2,3,1,0,4,4,0.875,0.625,0.75,0.125,0.75,0.562,0.0,0.0,KUET,ME,C3_3_75_plus
0,1,3,2,0,4,2,4,3,2,3,3,0,1,0.875,0.438,0.167,0.75,0.167,0.5,0.0,0.875,KUET,ME,C0_below_3_20
2,0,2,3,4,0,3,3,3,1,4,1,2,1,0.875,0.75,0.5,0.625,0.25,0.0,0.5,0.5,KUET,LE,C2_3_50_to_3_74
2,2,4,0,1,2,1,0,4,3,1,2,0,1,0.875,0.375,0.417,0.375,0.417,0.0,-0.75,0.5,KUET,CE,C2_3_50_to_3_74
4,2,2,3,2,1,3,1,4,4,4,3,2,2,0.875,0.438,0.667,0.875,0.667,0.188,-0.25,0.375,KUET,MTE,C3_3_75_plus
0,4,4,3,4,3,1,1,4,3,1,2,1,1,0.875,0.75,0.417,0.375,0.417,0.562,0.0,0.5,KUET,BME,C1_3_20_to_3_49
0,1,2,1,4,1,4,3,1,0,4,0,0,2,0.875,0.688,0.417,0.5,0.25,0.062,0.25,0.5,KUET,CE,C2_3_50_to_3_74
0,3,2,1,1,1,4,1,1,4,2,2,3,4,0.875,0.25,0.833,0.5,0.583,0.062,-0.75,-0.125,KUET,URP,C2_3_50_to_3_74
0,0,4,0,0,4,3,1,2,2,0,4,3,0,0.875,0.375,0.75,0.5,0.0,0.0,-0.5,0.0,KUET,MSE,C1_3_20_to_3_49
0,4,4,2,4,1,3,1,1,1,4,2,3,4,0.875,0.812,0.75,0.75,0.667,0.125,0.25,-0.125,KUET,BECM,C0_below_3_20
0,2,4,0,2,4,4,2,1,2,2,1,3,2,0.875,0.5,0.75,0.375,0.333,0.0,-0.5,0.0,KUET,TE,C0_below_3_20
2,3,3,2,0,0,2,2,2,0,3,1,4,1,0.875,0.562,0.667,0.5,0.5,0.0,0.5,0.0,KUET,EEE,C2_3_50_to_3_74
0,3,4,3,3,2,1,2,3,0,4,0,2,2,0.875,0.875,0.417,0.5,0.417,0.375,0.75,0.375,KUET,ChE,C3_3_75_plus
0,2,3,1,3,0,1,0,2,4,4,2,3,0,0.875,0.438,0.667,0.75,0.167,0.0,-0.75,-0.125,KUET,LE,C1_3_20_to_3_49
4,1,3,1,4,3,1,2,4,3,2,2,1,3,0.875,0.562,0.333,0.5,0.667,0.188,-0.5,0.625,KUET,ARCH,C1_3_20_to_3_49
0,0,2,4,0,4,3,3,1,4,4,4,3,0,0.875,0.375,0.583,1.0,0.0,1.0,0.0,0.125,KUET,LE,C1_3_20_to_3_49
0,1,3,2,3,1,2,0,2,0,1,2,1,2,0.875,0.75,0.583,0.375,0.25,0.125,0.5,0.125,KUET,CE,C2_3_50_to_3_74
0,4,4,1,4,4,2,0,3,4,0,2,4,1,0.875,0.562,0.833,0.25,0.417,0.25,-0.75,-0.125,KUET,EEE,C2_3_50_to_3_74
0,4,2,1,0,2,3,4,0,3,0,4,4,4,0.875,0.25,0.583,0.5,0.667,0.125,-0.5,0.0,KUET,BECM,C1_3_20_to_3_49
0,3,3,3,3,4,1,0,4,3,2,4,4,0,0.875,0.625,0.75,0.75,0.25,0.75,0.0,0.0,KUET,IEM,C1_3_20_to_3_49
0,0,2,0,0,3,4,0,4,1,4,1,0,3,0.875,0.312,0.667,0.625,0.25,0.0,-0.25,0.5,KUET,BME,C0_below_3_20
0,3,2,3,4,4,1,4,0,2,0,2,4,0,0.875,0.688,0.417,0.25,0.25,0.75,0.25,0.0,KUET,ME,C2_3_50_to_3_74
2,0,4,3,4,2,2,0,4,4,1,1,3,2,0.875,0.688,0.75,0.25,0.333,0.375,-0.25,0.125,KUET,EEE,C0_below_3_20
0,2,2,2,1,0,3,1,4,0,0,1,1,2,0.875,0.562,0.583,0.125,0.333,0.0,0.5,0.5,KUET,MSE,C3_3_75_plus
0,2,4,0,1,3,2,2,0,2,3,2,4,3,0.875,0.438,0.667,0.625,0.417,0.0,-0.5,-0.25,KUET,CSE,C2_3_50_to_3_74
4,4,3,3,3,2,3,4,3,1,2,2,1,4,0.875,0.75,0.333,0.5,1.0,0.375,0.5,0.75,KUET,MTE,C1_3_20_to_3_49
2,2,3,3,0,4,0,4,4,3,4,1,4,4,0.875,0.438,0.333,0.625,0.667,0.75,0.0,0.5,KUET,IEM,C2_3_50_to_3_74
0,0,4,2,4,0,1,2,3,3,0,3,0,0,0.875,0.688,0.25,0.375,0.0,0.0,-0.25,0.625,KUET,TE,C1_3_20_to_3_49
2,1,3,1,0,2,0,4,4,0,1,4,1,3,0.875,0.5,0.083,0.625,0.5,0.125,0.25,0.875,KUET,BECM,C2_3_50_to_3_74
0,1,2,4,0,4,3,0,2,4,4,0,1,4,0.875,0.375,0.667,0.5,0.417,1.0,0.0,0.125,KUET,URP,C3_3_75_plus
0,4,4,3,0,1,4,3,2,3,0,3,4,0,0.875,0.5,0.75,0.375,0.333,0.188,0.0,0.125,KUET,EEE,C2_3_50_to_3_74
2,4,4,3,3,3,3,1,0,0,4,1,2,2,0.875,0.875,0.667,0.625,0.667,0.562,0.75,-0.125,KUET,MSE,C0_below_3_20
4,1,3,0,0,1,1,2,3,3,0,1,4,1,0.875,0.25,0.583,0.125,0.5,0.0,-0.75,0.125,KUET,URP,C0_below_3_20
0,1,4,1,2,4,0,2,3,2,3,1,3,3,0.875,0.562,0.417,0.5,0.333,0.25,-0.25,0.25,KUET,ESE,C0_below_3_20
4,1,4,4,4,1,1,3,2,0,3,1,0,1,0.875,1.0,0.167,0.5,0.5,0.25,1.0,0.625,KUET,ME,C3_3_75_plus
4,2,4,0,4,0,3,4,3,2,4,4,0,4,0.875,0.625,0.25,1.0,0.833,0.0,-0.5,0.875,KUET,TE,C2_3_50_to_3_74
0,0,4,0,0,1,4,1,1,0,1,2,2,2,0.875,0.5,0.75,0.375,0.167,0.0,0.0,0.0,KUET,ME,C1_3_20_to_3_49
4,2,3,0,0,4,2,3,2,3,1,0,2,3,0.875,0.25,0.417,0.125,0.75,0.0,-0.75,0.375,KUET,ChE,C0_below_3_20
4,1,4,3,4,3,2,0,3,2,0,1,0,3,0.875,0.812,0.5,0.125,0.667,0.562,0.25,0.375,KUET,CE,C0_below_3_20
2,3,3,0,4,2,1,4,4,2,4,2,4,2,0.875,0.562,0.417,0.75,0.583,0.0,-0.5,0.5,KUET,CE,C3_3_75_plus
0,3,3,1,3,0,1,0,2,1,0,3,2,1,0.875,0.625,0.583,0.375,0.333,0.0,0.0,0.0,KUET,TE,C3_3_75_plus
0,4,4,2,4,0,0,0,4,1,0,3,1,4,0.875,0.812,0.417,0.375,0.667,0.0,0.25,0.375,KUET,IEM,C0_below_3_20
0,0,3,3,1,1,3,4,3,0,4,3,3,2,0.875,0.688,0.5,0.875,0.167,0.188,0.75,0.5,KUET,CSE,C1_3_20_to_3_49
2,0,2,2,4,1,2,3,3,3,0,4,1,1,0.875,0.562,0.333,0.5,0.25,0.125,-0.25,0.625,KUET,MTE,C3_3_75_plus
0,1,3,4,1,1,2,1,1,4,1,0,2,0,0.875,0.5,0.583,0.125,0.083,0.25,0.0,0.0,KUET,ARCH,C0_below_3_20
0,0,2,1,4,4,0,2,4,2,0,4,4,4,0.875,0.562,0.5,0.5,0.333,0.25,-0.25,0.25,KUET,EEE,C3_3_75_plus
0,3,3,3,3,1,1,1,4,1,1,4,2,1,0.875,0.75,0.5,0.625,0.333,0.188,0.5,0.375,KUET,LE,C1_3_20_to_3_49
2,4,2,0,1,3,0,2,0,1,2,1,3,0,0.875,0.375,0.417,0.375,0.5,0.0,-0.25,-0.125,KUET,ME,C0_below_3_20
2,3,3,3,3,4,0,2,2,2,0,0,0,4,0.875,0.688,0.167,0.0,0.75,0.75,0.25,0.5,KUET,BME,C1_3_20_to_3_49
0,3,3,1,3,2,1,1,0,0,3,0,0,1,0.875,0.688,0.333,0.375,0.333,0.125,0.25,0.125,KUET,ECE,C3_3_75_plus
0,0,2,2,0,1,2,1,4,1,1,1,4,3,0.875,0.438,0.75,0.25,0.25,0.125,0.25,0.125,KUET,ESE,C0_below_3_20
0,1,3,4,1,4,1,0,2,0,4,0,3,1,0.875,0.75,0.667,0.5,0.167,1.0,1.0,-0.125,KUET,CE,C0_below_3_20
2,0,4,1,1,0,3,0,1,1,0,0,4,2,0.875,0.562,0.917,0.0,0.333,0.0,0.0,-0.375,KUET,IEM,C2_3_50_to_3_74
0,0,2,1,0,1,1,1,1,3,4,0,4,3,0.875,0.25,0.667,0.5,0.25,0.062,-0.5,-0.25,KUET,BECM,C0_below_3_20
0,2,4,0,1,1,4,4,1,4,0,4,2,2,0.875,0.312,0.5,0.5,0.333,0.0,-1.0,0.375,KUET,BECM,C3_3_75_plus
0,3,4,3,3,3,1,1,2,4,0,4,2,2,0.875,0.625,0.5,0.5,0.417,0.562,-0.25,0.125,KUET,URP,C1_3_20_to_3_49
2,1,4,3,0,2,4,1,2,3,3,2,0,2,0.875,0.5,0.583,0.625,0.417,0.375,0.0,0.375,KUET,CE,C3_3_75_plus
0,2,4,1,3,1,3,3,4,0,2,0,1,4,0.875,0.75,0.417,0.25,0.5,0.062,0.25,0.75,KUET,ChE,C1_3_20_to_3_49
2,3,3,3,0,1,1,4,2,2,1,3,1,0,0.875,0.5,0.167,0.5,0.417,0.188,0.25,0.625,KUET,LE,C3_3_75_plus
0,4,4,3,3,2,2,3,2,3,2,1,3,3,0.875,0.688,0.5,0.375,0.583,0.375,0.0,0.25,KUET,TE,C1_3_20_to_3_49
4,2,2,1,3,3,3,0,0,2,3,4,0,3,0.875,0.5,0.583,0.875,0.75,0.188,-0.25,0.0,KUET,EEE,C0_below_3_20
0,0,4,0,0,2,3,0,4,0,2,3,4,1,0.875,0.5,0.917,0.625,0.083,0.0,0.0,0.0,KUET,EEE,C2_3_50_to_3_74
4,0,3,4,2,0,0,2,0,3,1,1,3,1,0.875,0.625,0.417,0.25,0.417,0.0,0.25,-0.125,KUET,IEM,C1_3_20_to_3_49
0,0,3,3,3,0,2,0,2,3,1,2,1,4,0.875,0.625,0.583,0.375,0.333,0.0,0.0,0.125,KUET,ChE,C3_3_75_plus
2,1,3,4,4,2,0,2,4,2,2,4,1,2,0.875,0.812,0.25,0.75,0.417,0.5,0.5,0.625,KUET,MTE,C3_3_75_plus
4,2,2,3,0,0,0,3,4,2,3,4,1,2,0.875,0.438,0.167,0.875,0.667,0.0,0.25,0.75,KUET,CE,C0_below_3_20
0,1,4,2,2,1,1,3,1,2,2,3,3,4,0.875,0.625,0.417,0.625,0.417,0.125,0.0,0.125,KUET,TE,C2_3_50_to_3_74
4,2,3,0,3,4,4,0,1,4,4,2,0,1,0.875,0.375,0.667,0.75,0.583,0.0,-1.0,0.125,KUET,ME,C1_3_20_to_3_49
4,2,2,0,0,1,0,1,1,3,1,0,1,1,0.875,0.188,0.333,0.125,0.583,0.0,-0.75,0.125,KUET,ESE,C3_3_75_plus
0,2,2,4,4,4,4,3,0,1,4,0,1,2,0.875,0.812,0.5,0.5,0.333,1.0,0.75,0.25,KUET,EEE,C1_3_20_to_3_49
0,2,3,3,2,3,0,1,4,4,2,2,1,1,0.875,0.5,0.333,0.5,0.25,0.562,-0.25,0.5,KUET,CE,C1_3_20_to_3_49
4,1,2,2,1,3,2,3,4,1,3,0,2,0,0.875,0.5,0.417,0.375,0.417,0.375,0.25,0.625,KUET,MSE,C2_3_50_to_3_74
0,0,4,3,1,2,4,4,3,0,2,2,2,0,0.875,0.75,0.5,0.5,0.0,0.375,0.75,0.625,KUET,IEM,C3_3_75_plus
2,4,4,1,3,1,1,3,1,3,1,0,0,0,0.875,0.562,0.167,0.125,0.5,0.062,-0.5,0.5,KUET,BME,C3_3_75_plus
0,0,2,1,0,0,4,1,1,0,2,1,3,3,0.875,0.438,0.833,0.375,0.25,0.0,0.25,-0.125,KUET,ARCH,C3_3_75_plus
0,4,4,0,3,2,4,0,3,3,4,0,1,3,0.875,0.5,0.75,0.5,0.583,0.0,-0.75,0.25,KUET,BECM,C2_3_50_to_3_74
0,1,3,1,4,1,3,0,3,3,4,4,0,4,0.875,0.562,0.583,1.0,0.417,0.062,-0.5,0.375,KUET,CSE,C0_below_3_20
0,3,2,1,3,0,4,0,0,4,3,0,1,3,0.875,0.375,0.75,0.375,0.5,0.0,-0.75,-0.125,KUET,ME,C1_3_20_to_3_49
0,2,4,4,2,4,0,0,4,3,4,0,0,0,0.875,0.688,0.333,0.5,0.167,1.0,0.25,0.5,KUET,TE,C1_3_20_to_3_49
0,3,3,4,2,1,3,2,0,1,1,4,3,2,0.875,0.75,0.667,0.625,0.417,0.25,0.75,-0.125,KUET,ME,C1_3_20_to_3_49
0,0,2,3,3,1,1,1,4,2,4,0,1,1,0.875,0.625,0.417,0.5,0.083,0.188,0.25,0.5,KUET,LE,C0_below_3_20
0,4,4,1,0,4,2,2,3,1,3,2,0,2,0.875,0.5,0.333,0.625,0.5,0.25,0.0,0.625,KUET,URP,C1_3_20_to_3_49
2,4,3,4,4,3,4,0,3,1,4,1,0,0,0.875,0.875,0.667,0.625,0.5,0.75,0.75,0.375,KUET,CE,C1_3_20_to_3_49
0,0,2,0,2,2,4,0,0,0,1,3,0,0,0.875,0.5,0.667,0.5,0.0,0.0,0.0,0.0,KUET,BECM,C0_below_3_20
0,2,2,2,2,2,2,0,1,3,3,2,1,2,0.875,0.438,0.583,0.625,0.333,0.25,-0.25,0.0,KUET,MSE,C0_below_3_20
4,1,3,1,1,3,0,2,3,2,1,3,1,4,0.875,0.438,0.25,0.5,0.75,0.188,-0.25,0.5,KUET,EEE,C1_3_20_to_3_49
0,4,3,2,1,2,4,2,1,4,1,1,1,0,0.875,0.375,0.583,0.25,0.333,0.25,-0.5,0.25,KUET,LE,C0_below_3_20
2,4,3,2,0,4,4,2,1,3,3,1,0,1,0.875,0.375,0.5,0.5,0.583,0.5,-0.25,0.375,KUET,URP,C3_3_75_plus
0,2,3,0,2,2,2,3,2,4,2,4,4,0,0.875,0.312,0.583,0.75,0.167,0.0,-1.0,0.125,KUET,EEE,C1_3_20_to_3_49
0,2,3,2,3,1,2,0,2,0,1,0,2,3,0.875,0.75,0.667,0.125,0.417,0.125,0.5,0.0,KUET,URP,C3_3_75_plus
0,1,4,4,3,1,4,0,0,2,1,1,1,1,0.875,0.812,0.75,0.25,0.167,0.25,0.5,-0.125,KUET,CE,C0_below_3_20
0,4,3,2,1,4,0,0,0,0,4,3,3,1,0.875,0.625,0.583,0.875,0.417,0.5,0.5,-0.375,KUET,ChE,C3_3_75_plus
0,0,3,0,2,0,3,0,3,4,0,4,0,1,0.875,0.312,0.583,0.5,0.083,0.0,-1.0,0.375,KUET,IEM,C1_3_20_to_3_49
0,3,3,1,3,0,2,3,0,3,0,3,2,4,0.875,0.5,0.417,0.375,0.583,0.0,-0.5,0.125,KUET,LE,C3_3_75_plus
0,2,4,3,1,1,0,4,1,0,4,1,3,3,0.875,0.75,0.25,0.625,0.417,0.188,0.75,0.25,KUET,ME,C2_3_50_to_3_74
0,4,2,2,1,1,3,4,2,3,2,2,2,4,0.875,0.375,0.417,0.5,0.667,0.125,-0.25,0.5,KUET,TE,C3_3_75_plus
0,3,2,4,3,2,0,3,4,2,0,1,4,2,0.875,0.688,0.417,0.125,0.417,0.5,0.5,0.375,KUET,CE,C1_3_20_to_3_49
4,1,3,3,2,4,4,1,1,1,3,3,4,3,0.875,0.688,0.917,0.75,0.667,0.75,0.5,-0.25,KUET,EEE,C3_3_75_plus
2,2,4,0,0,4,0,2,0,3,1,0,3,0,0.875,0.312,0.417,0.125,0.333,0.0,-0.75,-0.125,KUET,LE,C3_3_75_plus
0,2,2,1,2,2,4,0,2,3,1,0,2,1,0.875,0.375,0.833,0.125,0.25,0.125,-0.5,0.0,KUET,URP,C1_3_20_to_3_49
4,2,2,2,1,2,4,4,2,1,2,2,3,3,0.875,0.5,0.583,0.5,0.75,0.25,0.25,0.375,KUET,ME,C2_3_50_to_3_74
0,2,2,1,2,0,3,2,3,0,3,4,2,2,0.875,0.562,0.583,0.875,0.333,0.0,0.25,0.375,KUET,CSE,C1_3_20_to_3_49
0,2,3,4,2,4,1,1,2,0,2,1,0,1,0.875,0.812,0.333,0.375,0.25,1.0,1.0,0.375,KUET,TE,C1_3_20_to_3_49
0,4,4,2,0,2,3,1,0,0,1,3,3,4,0.875,0.625,0.75,0.5,0.667,0.25,0.5,-0.25,KUET,IEM,C2_3_50_to_3_74
2,4,2,0,0,3,2,3,0,2,3,2,0,2,0.875,0.25,0.25,0.625,0.667,0.0,-0.5,0.375,KUET,MTE,C1_3_20_to_3_49
4,4,4,0,1,1,0,2,1,0,1,4,0,2,0.875,0.562,0.167,0.625,0.833,0.0,0.0,0.375,KUET,BECM,C1_3_20_to_3_49
0,4,4,4,0,2,4,3,0,2,0,0,0,4,0.875,0.625,0.417,0.0,0.667,0.5,0.5,0.375,KUET,ESE,C0_below_3_20
0,4,4,4,4,1,0,0,2,4,0,3,0,1,0.875,0.75,0.333,0.375,0.417,0.25,0.0,0.25,KUET,BME,C1_3_20_to_3_49
0,2,4,1,0,3,1,3,1,1,3,4,0,0,0.875,0.5,0.167,0.875,0.167,0.188,0.0,0.5,KUET,MSE,C2_3_50_to_3_74
0,2,2,1,4,2,1,1,0,4,3,2,2,2,0.875,0.438,0.5,0.625,0.333,0.125,-0.75,-0.125,KUET,BECM,C2_3_50_to_3_74
4,2,3,3,0,4,3,3,0,2,0,1,2,0,0.875,0.5,0.5,0.125,0.5,0.75,0.25,0.125,KUET,EEE,C3_3_75_plus
0,1,3,3,2,0,0,1,0,2,0,1,2,1,0.875,0.625,0.417,0.125,0.167,0.0,0.25,-0.125,KUET,CE,C1_3_20_to_3_49
0,2,4,1,3,2,1,1,4,1,4,2,3,0,0.875,0.688,0.583,0.75,0.167,0.125,0.0,0.25,KUET,ARCH,C2_3_50_to_3_74
0,2,4,0,3,2,1,1,1,1,4,3,0,4,0.875,0.625,0.333,0.875,0.5,0.0,-0.25,0.25,KUET,ECE,C0_below_3_20
4,2,4,2,1,2,2,4,3,2,3,0,3,2,0.875,0.562,0.417,0.375,0.667,0.25,0.0,0.5,KUET,MSE,C2_3_50_to_3_74
0,0,3,0,1,4,4,3,4,3,2,4,1,1,0.875,0.312,0.5,0.75,0.083,0.0,-0.75,0.75,KUET,EEE,C0_below_3_20
0,2,2,0,1,0,0,1,3,3,1,2,0,0,0.875,0.25,0.25,0.375,0.167,0.0,-0.75,0.5,KUET,ME,C2_3_50_to_3_74
0,1,2,0,0,2,3,1,0,0,4,2,3,4,0.875,0.375,0.75,0.75,0.417,0.0,0.0,-0.25,KUET,IEM,C2_3_50_to_3_74
0,4,2,3,2,4,0,4,1,1,0,2,0,4,0.875,0.625,0.0,0.25,0.667,0.75,0.5,0.625,KUET,EEE,C2_3_50_to_3_74
0,3,4,0,4,3,4,0,2,0,1,4,3,4,0.875,0.75,0.917,0.625,0.583,0.0,0.0,-0.125,KUET,ECE,C1_3_20_to_3_49
0,4,2,2,0,0,1,4,1,4,1,2,4,4,0.875,0.25,0.417,0.375,0.667,0.0,-0.5,0.125,KUET,ME,C1_3_20_to_3_49
2,4,3,3,1,4,4,4,4,3,2,3,0,4,0.875,0.5,0.333,0.625,0.833,0.75,0.0,1.0,KUET,MTE,C0_below_3_20
0,1,2,0,2,0,0,4,3,0,1,2,4,4,0.875,0.5,0.333,0.375,0.417,0.0,0.0,0.375,KUET,LE,C2_3_50_to_3_74
0,3,3,4,3,4,2,0,1,3,4,4,3,4,0.875,0.688,0.75,1.0,0.583,1.0,0.25,-0.25,KUET,MSE,C0_below_3_20
0,4,2,0,4,0,0,1,2,3,0,0,4,3,0.875,0.438,0.583,0.0,0.583,0.0,-0.75,-0.125,KUET,MSE,C0_below_3_20
4,3,4,4,1,4,1,4,2,3,3,4,4,2,0.875,0.625,0.417,0.875,0.75,1.0,0.25,0.25,KUET,TE,C1_3_20_to_3_49
2,3,4,1,2,1,4,1,3,2,4,4,3,4,0.875,0.562,0.833,1.0,0.75,0.062,-0.25,0.125,KUET,TE,C3_3_75_plus
0,4,3,3,4,2,0,0,1,1,3,2,2,4,0.875,0.812,0.5,0.625,0.667,0.375,0.5,-0.125,KUET,ESE,C3_3_75_plus
2,0,3,1,2,3,1,3,3,4,0,4,3,1,0.875,0.375,0.417,0.5,0.25,0.188,-0.75,0.375,KUET,ChE,C0_below_3_20
0,4,2,2,0,2,3,0,2,4,0,2,2,0,0.875,0.25,0.75,0.25,0.333,0.25,-0.5,0.0,KUET,ARCH,C0_below_3_20
0,2,4,3,3,3,4,2,2,3,2,3,0,2,0.875,0.688,0.5,0.625,0.333,0.562,0.0,0.5,KUET,BME,C2_3_50_to_3_74
2,1,4,2,0,1,3,2,1,1,2,4,4,2,0.875,0.562,0.75,0.75,0.417,0.125,0.25,-0.125,KUET,CE,C2_3_50_to_3_74
0,3,4,4,0,0,2,2,1,2,1,0,4,3,0.875,0.625,0.667,0.125,0.5,0.0,0.5,-0.125,KUET,URP,C3_3_75_plus
4,3,2,3,1,1,4,1,2,1,4,4,0,3,0.875,0.562,0.583,1.0,0.833,0.188,0.5,0.375,KUET,ME,C0_below_3_20
4,2,2,3,3,4,3,1,3,1,1,3,0,0,0.875,0.688,0.5,0.5,0.5,0.75,0.5,0.5,KUET,LE,C1_3_20_to_3_49
4,0,2,0,3,3,1,1,0,4,0,1,2,2,0.875,0.312,0.5,0.125,0.5,0.0,-1.0,-0.125,KUET,CE,C2_3_50_to_3_74
0,2,3,0,3,0,1,2,1,4,1,0,4,2,0.875,0.375,0.583,0.125,0.333,0.0,-1.0,-0.125,KUET,ME,C2_3_50_to_3_74
0,3,2,4,1,2,2,2,4,1,1,3,1,4,0.875,0.625,0.417,0.5,0.583,0.5,0.75,0.625,KUET,BECM,C3_3_75_plus
0,1,4,1,3,1,4,1,4,4,4,3,2,3,0.875,0.5,0.75,0.875,0.333,0.062,-0.75,0.375,KUET,BECM,C0_below_3_20
0,1,4,1,4,4,2,1,4,0,3,4,0,2,0.875,0.812,0.417,0.875,0.25,0.25,0.25,0.625,KUET,CSE,C2_3_50_to_3_74
2,4,3,2,0,4,2,1,4,0,0,4,3,3,0.875,0.562,0.667,0.5,0.75,0.5,0.5,0.25,KUET,ECE,C2_3_50_to_3_74
0,0,4,0,4,4,1,1,0,4,4,0,0,2,0.875,0.5,0.333,0.5,0.167,0.0,-1.0,0.125,KUET,CE,C0_below_3_20
0,3,4,1,4,2,1,0,1,3,2,0,2,4,0.875,0.625,0.583,0.25,0.583,0.125,-0.5,-0.125,KUET,EEE,C2_3_50_to_3_74
0,3,4,0,2,2,1,4,0,1,2,1,2,0,0.875,0.562,0.25,0.375,0.25,0.0,-0.25,0.25,KUET,EEE,C3_3_75_plus
0,1,4,4,2,4,4,3,0,3,2,2,2,1,0.875,0.688,0.583,0.5,0.167,1.0,0.25,0.125,KUET,IEM,C2_3_50_to_3_74
0,4,3,4,2,3,2,4,0,4,3,1,1,3,0.875,0.562,0.25,0.5,0.583,0.75,0.0,0.375,KUET,URP,C3_3_75_plus
4,2,3,4,0,2,4,1,4,0,3,0,4,4,0.875,0.688,0.917,0.375,0.833,0.5,1.0,0.125,KUET,MTE,C1_3_20_to_3_49
0,1,4,1,3,2,3,2,4,1,0,2,4,0,0.875,0.688,0.75,0.25,0.083,0.125,0.0,0.25,KUET,LE,C1_3_20_to_3_49
2,0,3,1,4,2,4,0,1,4,2,4,2,4,0.875,0.5,0.833,0.75,0.5,0.125,-0.75,-0.125,KUET,URP,C0_below_3_20
0,3,2,1,1,0,3,4,2,1,3,4,2,0,0.875,0.438,0.417,0.875,0.25,0.0,0.0,0.5,KUET,ME,C2_3_50_to_3_74
4,2,2,4,2,1,0,2,2,4,3,1,1,0,0.875,0.5,0.25,0.5,0.5,0.25,0.0,0.375,KUET,ChE,C3_3_75_plus
0,4,3,1,4,1,2,4,0,1,4,0,4,3,0.875,0.688,0.5,0.5,0.583,0.062,0.0,0.0,KUET,TE,C1_3_20_to_3_49
4,0,4,0,2,1,2,2,1,0,4,0,2,1,0.875,0.625,0.5,0.5,0.417,0.0,0.0,0.125,KUET,ESE,C0_below_3_20
0,3,4,2,1,1,2,1,3,3,3,0,0,2,0.875,0.5,0.417,0.375,0.417,0.125,-0.25,0.5,KUET,TE,C2_3_50_to_3_74
2,4,4,3,4,2,2,0,3,3,2,1,4,1,0.875,0.75,0.833,0.375,0.583,0.375,0.0,-0.125,KUET,BME,C0_below_3_20
0,3,3,2,3,2,3,4,0,4,4,0,0,1,0.875,0.5,0.25,0.5,0.333,0.25,-0.5,0.5,KUET,ARCH,C1_3_20_to_3_49
0,2,4,3,1,0,0,3,4,1,0,4,0,0,0.875,0.688,0.083,0.5,0.167,0.0,0.5,0.875,KUET,ME,C1_3_20_to_3_49
0,1,2,0,0,4,1,1,0,2,0,2,0,4,0.875,0.25,0.333,0.25,0.417,0.0,-0.5,0.125,KUET,BECM,C2_3_50_to_3_74
0,1,4,4,1,0,2,2,2,0,3,2,0,4,0.875,0.812,0.333,0.625,0.417,0.0,1.0,0.5,KUET,MSE,C1_3_20_to_3_49
0,2,3,2,3,3,4,1,3,0,0,1,4,2,0.875,0.75,0.917,0.125,0.333,0.375,0.5,0.0,KUET,BECM,C3_3_75_plus
0,0,2,1,3,1,1,0,2,3,2,3,3,1,0.875,0.438,0.667,0.625,0.083,0.062,-0.5,-0.125,KUET,EEE,C0_below_3_20
2,1,2,1,0,4,2,3,0,1,2,3,1,0,0.875,0.375,0.333,0.625,0.25,0.25,0.0,0.25,KUET,CE,C3_3_75_plus
4,3,4,0,1,4,0,2,3,3,3,2,0,2,0.875,0.375,0.167,0.625,0.75,0.0,-0.75,0.625,KUET,IEM,C1_3_20_to_3_49
0,3,2,3,4,3,1,2,1,0,2,3,1,3,0.875,0.812,0.333,0.625,0.5,0.562,0.75,0.25,KUET,ECE,C2_3_50_to_3_74
0,0,4,0,4,2,2,1,0,2,0,0,1,3,0.875,0.625,0.5,0.0,0.25,0.0,-0.5,0.0,KUET,CE,C3_3_75_plus
0,3,3,2,0,3,4,2,2,2,0,3,1,0,0.875,0.438,0.583,0.375,0.25,0.375,0.0,0.375,KUET,MSE,C3_3_75_plus
0,0,4,3,0,0,4,4,0,0,0,2,1,0,0.875,0.688,0.417,0.25,0.0,0.0,0.75,0.375,KUET,ME,C3_3_75_plus
2,3,3,2,4,1,4,4,4,0,3,1,4,3,0.875,0.812,0.667,0.5,0.667,0.125,0.5,0.5,KUET,CSE,C0_below_3_20
0,0,3,3,4,0,0,4,3,3,3,2,4,4,0.875,0.688,0.333,0.625,0.333,0.0,0.0,0.375,KUET,LE,C0_below_3_20
4,3,3,0,1,1,2,0,4,1,3,2,0,4,0.875,0.438,0.5,0.625,0.917,0.0,-0.25,0.5,KUET,EEE,C1_3_20_to_3_49
0,4,3,0,3,2,3,1,2,0,0,4,1,1,0.875,0.625,0.583,0.5,0.417,0.0,0.0,0.25,KUET,EEE,C1_3_20_to_3_49
4,4,2,0,3,1,3,4,3,0,0,3,3,0,0.875,0.562,0.5,0.375,0.667,0.0,0.0,0.5,KUET,URP,C2_3_50_to_3_74
4,1,2,4,2,0,0,4,4,2,4,0,3,4,0.875,0.625,0.25,0.5,0.75,0.0,0.5,0.625,KUET,IEM,C0_below_3_20
0,0,3,0,4,0,1,4,3,0,2,3,0,2,0.875,0.688,0.083,0.625,0.167,0.0,0.0,0.875,KUET,CE,C2_3_50_to_3_74
0,2,3,3,4,0,4,0,1,3,0,4,0,0,0.875,0.688,0.667,0.5,0.167,0.0,0.0,0.125,KUET,EEE,C2_3_50_to_3_74
4,2,4,4,2,3,0,3,0,3,2,2,3,1,0.875,0.688,0.333,0.5,0.583,0.75,0.25,0.0,KUET,LE,C0_below_3_20
0,3,4,2,1,3,0,2,4,0,0,4,0,2,0.875,0.688,0.167,0.5,0.417,0.375,0.5,0.75,KUET,ME,C1_3_20_to_3_49
0,2,2,0,2,2,4,0,2,4,3,2,0,3,0.875,0.25,0.667,0.625,0.417,0.0,-1.0,0.25,KUET,BME,C0_below_3_20
0,3,2,3,1,3,1,2,2,0,4,2,1,3,0.875,0.625,0.333,0.75,0.5,0.562,0.75,0.375,KUET,CE,C1_3_20_to_3_49
2,3,4,0,0,2,2,1,1,3,4,4,2,3,0.5,0.312,0.583,1.0,0.667,0.0,-0.75,0.0,KUET,CSE,C2_3_50_to_3_74
2,3,2,0,1,0,3,1,4,2,2,2,1,2,0.875,0.312,0.583,0.5,0.583,0.0,-0.5,0.5,KUET,CSE,C1_3_20_to_3_49
3,4,3,2,0,2,2,3,3,1,3,4,2,2,0.875,0.5,0.417,0.875,0.75,0.25,0.25,0.5,KUET,CSE,C2_3_50_to_3_74
3,3,3,2,0,2,3,0,0,1,1,3,3,2,0.875,0.5,0.833,0.5,0.667,0.25,0.25,-0.375,KUET,CSE,C2_3_50_to_3_74
2,4,4,2,2,3,3,1,0,0,3,4,2,3,0.5,0.75,0.667,0.875,0.75,0.375,0.5,-0.125,KUET,CSE,C2_3_50_to_3_74
3,2,4,2,0,1,0,3,0,4,3,3,3,3,0.875,0.375,0.333,0.75,0.667,0.125,-0.5,0.0,KUET,MSE,C3_3_75_plus
1,0,1,1,1,1,0,3,1,4,2,3,2,1,0.875,0.188,0.25,0.625,0.167,0.062,-0.75,0.25,KUET,MSE,C2_3_50_to_3_74
3,1,4,2,3,3,2,3,2,2,1,1,2,1,0.875,0.688,0.417,0.25,0.417,0.375,0.0,0.375,KUET,MSE,C1_3_20_to_3_49
1,3,2,2,1,0,0,4,1,4,4,0,2,1,0.875,0.312,0.167,0.5,0.417,0.0,-0.5,0.375,KUET,MSE,C2_3_50_to_3_74
2,4,3,0,0,3,1,2,2,2,4,2,0,2,0.375,0.312,0.25,0.75,0.667,0.0,-0.5,0.5,KUET,CSE,C1_3_20_to_3_49
2,4,4,2,2,1,2,2,0,2,2,0,2,0,0.375,0.625,0.5,0.25,0.5,0.125,0.0,0.0,KUET,CSE,C0_below_3_20
3,4,3,0,0,2,1,1,2,4,1,3,2,2,0.375,0.188,0.5,0.5,0.75,0.0,-1.0,0.125,KUET,CSE,C1_3_20_to_3_49
2,0,4,0,1,0,2,0,1,4,3,1,2,0,0.375,0.312,0.667,0.5,0.167,0.0,-1.0,-0.125,KUET,CSE,C1_3_20_to_3_49
2,4,3,2,3,1,1,2,2,2,1,0,1,0,0.375,0.625,0.333,0.125,0.5,0.125,0.0,0.375,KUET,CSE,C0_below_3_20
2,4,4,3,2,2,1,2,3,2,2,4,2,3,0.375,0.688,0.417,0.75,0.75,0.375,0.25,0.375,KUET,CSE,C1_3_20_to_3_49
3,4,4,3,2,3,3,2,3,1,3,4,3,3,0.125,0.75,0.667,0.875,0.833,0.562,0.5,0.25,KUET,CSE,C2_3_50_to_3_74
3,4,4,0,0,2,2,2,4,2,3,3,2,1,0.125,0.375,0.5,0.75,0.667,0.0,-0.5,0.5,KUET,CSE,C1_3_20_to_3_49
2,4,3,2,1,2,0,3,2,3,2,2,2,2,0.125,0.438,0.25,0.5,0.667,0.25,-0.25,0.375,KUET,CSE,C2_3_50_to_3_74
2,3,3,1,1,1,0,1,1,2,0,2,2,2,0.125,0.438,0.417,0.25,0.583,0.062,-0.25,0.0,KUET,CSE,C0_below_3_20
2,4,4,2,1,1,1,2,1,3,3,2,2,2,0.125,0.5,0.417,0.625,0.667,0.125,-0.25,0.125,KUET,CSE,C3_3_75_plus
2,3,3,1,2,2,2,3,1,2,1,2,3,3,0.125,0.5,0.5,0.375,0.667,0.125,-0.25,0.125,KUET,CSE,C1_3_20_to_3_49
3,4,4,1,3,1,3,3,3,4,1,3,2,2,0.125,0.5,0.5,0.5,0.75,0.062,-0.75,0.5,KUET,CSE,C3_3_75_plus
3,4,2,1,2,2,1,3,1,2,3,4,3,3,0.375,0.438,0.417,0.875,0.833,0.125,-0.25,0.125,KUET,CSE,C0_below_3_20
3,4,2,2,0,1,2,3,2,3,4,0,0,3,0.375,0.312,0.25,0.5,0.833,0.125,-0.25,0.625,KUET,CSE,C0_below_3_20
3,4,4,1,1,3,1,3,1,2,3,3,1,4,0.875,0.5,0.25,0.75,0.917,0.188,-0.25,0.375,KUET,CSE,C2_3_50_to_3_74
2,3,3,1,0,2,3,3,0,2,1,2,1,2,0.875,0.375,0.417,0.375,0.583,0.125,-0.25,0.25,KUET,CSE,C0_below_3_20
3,4,3,3,1,1,1,1,2,3,2,3,0,2,0.375,0.5,0.333,0.625,0.75,0.188,0.0,0.375,KUET,CSE,C1_3_20_to_3_49
2,3,4,1,1,0,3,3,1,2,3,3,0,1,0.875,0.5,0.333,0.75,0.5,0.0,-0.25,0.5,KUET,CSE,C1_3_20_to_3_49
2,4,3,1,1,2,1,2,1,4,2,3,2,1,0.375,0.312,0.417,0.625,0.583,0.125,-0.75,0.125,KUET,CSE,C2_3_50_to_3_74
3,4,4,1,1,2,2,3,0,3,2,3,3,2,0.375,0.438,0.5,0.625,0.75,0.125,-0.5,0.0,KUET,CSE,C2_3_50_to_3_74
1,0,3,2,2,2,2,3,2,2,3,2,2,2,0.125,0.562,0.417,0.625,0.25,0.25,0.0,0.375,KUET,Unknown,C1_3_20_to_3_49
1,3,2,0,1,0,4,3,0,4,3,1,0,1,0.125,0.188,0.417,0.5,0.417,0.0,-1.0,0.375,KUET,CSE,C0_below_3_20
0,0,1,1,0,0,3,3,0,3,3,0,0,0,0.375,0.188,0.333,0.375,0.0,0.0,-0.5,0.375,KUET,CSE,C1_3_20_to_3_49
1,2,4,0,1,1,1,4,0,2,2,1,2,0,0.125,0.438,0.25,0.375,0.25,0.0,-0.5,0.25,KUET,CSE,C2_3_50_to_3_74
2,3,4,2,2,1,1,3,0,3,0,3,2,1,0.375,0.562,0.333,0.375,0.5,0.125,-0.25,0.125,KUET,CSE,C3_3_75_plus
2,4,4,2,2,2,0,2,1,3,1,3,2,3,0.25,0.562,0.333,0.5,0.75,0.25,-0.25,0.125,KUET,CSE,C3_3_75_plus
3,4,4,4,3,1,0,3,0,2,4,2,2,2,0.125,0.812,0.25,0.75,0.75,0.25,0.5,0.125,KUET,CSE,C3_3_75_plus
3,3,3,2,1,2,1,2,1,3,2,2,2,1,0.875,0.438,0.417,0.5,0.583,0.25,-0.25,0.125,KUET,MSE,C1_3_20_to_3_49
3,4,4,1,4,2,2,2,0,2,2,3,2,2,0.125,0.688,0.5,0.625,0.75,0.125,-0.25,0.0,KUET,CSE,C3_3_75_plus
2,4,4,1,2,1,1,3,1,2,2,3,2,2,0.125,0.562,0.333,0.625,0.667,0.062,-0.25,0.25,KUET,CSE,C1_3_20_to_3_49
4,4,3,2,0,2,3,3,1,2,4,4,2,3,0.125,0.438,0.5,1.0,0.917,0.25,0.0,0.25,KUET,CSE,C1_3_20_to_3_49
3,3,3,3,2,2,3,3,1,3,3,2,2,2,0.125,0.562,0.5,0.625,0.667,0.375,0.0,0.25,KUET,CSE,C2_3_50_to_3_74
4,2,4,1,4,1,1,0,0,3,2,1,2,3,0.125,0.625,0.583,0.375,0.75,0.062,-0.5,-0.25,KUET,CSE,C0_below_3_20
0,2,3,1,0,2,4,1,1,2,3,3,0,4,0.875,0.375,0.583,0.75,0.5,0.125,-0.25,0.25,KUET,CSE,C2_3_50_to_3_74
3,4,3,4,2,2,1,3,1,4,3,3,3,2,0.125,0.562,0.417,0.75,0.75,0.5,0.0,0.125,KUET,CSE,C2_3_50_to_3_74
3,4,4,3,3,2,1,3,1,2,3,3,2,2,0.125,0.75,0.333,0.75,0.75,0.375,0.25,0.25,KUET,CSE,C3_3_75_plus
2,4,2,2,3,0,0,1,4,3,3,3,3,4,0.875,0.5,0.5,0.75,0.833,0.0,-0.25,0.25,KUET,ME,C2_3_50_to_3_74
1,4,3,3,2,1,0,3,0,4,2,4,0,0,0.125,0.5,0.083,0.75,0.417,0.188,-0.25,0.375,KUET,CSE,C3_3_75_plus
3,3,4,3,0,1,2,3,2,2,3,3,2,3,0.125,0.562,0.417,0.75,0.75,0.188,0.25,0.375,KUET,CSE,C2_3_50_to_3_74
0,4,2,3,1,0,4,3,2,0,4,4,4,4,0.875,0.625,0.75,1.0,0.667,0.0,0.75,0.125,KUET,CE,C3_3_75_plus
2,2,4,1,2,3,2,4,1,4,1,3,0,3,0.125,0.438,0.167,0.5,0.583,0.188,-0.75,0.625,KUET,CSE,C2_3_50_to_3_74
0,1,2,1,0,0,4,4,3,3,4,4,2,4,0.875,0.25,0.5,1.0,0.417,0.0,-0.5,0.625,KUET,TE,C2_3_50_to_3_74
2,2,3,1,1,0,1,1,1,1,1,0,0,2,0.875,0.5,0.333,0.125,0.5,0.0,0.0,0.25,KUET,CSE,C0_below_3_20
4,4,4,2,4,3,1,2,0,3,4,3,2,3,0.125,0.688,0.417,0.875,0.917,0.375,-0.25,0.0,KUET,CSE,C2_3_50_to_3_74
1,4,4,2,0,1,1,3,4,2,3,0,1,2,0.125,0.5,0.25,0.375,0.583,0.125,0.0,0.75,KUET,CSE,C3_3_75_plus
2,4,2,0,0,0,2,2,0,4,3,2,1,2,0.125,0.125,0.417,0.625,0.667,0.0,-1.0,0.125,KUET,CSE,C3_3_75_plus
0,2,4,2,4,0,3,2,2,4,1,3,1,2,0.875,0.625,0.5,0.5,0.333,0.0,-0.5,0.375,KUET,IEM,C2_3_50_to_3_74
0,4,4,3,1,4,4,1,2,0,4,3,2,2,0.875,0.75,0.75,0.875,0.5,0.75,0.75,0.125,KUET,ME,C0_below_3_20
3,4,4,2,0,3,1,2,1,4,3,2,3,3,0.125,0.375,0.5,0.625,0.833,0.375,-0.5,0.0,KUET,CSE,C3_3_75_plus
0,0,3,1,0,2,3,2,0,0,2,0,2,0,0.875,0.5,0.583,0.25,0.0,0.125,0.25,0.0,KUET,IEM,C1_3_20_to_3_49
0,2,3,3,2,0,2,1,1,2,1,3,4,1,0.875,0.625,0.75,0.5,0.25,0.0,0.25,-0.25,KUET,ChE,C3_3_75_plus
2,1,3,2,3,3,1,0,1,0,0,0,1,4,0.875,0.75,0.5,0.0,0.583,0.375,0.5,0.0,KUET,ME,C2_3_50_to_3_74
0,1,2,4,1,0,4,0,2,4,0,0,2,3,0.875,0.438,0.833,0.0,0.333,0.0,0.0,0.0,KUET,CSE,C1_3_20_to_3_49
4,1,4,4,0,0,3,1,1,1,0,4,0,1,0.875,0.688,0.5,0.5,0.5,0.0,0.75,0.25,KUET,TE,C2_3_50_to_3_74
0,0,3,2,3,2,4,1,4,1,3,1,0,4,0.875,0.688,0.583,0.5,0.333,0.25,0.25,0.625,KUET,CE,C0_below_3_20
0,3,2,0,1,4,3,2,1,2,4,4,2,0,0.875,0.312,0.583,1.0,0.25,0.0,-0.5,0.125,KUET,CSE,C2_3_50_to_3_74
3,3,3,3,4,2,1,2,0,2,3,2,2,3,0.125,0.75,0.417,0.625,0.75,0.375,0.25,0.0,KUET,CSE,C2_3_50_to_3_74
2,1,2,2,0,0,1,3,4,2,4,3,2,3,0.875,0.375,0.333,0.875,0.5,0.0,0.0,0.625,KUET,BME,C2_3_50_to_3_74
4,0,3,0,0,0,4,1,1,3,0,3,2,2,0.875,0.25,0.75,0.375,0.5,0.0,-0.75,0.0,KUET,CSE,C0_below_3_20
0,1,4,2,2,3,1,2,4,2,1,2,2,4,0.875,0.625,0.417,0.375,0.417,0.375,0.0,0.5,KUET,BME,C1_3_20_to_3_49
4,0,4,0,0,2,1,1,0,1,3,1,4,4,0.875,0.438,0.667,0.5,0.667,0.0,-0.25,-0.375,KUET,ChE,C2_3_50_to_3_74
3,4,2,2,1,0,2,2,1,4,3,4,1,2,0.125,0.312,0.417,0.875,0.75,0.0,-0.5,0.25,KUET,CSE,C1_3_20_to_3_49
0,3,2,0,4,2,4,4,4,4,0,3,0,2,0.875,0.375,0.333,0.375,0.417,0.0,-1.0,1.0,KUET,CE,C2_3_50_to_3_74
0,0,2,3,3,0,2,3,2,1,1,2,2,4,0.875,0.688,0.417,0.375,0.333,0.0,0.5,0.375,KUET,IEM,C1_3_20_to_3_49
0,1,3,1,0,0,3,0,4,2,2,4,1,0,0.875,0.375,0.667,0.75,0.083,0.0,-0.25,0.375,KUET,CSE,C3_3_75_plus
0,1,4,4,4,1,1,0,4,3,2,3,2,2,0.875,0.812,0.583,0.625,0.25,0.25,0.25,0.25,KUET,ME,C1_3_20_to_3_49
0,3,2,0,0,4,2,1,2,0,0,4,2,1,0.875,0.375,0.583,0.5,0.333,0.0,0.0,0.125,KUET,TE,C0_below_3_20
0,4,2,4,2,0,2,1,2,1,0,4,4,3,0.875,0.688,0.75,0.5,0.583,0.0,0.75,-0.125,KUET,IEM,C0_below_3_20
0,2,4,3,1,0,2,2,3,3,3,2,2,4,0.875,0.562,0.5,0.625,0.5,0.0,0.0,0.375,KUET,CSE,C0_below_3_20
3,4,3,1,0,2,0,3,0,3,4,1,1,0,0.375,0.312,0.167,0.625,0.583,0.125,-0.5,0.25,KUET,CSE,C0_below_3_20
2,4,4,1,1,2,3,3,0,2,2,4,2,1,0.125,0.5,0.5,0.75,0.583,0.125,-0.25,0.125,KUET,Unknown,C1_3_20_to_3_49
2,4,4,2,2,0,1,3,1,2,3,3,2,2,0.125,0.625,0.333,0.75,0.667,0.0,0.0,0.25,KUET,CSE,C1_3_20_to_3_49
2,4,3,4,1,2,0,4,2,4,3,1,1,1,0.125,0.5,0.083,0.5,0.583,0.5,0.0,0.625,KUET,CSE,C2_3_50_to_3_74
2,4,4,0,1,1,0,4,4,3,3,0,0,3,0.125,0.375,0.0,0.375,0.75,0.0,-0.75,1.0,KUET,CSE,C3_3_75_plus
0,4,3,0,1,0,0,4,3,4,3,0,0,2,0.25,0.25,0.0,0.375,0.5,0.0,-1.0,0.875,KUET,CSE,C3_3_75_plus
3,4,3,1,3,3,0,2,1,2,4,3,2,3,0.125,0.562,0.333,0.875,0.833,0.188,-0.25,0.125,KUET,CSE,C0_below_3_20
3,0,3,2,2,0,3,2,0,4,3,0,2,2,0.125,0.438,0.583,0.375,0.417,0.0,-0.5,0.0,KUET,CSE,C1_3_20_to_3_49
2,4,2,4,1,1,1,4,1,2,3,1,1,0,0.125,0.562,0.167,0.5,0.5,0.25,0.5,0.5,KUET,CSE,C2_3_50_to_3_74
3,4,4,2,2,3,2,2,0,1,4,4,3,1,0.125,0.688,0.583,1.0,0.667,0.375,0.25,-0.125,KUET,CSE,C1_3_20_to_3_49
4,4,3,2,0,2,1,1,3,0,4,0,3,4,0.875,0.562,0.583,0.5,1.0,0.25,0.5,0.125,KUET,Unknown,C2_3_50_to_3_74
3,4,4,0,2,2,2,1,1,3,1,1,1,3,0.125,0.438,0.5,0.25,0.833,0.0,-0.75,0.125,KUET,CSE,C1_3_20_to_3_49
3,1,3,0,1,2,2,2,3,4,3,4,0,2,0.125,0.25,0.333,0.875,0.5,0.0,-1.0,0.625,KUET,CSE,C0_below_3_20
3,4,3,1,0,2,1,1,1,3,2,3,1,3,0.875,0.312,0.417,0.625,0.833,0.125,-0.5,0.125,KUET,CSE,C1_3_20_to_3_49
3,4,4,3,2,3,2,1,2,1,2,3,2,3,0.625,0.75,0.583,0.625,0.833,0.562,0.5,0.125,KUET,CSE,C2_3_50_to_3_74
2,4,2,1,1,2,1,2,2,3,3,1,1,1,0.875,0.312,0.333,0.5,0.583,0.125,-0.5,0.375,KUET,CSE,C0_below_3_20
0,4,4,1,2,0,2,2,0,3,2,2,2,1,0.125,0.5,0.5,0.5,0.417,0.0,-0.5,0.0,KUET,CSE,C2_3_50_to_3_74
4,4,4,4,3,3,3,2,1,1,3,3,3,4,0.375,0.875,0.667,0.75,1.0,0.75,0.75,0.0,KUET,EEE,C3_3_75_plus
2,3,2,1,0,3,0,0,2,2,2,2,2,2,0.625,0.312,0.5,0.5,0.583,0.188,-0.25,0.0,KUET,EEE,C2_3_50_to_3_74
2,2,4,2,2,2,3,0,0,2,3,2,2,2,0.25,0.625,0.75,0.625,0.5,0.25,0.0,-0.25,KUET,CSE,C1_3_20_to_3_49
3,4,3,1,4,2,1,2,1,2,3,2,2,2,0.125,0.625,0.417,0.625,0.75,0.125,-0.25,0.125,KUET,CSE,C3_3_75_plus
4,4,4,3,3,3,1,2,1,1,3,4,3,3,0.125,0.812,0.5,0.875,0.917,0.562,0.5,0.0,KUET,CSE,C3_3_75_plus
3,3,3,0,1,1,1,4,1,4,3,3,0,3,0.875,0.25,0.083,0.75,0.75,0.0,-1.0,0.625,KUET,CSE,C2_3_50_to_3_74
3,4,2,1,1,3,2,1,2,1,2,4,3,4,0.5,0.438,0.667,0.75,0.917,0.188,0.0,0.0,KUET,CSE,C2_3_50_to_3_74
2,2,2,0,1,2,1,3,0,3,1,2,0,1,0.625,0.25,0.167,0.375,0.417,0.0,-0.75,0.375,KUET,CSE,C0_below_3_20
2,0,2,0,1,2,3,1,3,4,2,1,1,2,0.625,0.188,0.583,0.375,0.333,0.0,-1.0,0.375,KUET,EEE,C0_below_3_20
2,2,2,2,2,2,2,2,2,2,2,2,2,2,0.625,0.5,0.5,0.5,0.5,0.25,0.0,0.25,KUET,BME,C1_3_20_to_3_49
2,2,2,2,2,2,2,2,2,2,2,2,2,2,0.375,0.5,0.5,0.5,0.5,0.25,0.0,0.25,KUET,EEE,C1_3_20_to_3_49
3,3,3,2,3,3,3,1,3,2,1,2,2,3,0.625,0.625,0.667,0.375,0.75,0.375,0.0,0.25,KUET,CE,C1_3_20_to_3_49
3,2,4,0,0,2,0,0,0,2,3,3,3,2,0.25,0.375,0.583,0.75,0.583,0.0,-0.5,-0.375,KUET,IEM,C1_3_20_to_3_49
2,0,3,2,2,2,1,3,2,2,3,2,2,1,0.625,0.562,0.333,0.625,0.25,0.25,0.0,0.375,KUET,TE,C1_3_20_to_3_49
4,4,4,4,4,4,3,1,0,0,4,3,4,4,0.5,1.0,0.833,0.875,1.0,1.0,1.0,-0.375,KUET,EEE,C3_3_75_plus
2,3,2,0,1,4,2,2,2,3,2,2,2,2,0.375,0.25,0.5,0.5,0.583,0.0,-0.75,0.25,KUET,MTE,C1_3_20_to_3_49
1,1,4,1,1,0,1,3,0,4,2,3,0,1,0.375,0.375,0.167,0.625,0.25,0.0,-0.75,0.375,KUET,EEE,C1_3_20_to_3_49
0,4,4,0,2,0,1,1,0,4,2,2,2,3,0.375,0.375,0.5,0.5,0.583,0.0,-1.0,-0.125,KUET,EEE,C2_3_50_to_3_74
4,4,3,1,1,2,1,2,1,4,3,2,2,1,0.375,0.312,0.417,0.625,0.75,0.125,-0.75,0.125,KUET,EEE,C3_3_75_plus
0,0,2,0,0,1,1,2,1,2,1,2,1,0,0.25,0.25,0.333,0.375,0.0,0.0,-0.5,0.25,KUET,EEE,C2_3_50_to_3_74
2,4,4,4,0,0,3,1,0,4,3,2,2,2,0.375,0.5,0.667,0.625,0.667,0.0,0.0,-0.125,KUET,EEE,C3_3_75_plus
4,3,4,3,4,3,1,1,2,2,3,4,3,3,0.375,0.812,0.583,0.875,0.833,0.562,0.25,0.0,KUET,EEE,C3_3_75_plus
3,4,4,4,3,3,1,2,3,2,2,2,3,3,0.25,0.812,0.5,0.5,0.833,0.75,0.5,0.25,KUET,EEE,C3_3_75_plus
1,4,1,0,1,0,3,2,0,4,3,3,0,2,0.375,0.125,0.417,0.75,0.583,0.0,-1.0,0.25,KUET,EEE,C3_3_75_plus
3,4,3,3,1,0,2,4,0,4,2,1,1,1,0.375,0.438,0.25,0.375,0.667,0.0,-0.25,0.375,KUET,EEE,C3_3_75_plus
2,2,4,3,2,4,1,1,2,1,3,3,2,3,0.875,0.75,0.5,0.75,0.583,0.75,0.5,0.125,KUET,ChE,C2_3_50_to_3_74
4,4,4,1,2,2,2,1,0,3,3,3,3,3,0.375,0.5,0.667,0.75,0.917,0.125,-0.5,-0.25,KUET,EEE,C2_3_50_to_3_74
3,4,4,1,1,2,2,1,0,3,3,2,2,2,0.375,0.438,0.583,0.625,0.75,0.125,-0.5,-0.125,KUET,EEE,C2_3_50_to_3_74
3,4,4,3,2,1,1,2,0,4,4,3,1,3,0.375,0.562,0.333,0.875,0.833,0.188,-0.25,0.125,KUET,EEE,C3_3_75_plus
2,3,3,4,3,2,2,1,2,3,3,2,3,2,0.875,0.688,0.667,0.625,0.583,0.5,0.25,0.0,KUET,ChE,C2_3_50_to_3_74
3,4,4,4,4,2,1,1,2,2,2,3,2,3,0.875,0.875,0.5,0.625,0.833,0.5,0.5,0.125,KUET,ME,C2_3_50_to_3_74
3,4,1,0,1,1,4,3,1,3,2,2,1,2,0.5,0.188,0.5,0.5,0.75,0.0,-0.75,0.375,KUET,CSE,C0_below_3_20
3,4,4,4,4,3,2,1,2,2,3,2,3,3,0.875,0.875,0.667,0.625,0.833,0.75,0.5,0.0,KUET,ME,C2_3_50_to_3_74
2,4,4,2,1,3,0,3,1,4,3,2,1,0,0.875,0.438,0.167,0.625,0.5,0.375,-0.5,0.375,KUET,CSE,C0_below_3_20
2,4,4,3,0,1,2,1,2,2,3,3,2,1,0.875,0.562,0.583,0.75,0.583,0.188,0.25,0.125,KUET,ME,C1_3_20_to_3_49
2,4,4,0,1,0,2,4,0,4,4,0,0,2,0.375,0.312,0.167,0.5,0.667,0.0,-1.0,0.5,KUET,EEE,C2_3_50_to_3_74
0,4,3,0,1,0,1,3,3,3,1,1,1,0,0.375,0.312,0.25,0.25,0.333,0.0,-0.75,0.625,KUET,EEE,C2_3_50_to_3_74
1,0,4,4,2,1,4,2,1,2,2,0,3,2,0.375,0.75,0.75,0.25,0.25,0.25,0.5,0.0,KUET,EEE,C3_3_75_plus
3,3,3,1,1,0,1,2,4,3,2,1,2,2,0.875,0.375,0.417,0.375,0.667,0.0,-0.5,0.5,KUET,IEM,C2_3_50_to_3_74
0,3,3,1,1,1,1,2,1,1,1,3,3,2,0.875,0.5,0.5,0.5,0.417,0.062,0.0,0.0,KUET,IEM,C1_3_20_to_3_49
2,2,4,0,1,0,1,3,1,4,1,3,1,1,0.875,0.312,0.25,0.5,0.417,0.0,-1.0,0.375,KUET,IEM,C1_3_20_to_3_49
3,3,4,1,0,1,1,1,0,2,2,4,2,4,0.5,0.438,0.5,0.75,0.833,0.062,-0.25,-0.125,KUET,IEM,C1_3_20_to_3_49
3,4,3,3,2,2,0,3,3,2,2,3,2,3,0.625,0.625,0.25,0.625,0.833,0.375,0.25,0.5,KUET,CSE,C1_3_20_to_3_49
3,4,3,3,2,2,1,2,2,2,2,3,3,3,0.625,0.625,0.5,0.625,0.833,0.375,0.25,0.125,KUET,EEE,C1_3_20_to_3_49
2,3,2,1,0,1,0,3,1,3,2,2,2,2,0.75,0.25,0.25,0.5,0.583,0.062,-0.5,0.25,KUET,CSE,C0_below_3_20
3,4,4,3,3,3,2,2,2,1,3,3,3,3,0.5,0.812,0.583,0.75,0.833,0.562,0.5,0.125,KUET,ECE,C2_3_50_to_3_74
3,3,4,3,3,3,2,2,2,2,3,3,3,3,0.625,0.75,0.583,0.75,0.75,0.562,0.25,0.125,KUET,MTE,C2_3_50_to_3_74
0,1,3,0,1,0,0,4,1,2,0,0,1,0,0.875,0.375,0.083,0.0,0.083,0.0,-0.5,0.5,KUET,IEM,C0_below_3_20
3,2,3,2,2,2,0,3,2,3,2,3,2,2,0.75,0.5,0.25,0.625,0.583,0.25,-0.25,0.375,KUET,ESE,C1_3_20_to_3_49
3,3,3,3,3,3,1,2,2,2,2,2,2,2,0.875,0.688,0.417,0.5,0.667,0.562,0.25,0.25,KUET,MTE,C1_3_20_to_3_49
4,4,4,4,3,3,3,2,1,2,3,3,3,3,0.5,0.812,0.667,0.75,0.917,0.75,0.5,0.0,KUET,ARCH,C3_3_75_plus
1,4,4,2,0,1,1,3,1,2,2,3,1,0,0.5,0.5,0.25,0.625,0.417,0.125,0.0,0.375,KUET,CSE,C0_below_3_20
3,4,3,2,2,2,2,2,0,2,3,2,4,2,0.75,0.562,0.667,0.625,0.75,0.25,0.0,-0.25,KUET,CSE,C1_3_20_to_3_49
3,3,3,2,3,3,1,2,1,2,2,2,3,3,0.875,0.625,0.5,0.5,0.75,0.375,0.0,0.0,KUET,CSE,C1_3_20_to_3_49
4,4,4,2,1,3,1,0,0,4,2,4,1,3,0.375,0.438,0.5,0.75,0.917,0.375,-0.5,-0.125,KUET,EEE,C3_3_75_plus
0,2,1,0,1,0,1,4,0,4,2,1,1,0,0.5,0.125,0.167,0.375,0.167,0.0,-1.0,0.375,KUET,CSE,C0_below_3_20
0,4,4,4,4,1,3,2,0,2,4,4,4,0,0.375,0.875,0.75,1.0,0.333,0.25,0.5,-0.25,KUET,CSE,C3_3_75_plus
2,4,3,2,2,2,2,2,0,2,3,2,4,3,0.625,0.562,0.667,0.625,0.75,0.25,0.0,-0.25,KUET,EEE,C1_3_20_to_3_49
4,4,3,2,0,2,3,3,1,2,3,3,2,3,0.875,0.438,0.5,0.75,0.917,0.25,0.0,0.25,KUET,ChE,C1_3_20_to_3_49
3,3,4,0,0,3,1,2,0,3,1,4,2,2,0.375,0.312,0.417,0.625,0.667,0.0,-0.75,0.0,KUET,EEE,C3_3_75_plus
2,4,4,1,1,0,1,4,0,4,2,4,0,1,0.375,0.375,0.083,0.75,0.583,0.0,-0.75,0.5,KUET,EEE,C2_3_50_to_3_74
3,1,4,2,2,2,2,2,0,2,3,2,3,2,0.875,0.625,0.583,0.625,0.5,0.25,0.0,-0.125,KUET,BME,C1_3_20_to_3_49
2,2,2,2,2,2,2,3,3,2,2,2,2,2,0.875,0.5,0.417,0.5,0.5,0.25,0.0,0.5,KUET,ESE,C1_3_20_to_3_49
3,4,4,1,0,2,1,3,1,4,2,2,1,2,0.5,0.312,0.25,0.5,0.75,0.125,-0.75,0.375,KUET,CSE,C3_3_75_plus
2,4,4,2,1,2,1,1,0,3,1,2,2,3,0.375,0.5,0.5,0.375,0.75,0.25,-0.25,-0.125,KUET,EEE,C1_3_20_to_3_49
1,3,4,1,1,1,2,2,0,2,3,4,3,3,0.875,0.5,0.583,0.875,0.583,0.062,-0.25,-0.125,KUET,Unknown,C0_below_3_20
2,4,3,4,2,2,2,1,0,2,2,1,3,1,0.875,0.688,0.667,0.375,0.583,0.5,0.5,-0.25,KUET,ME,C1_3_20_to_3_49
3,4,3,2,0,1,2,2,2,2,3,3,2,2,0.875,0.438,0.5,0.75,0.75,0.125,0.0,0.25,KUET,ME,C1_3_20_to_3_49
2,4,4,0,0,1,1,2,1,4,2,3,2,2,0.375,0.25,0.417,0.625,0.667,0.0,-1.0,0.125,KUET,EEE,C3_3_75_plus
2,4,4,0,1,1,0,4,0,3,2,1,0,0,0.375,0.375,0.0,0.375,0.5,0.0,-0.75,0.5,KUET,EEE,C1_3_20_to_3_49
3,4,3,0,1,0,2,2,0,2,1,4,2,3,0.875,0.375,0.5,0.625,0.833,0.0,-0.5,0.0,KUET,CSE,C2_3_50_to_3_74
3,4,3,1,1,2,2,3,0,2,2,2,3,2,0.875,0.438,0.5,0.5,0.75,0.125,-0.25,0.0,KUET,CSE,C2_3_50_to_3_74
2,4,3,3,0,3,1,3,2,2,3,2,2,2,0.875,0.5,0.333,0.625,0.667,0.562,0.25,0.375,KUET,ME,C1_3_20_to_3_49
2,4,4,4,4,2,1,0,0,2,3,4,3,2,0.875,0.875,0.667,0.875,0.667,0.5,0.5,-0.375,KUET,ME,C3_3_75_plus
2,4,4,4,2,3,2,1,2,1,2,3,2,2,0.875,0.812,0.583,0.625,0.667,0.75,0.75,0.125,KUET,ME,C2_3_50_to_3_74
1,2,3,4,2,2,1,3,0,2,3,3,2,0,0.875,0.688,0.333,0.75,0.25,0.5,0.5,0.125,KUET,ME,C0_below_3_20
2,3,4,1,0,2,0,2,0,2,3,3,2,1,0.5,0.438,0.333,0.75,0.5,0.125,-0.25,0.0,KUET,CSE,C2_3_50_to_3_74
2,2,2,1,1,2,1,2,4,3,2,1,2,1,0.5,0.312,0.417,0.375,0.417,0.125,-0.5,0.5,KUET,CSE,C0_below_3_20
2,2,4,1,2,1,1,3,1,2,3,2,1,2,0.5,0.562,0.25,0.625,0.5,0.062,-0.25,0.375,KUET,Unknown,C2_3_50_to_3_74
2,3,3,0,1,1,2,1,0,1,2,3,2,2,0.5,0.438,0.583,0.625,0.583,0.0,-0.25,-0.125,KUET,CSE,C2_3_50_to_3_74
3,4,4,3,2,2,2,2,2,3,3,3,2,4,0.5,0.625,0.5,0.75,0.917,0.375,0.0,0.25,KUET,CSE,C1_3_20_to_3_49
2,4,4,2,0,1,1,3,1,2,3,4,1,3,0.5,0.5,0.25,0.875,0.75,0.125,0.0,0.375,KUET,CSE,C3_3_75_plus
3,4,4,1,2,2,3,2,1,2,3,4,2,2,0.5,0.562,0.583,0.875,0.75,0.125,-0.25,0.125,KUET,CSE,C3_3_75_plus
1,1,4,2,0,1,2,2,0,2,1,3,1,1,0.5,0.5,0.417,0.5,0.25,0.125,0.0,0.125,KUET,CSE,C3_3_75_plus
3,4,4,4,2,3,2,3,1,1,4,3,1,0,0.5,0.812,0.333,0.875,0.583,0.75,0.75,0.375,KUET,CSE,C3_3_75_plus
2,3,3,2,1,3,1,4,0,3,3,3,2,2,0.5,0.438,0.25,0.75,0.583,0.375,-0.25,0.25,KUET,CSE,C2_3_50_to_3_74
3,3,2,0,0,1,1,2,0,3,3,2,1,2,0.5,0.188,0.333,0.625,0.667,0.0,-0.75,0.125,KUET,CSE,C1_3_20_to_3_49
2,1,4,1,2,1,2,4,0,4,2,3,0,1,0.5,0.438,0.167,0.625,0.333,0.062,-0.75,0.5,KUET,CSE,C0_below_3_20
2,2,3,3,2,2,1,3,1,4,3,3,2,3,0.5,0.5,0.333,0.75,0.583,0.375,-0.25,0.25,KUET,CSE,C3_3_75_plus
2,2,3,3,2,2,0,2,0,3,2,1,1,1,0.375,0.562,0.25,0.375,0.417,0.375,0.0,0.125,KUET,CSE,C1_3_20_to_3_49
2,0,4,3,3,2,2,4,0,3,2,2,1,2,0.875,0.688,0.25,0.5,0.333,0.375,0.0,0.375,KUET,ME,C2_3_50_to_3_74
1,4,4,1,0,1,1,2,1,2,4,3,1,0,0.5,0.438,0.333,0.875,0.417,0.062,-0.25,0.25,KUET,CSE,C3_3_75_plus
2,4,3,1,1,1,0,3,1,3,2,1,1,2,0.375,0.375,0.167,0.375,0.667,0.062,-0.5,0.375,KUET,EEE,C3_3_75_plus
3,4,3,3,2,0,2,1,0,3,3,1,4,3,0.875,0.562,0.75,0.5,0.833,0.0,0.0,-0.375,KUET,ME,C2_3_50_to_3_74
2,4,3,0,1,1,2,2,0,3,2,0,1,2,0.25,0.312,0.417,0.25,0.667,0.0,-0.75,0.125,KUET,CSE,C0_below_3_20
3,4,3,1,1,2,1,2,0,3,3,4,2,3,0.875,0.375,0.417,0.875,0.833,0.125,-0.5,0.0,KUET,ME,C2_3_50_to_3_74
3,4,4,3,4,1,2,4,1,2,3,4,4,4,0.875,0.812,0.5,0.875,0.917,0.188,0.25,0.125,KUET,ME,C1_3_20_to_3_49
0,0,3,1,1,0,1,3,2,3,2,1,1,0,0.875,0.375,0.25,0.375,0.0,0.0,-0.5,0.5,KUET,ME,C0_below_3_20
1,4,4,2,2,1,1,2,1,2,2,1,2,1,0.875,0.625,0.417,0.375,0.5,0.125,0.0,0.125,KUET,ME,C1_3_20_to_3_49
3,4,3,1,0,0,2,2,1,2,3,4,3,4,0.875,0.375,0.583,0.875,0.917,0.0,-0.25,0.0,KUET,ME,C0_below_3_20
3,4,4,2,2,1,0,1,0,2,2,3,2,2,0.875,0.625,0.417,0.625,0.75,0.125,0.0,-0.125,KUET,ME,C3_3_75_plus
2,2,3,2,2,3,0,2,2,2,3,3,2,2,0.5,0.562,0.333,0.75,0.5,0.375,0.0,0.25,KUET,CSE,C1_3_20_to_3_49
2,4,4,2,2,3,3,3,0,2,2,4,0,2,0.5,0.625,0.333,0.75,0.667,0.375,0.0,0.375,KUET,CSE,C2_3_50_to_3_74
0,3,3,2,0,0,0,4,3,3,0,0,0,0,0.875,0.375,0.0,0.0,0.25,0.0,-0.25,0.875,KUET,ME,C1_3_20_to_3_49
0,4,3,4,1,3,1,4,0,0,1,0,1,2,0.875,0.75,0.167,0.125,0.5,0.75,1.0,0.375,KUET,ME,C2_3_50_to_3_74
3,3,2,1,0,2,0,2,2,2,3,3,3,3,0.875,0.312,0.417,0.75,0.75,0.125,-0.25,0.125,KUET,ME,C1_3_20_to_3_49
0,3,4,3,2,3,1,2,3,2,2,1,2,0,0.5,0.688,0.417,0.375,0.25,0.562,0.25,0.375,KUET,CSE,C2_3_50_to_3_74
3,4,4,0,1,1,2,4,2,4,3,1,1,3,0.875,0.312,0.25,0.5,0.833,0.0,-1.0,0.625,KUET,ME,C1_3_20_to_3_49
2,3,4,2,3,1,3,3,1,0,3,1,2,1,0.875,0.812,0.5,0.5,0.5,0.125,0.5,0.25,KUET,ME,C1_3_20_to_3_49
2,4,4,1,1,2,1,2,3,3,3,2,2,2,0.5,0.438,0.417,0.625,0.667,0.125,-0.5,0.375,KUET,CSE,C2_3_50_to_3_74
2,3,3,3,2,1,0,2,0,2,1,3,2,2,0.875,0.625,0.333,0.5,0.583,0.188,0.25,0.0,KUET,Unknown,C0_below_3_20
3,4,4,2,2,2,2,0,3,3,1,3,3,3,0.875,0.562,0.75,0.5,0.833,0.25,-0.25,0.0,KUET,ESE,C1_3_20_to_3_49
2,4,2,4,2,2,2,2,1,2,3,0,0,1,0.875,0.625,0.333,0.375,0.583,0.5,0.5,0.375,KUET,ME,C2_3_50_to_3_74
1,4,2,0,1,1,0,2,0,4,3,2,0,2,0.5,0.188,0.167,0.625,0.583,0.0,-1.0,0.25,KUET,CSE,C2_3_50_to_3_74
4,4,4,4,4,3,3,2,0,2,3,3,3,3,0.875,0.875,0.667,0.75,0.917,0.75,0.5,-0.125,KUET,IEM,C3_3_75_plus
3,4,3,2,2,2,3,3,1,3,2,3,2,4,0.875,0.5,0.5,0.625,0.917,0.25,-0.25,0.25,KUET,IEM,C1_3_20_to_3_49
2,2,4,2,2,3,2,2,2,3,4,4,2,2,0.875,0.562,0.5,1.0,0.5,0.375,-0.25,0.25,KUET,ME,C1_3_20_to_3_49
2,3,4,4,2,1,1,2,1,3,2,2,3,3,0.875,0.688,0.5,0.5,0.667,0.25,0.25,0.0,KUET,ME,C1_3_20_to_3_49
3,4,3,2,0,2,3,1,1,2,3,3,2,3,0.75,0.438,0.667,0.75,0.833,0.25,0.0,0.0,KUET,IEM,C1_3_20_to_3_49
3,3,3,1,0,2,0,3,4,2,3,1,0,2,0.75,0.375,0.083,0.5,0.667,0.125,-0.25,0.875,KUET,MSE,C2_3_50_to_3_74
4,2,4,4,3,3,2,1,2,2,4,4,3,3,0.75,0.812,0.667,1.0,0.75,0.75,0.5,0.0,KUET,MSE,C3_3_75_plus
3,4,4,1,1,2,3,3,2,3,3,3,2,3,0.875,0.438,0.5,0.75,0.833,0.125,-0.5,0.375,KUET,Unknown,C1_3_20_to_3_49
3,2,3,0,1,2,3,4,3,1,2,2,1,2,0.625,0.438,0.333,0.5,0.583,0.0,-0.25,0.75,KUET,MSE,C0_below_3_20
4,4,3,1,2,2,4,1,1,0,1,4,1,4,0.75,0.625,0.667,0.625,1.0,0.125,0.25,0.125,KUET,Unknown,C2_3_50_to_3_74
2,1,3,1,1,1,1,4,0,3,0,0,0,2,0.5,0.375,0.083,0.0,0.417,0.062,-0.5,0.5,KUET,CSE,C0_below_3_20
3,4,3,2,1,2,1,3,2,3,2,2,1,2,0.875,0.438,0.25,0.5,0.75,0.25,-0.25,0.5,KUET,CSE,C1_3_20_to_3_49
2,4,4,2,2,3,1,3,0,4,3,3,1,3,0.5,0.5,0.25,0.75,0.75,0.375,-0.5,0.25,KUET,CSE,C3_3_75_plus
3,4,3,3,2,1,1,3,3,2,1,1,3,2,0.875,0.625,0.417,0.25,0.75,0.188,0.25,0.375,KUET,ME,C0_below_3_20
2,4,2,1,1,1,3,2,4,2,1,3,1,2,0.875,0.375,0.5,0.5,0.667,0.062,-0.25,0.625,KUET,CSE,C1_3_20_to_3_49
2,0,4,4,2,1,1,0,4,1,2,4,2,2,0.875,0.812,0.583,0.75,0.333,0.25,0.75,0.25,KUET,Unknown,C1_3_20_to_3_49
0,4,3,2,2,0,1,4,3,3,3,2,3,0,0.375,0.5,0.333,0.625,0.333,0.0,-0.25,0.5,KUET,EEE,C2_3_50_to_3_74
1,4,2,4,0,1,1,3,2,3,2,0,1,0,0.5,0.438,0.25,0.25,0.417,0.25,0.25,0.5,KUET,CSE,C0_below_3_20
3,4,3,0,1,2,2,3,2,4,3,4,2,1,0.625,0.25,0.417,0.875,0.667,0.0,-1.0,0.375,KUET,CSE,C1_3_20_to_3_49
0,4,3,2,0,2,1,2,0,4,3,3,2,0,0.625,0.312,0.417,0.75,0.333,0.25,-0.5,0.0,KUET,CSE,C1_3_20_to_3_49
2,4,3,1,3,3,3,2,2,4,3,2,3,3,0.625,0.438,0.667,0.625,0.75,0.188,-0.75,0.125,KUET,CSE,C1_3_20_to_3_49
3,0,2,1,0,0,1,2,1,2,4,4,2,2,0.5,0.312,0.417,1.0,0.417,0.0,-0.25,0.125,KUET,CSE,C2_3_50_to_3_74
3,4,3,1,0,2,2,3,0,4,3,4,2,3,0.5,0.25,0.417,0.875,0.833,0.125,-0.75,0.125,KUET,CSE,C0_below_3_20
2,2,2,0,1,1,3,2,0,4,2,4,1,0,0.5,0.188,0.5,0.75,0.333,0.0,-1.0,0.125,KUET,CSE,C1_3_20_to_3_49
3,4,2,1,0,2,2,2,1,3,2,4,2,3,0.625,0.25,0.5,0.75,0.833,0.125,-0.5,0.125,KUET,CSE,C2_3_50_to_3_74
2,1,4,1,2,0,2,4,0,2,1,0,1,2,0.625,0.562,0.25,0.125,0.417,0.0,-0.25,0.375,KUET,CSE,C0_below_3_20
2,4,2,4,2,1,1,1,3,2,3,3,3,3,0.875,0.625,0.583,0.75,0.75,0.25,0.5,0.125,KUET,ME,C1_3_20_to_3_49
1,3,4,0,1,0,2,4,0,4,3,1,0,2,0.5,0.312,0.167,0.5,0.5,0.0,-1.0,0.5,KUET,IEM,C1_3_20_to_3_49
2,4,3,3,0,2,2,3,0,3,2,3,3,2,0.875,0.438,0.5,0.625,0.667,0.375,0.0,0.0,KUET,ME,C1_3_20_to_3_49
2,2,4,4,0,0,1,1,0,4,3,3,0,1,0.5,0.5,0.333,0.75,0.417,0.0,0.0,0.125,KUET,IEM,C0_below_3_20
3,3,3,3,0,2,2,2,2,1,2,0,3,3,0.875,0.562,0.583,0.25,0.75,0.375,0.5,0.125,KUET,BECM,C2_3_50_to_3_74
3,1,3,4,2,3,1,1,0,1,3,3,3,3,0.875,0.75,0.583,0.75,0.583,0.75,0.75,-0.25,KUET,BECM,C3_3_75_plus
1,3,3,4,2,3,1,2,2,2,2,3,2,1,0.875,0.688,0.417,0.625,0.417,0.75,0.5,0.25,KUET,BECM,C2_3_50_to_3_74
1,0,3,1,1,0,0,2,2,4,3,3,3,0,0.875,0.312,0.417,0.75,0.083,0.0,-0.75,0.125,KUET,ME,C0_below_3_20
1,4,2,0,1,0,0,1,3,0,3,3,2,0,0.5,0.438,0.417,0.75,0.417,0.0,0.0,0.25,KUET,CSE,C2_3_50_to_3_74
0,4,2,0,1,1,2,4,2,4,3,3,1,3,0.625,0.188,0.25,0.75,0.583,0.0,-1.0,0.625,KUET,CSE,C0_below_3_20
2,3,3,0,1,1,1,2,1,4,1,2,0,2,0.5,0.25,0.25,0.375,0.583,0.0,-1.0,0.375,KUET,ECE,C0_below_3_20
2,1,3,0,0,2,3,3,0,4,3,3,2,2,0.5,0.188,0.5,0.75,0.417,0.0,-1.0,0.125,KUET,ECE,C0_below_3_20
3,3,4,2,4,2,1,3,3,4,2,4,3,2,0.5,0.625,0.417,0.75,0.667,0.25,-0.5,0.375,KUET,ECE,C1_3_20_to_3_49
3,3,2,0,2,1,1,2,1,2,4,4,2,3,0.5,0.375,0.417,1.0,0.75,0.0,-0.5,0.125,KUET,ECE,C0_below_3_20
1,3,2,0,0,1,3,3,2,4,0,4,1,1,0.5,0.125,0.417,0.5,0.417,0.0,-1.0,0.5,KUET,Unknown,C0_below_3_20
3,3,4,1,1,3,2,2,0,4,3,2,1,3,0.5,0.375,0.417,0.625,0.75,0.188,-0.75,0.125,KUET,ECE,C3_3_75_plus
3,2,3,1,1,1,1,3,1,2,2,3,2,2,0.5,0.438,0.333,0.625,0.583,0.062,-0.25,0.25,KUET,ECE,C1_3_20_to_3_49
4,3,4,2,3,2,2,1,2,1,4,4,2,4,0.5,0.75,0.583,1.0,0.917,0.25,0.25,0.125,KUET,ECE,C3_3_75_plus
2,3,4,2,1,0,2,2,1,3,2,1,0,2,0.5,0.5,0.333,0.375,0.583,0.0,-0.25,0.375,KUET,ECE,C0_below_3_20
3,4,4,1,2,2,0,1,1,3,3,3,3,4,0.125,0.5,0.5,0.75,0.917,0.125,-0.5,-0.125,KUET,CSE,C1_3_20_to_3_49
1,3,3,0,1,1,2,4,0,4,1,4,1,1,0.875,0.25,0.25,0.625,0.417,0.0,-1.0,0.375,KUET,ME,C0_below_3_20
4,4,4,0,1,3,2,2,4,2,4,3,2,2,0.5,0.438,0.5,0.875,0.833,0.0,-0.5,0.5,KUET,ECE,C0_below_3_20
4,4,4,2,2,4,1,1,4,0,3,4,3,4,0.5,0.75,0.583,0.875,1.0,0.5,0.5,0.25,KUET,EEE,C3_3_75_plus
3,3,4,1,0,3,3,3,1,1,3,3,3,3,0.5,0.5,0.583,0.75,0.75,0.188,0.0,0.125,KUET,EEE,C2_3_50_to_3_74
3,4,4,3,2,2,2,0,1,2,3,2,3,3,0.5,0.688,0.75,0.625,0.833,0.375,0.25,-0.25,KUET,EEE,C1_3_20_to_3_49
2,3,2,0,1,0,1,4,3,2,2,2,2,0,0.875,0.312,0.25,0.5,0.417,0.0,-0.5,0.625,KUET,ECE,C0_below_3_20
2,3,4,0,1,3,4,3,1,3,2,0,2,2,0.5,0.375,0.583,0.25,0.583,0.0,-0.75,0.25,KUET,ECE,C2_3_50_to_3_74
2,4,4,1,2,0,0,4,3,2,2,2,0,3,0.875,0.562,0.0,0.5,0.75,0.0,-0.25,0.875,KUET,ME,C1_3_20_to_3_49
0,4,4,2,2,0,0,2,4,4,1,2,1,3,0.875,0.5,0.25,0.375,0.583,0.0,-0.5,0.625,KUET,ME,C0_below_3_20
2,1,3,0,0,0,0,3,0,3,2,0,0,1,0.5,0.25,0.083,0.25,0.333,0.0,-0.75,0.375,KUET,URP,C3_3_75_plus
4,0,4,2,1,1,0,3,2,3,1,2,0,3,0.125,0.5,0.083,0.375,0.583,0.125,-0.25,0.625,KUET,URP,C1_3_20_to_3_49
2,3,3,0,1,1,1,3,1,3,0,1,0,2,0.125,0.312,0.167,0.125,0.583,0.0,-0.75,0.5,KUET,URP,C0_below_3_20
3,0,4,2,2,1,3,4,3,4,3,1,1,1,0.625,0.5,0.333,0.5,0.333,0.125,-0.5,0.75,KUET,URP,C1_3_20_to_3_49
4,3,4,3,1,3,0,0,1,2,4,4,2,4,0.375,0.625,0.5,1.0,0.917,0.562,0.25,-0.125,KUET,URP,C2_3_50_to_3_74
2,4,2,4,2,2,2,2,1,3,2,3,2,2,0.125,0.562,0.5,0.625,0.667,0.5,0.25,0.125,KUET,CSE,C3_3_75_plus
3,0,4,0,1,0,0,4,0,1,2,2,0,3,0.875,0.5,0.0,0.5,0.5,0.0,-0.25,0.5,KUET,URP,C1_3_20_to_3_49
4,2,2,2,1,2,2,4,2,3,3,2,2,2,0.5,0.375,0.333,0.625,0.667,0.25,-0.25,0.5,KUET,CSE,C0_below_3_20
2,0,3,0,1,3,2,3,0,3,2,2,2,2,0.625,0.312,0.417,0.5,0.333,0.0,-0.75,0.125,KUET,URP,C1_3_20_to_3_49
3,3,3,0,1,0,2,2,4,1,4,4,3,4,0.625,0.438,0.583,1.0,0.833,0.0,-0.25,0.375,KUET,URP,C1_3_20_to_3_49
0,0,3,4,2,2,0,4,0,3,1,2,0,0,0.875,0.625,0.0,0.375,0.0,0.5,0.25,0.5,KUET,ME,C1_3_20_to_3_49
2,4,4,2,1,2,1,2,3,3,3,2,2,2,0.375,0.5,0.417,0.625,0.667,0.25,-0.25,0.375,KUET,EEE,C3_3_75_plus
