university,department_grouped,academic_progress,academic_year,attendance,weekly_study_time,study_style,topic_clarity,sleep_duration,stress_frequency,weekly_responsibilities,distraction_frequency,study_environment,support_level,routine_manageability,admission_satisfaction,desired_department_match,career_expectation,discipline_index,wellbeing_index,environment_index,motivation_index,effective_study,focus_balance,load_pressure,recent_sgpa_band,cgpa_band
CUET,EEE,0.875,4,75-89%,More than 15 hrs,Regularly but not every day,About half,6-7 hrs,Rarely,6-10 hrs,Sometimes,Neither good nor bad,Good support,Mostly manageable,Satisfied,"Yes, exactly what I wanted",Mostly,0.688,0.667,0.625,0.833,0.5,0.5,0.0,C2_3_50_to_3_74,C2_3_50_to_3_74
CUET,EEE,0.875,4,75-89%,11-15 hrs,Mostly just before exams,Most of it,6-7 hrs,Sometimes,11-15 hrs,Sometimes,Neither good nor bad,Some support,Mostly manageable,Neutral,"Yes, exactly what I wanted",Mostly,0.562,0.583,0.5,0.75,0.562,0.25,0.25,C1_3_20_to_3_49,C1_3_20_to_3_49
CUET,EEE,0.875,4,75-89%,More than 15 hrs,Mostly consistent routine,Most of it,5-6 hrs,Rarely,6-10 hrs,Rarely,Mostly suitable,Good support,Mostly manageable,Neutral,"Yes, exactly what I wanted",Somewhat,0.812,0.583,0.75,0.667,0.75,0.75,0.0,C3_3_75_plus,C2_3_50_to_3_74
CUET,EEE,0.875,4,60-74%,11-15 hrs,Regularly but not every day,About half,5-6 hrs,Rarely,11-15 hrs,Sometimes,Somewhat distracting,Good support,Average,Satisfied,"Yes, exactly what I wanted",Somewhat,0.562,0.5,0.5,0.75,0.375,0.25,0.25,C2_3_50_to_3_74,C1_3_20_to_3_49
CUET,EEE,0.875,4,75-89%,11-15 hrs,Regularly but not every day,About half,5-6 hrs,Rarely,11-15 hrs,Sometimes,Mostly suitable,Good support,Average,Satisfied,"Yes, exactly what I wanted",Somewhat,0.625,0.5,0.75,0.75,0.375,0.25,0.25,C2_3_50_to_3_74,C2_3_50_to_3_74
CUET,Unknown,0.875,4,75-89%,More than 15 hrs,Regularly but not every day,About half,6-7 hrs,Rarely,11-15 hrs,Sometimes,Neither good nor bad,Good support,Mostly manageable,Satisfied,"Yes, exactly what I wanted",Somewhat,0.688,0.667,0.625,0.75,0.5,0.5,0.125,C2_3_50_to_3_74,C2_3_50_to_3_74
CUET,EEE,0.875,4,75-89%,11-15 hrs,Regularly but not every day,Most of it,6-7 hrs,Rarely,11-15 hrs,Sometimes,Neither good nor bad,Good support,Average,Neutral,"Yes, exactly what I wanted",Mostly,0.625,0.583,0.625,0.75,0.562,0.25,0.25,C1_3_20_to_3_49,C2_3_50_to_3_74
CUET,CSE,0.875,4,75-89%,More than 15 hrs,Regularly but not every day,Most of it,5-6 hrs,Rarely,None,Sometimes,Mostly suitable,Good support,Mostly manageable,Neutral,"Yes, exactly what I wanted",Somewhat,0.688,0.583,0.75,0.667,0.75,0.5,-0.25,C2_3_50_to_3_74,C1_3_20_to_3_49
CUET,CSE,0.875,4,75-89%,More than 15 hrs,Regularly but not every day,Most of it,6-7 hrs,Rarely,None,Sometimes,Mostly suitable,Good support,Average,Neutral,"Yes, exactly what I wanted",Somewhat,0.688,0.583,0.75,0.667,0.75,0.5,-0.125,C2_3_50_to_3_74,C2_3_50_to_3_74
BRAC,CSE,0.917,4,90% or more,3-6 hrs,Occasionally when necessary,Most of it,6-7 hrs,Often,1-5 hrs,Often,Mostly suitable,Good support,Average,Very dissatisfied,"Yes, exactly what I wanted",Mostly,0.375,0.417,0.75,0.583,0.188,-0.5,0.25,C2_3_50_to_3_74,C2_3_50_to_3_74
BRAC,CSE,0.917,4,75-89%,7-10 hrs,Regularly but not every day,About half,5-6 hrs,Sometimes,6-10 hrs,Sometimes,Excellent for focused study,Strong support,Mostly manageable,Very satisfied,Close to what I wanted,Mostly,0.562,0.5,1.0,0.833,0.25,0.0,0.125,C3_3_75_plus,C2_3_50_to_3_74
BRAC,CSE,0.833,4,75-89%,3-6 hrs,Mostly just before exams,A little,6-7 hrs,Often,None,Almost every day,Mostly suitable,Some support,Difficult to manage,Very dissatisfied,"Yes, exactly what I wanted",Somewhat,0.312,0.333,0.625,0.5,0.062,-0.75,0.25,C1_3_20_to_3_49,C1_3_20_to_3_49
BRAC,CSE,0.833,4,90% or more,Less than 3 hrs,Occasionally when necessary,About half,5-6 hrs,Sometimes,1-5 hrs,Often,Neither good nor bad,Good support,Average,Neutral,Somewhat different,Somewhat,0.312,0.417,0.625,0.5,0.0,-0.75,0.125,C2_3_50_to_3_74,C1_3_20_to_3_49
BRAC,CSE,0.833,4,75-89%,7-10 hrs,Mostly just before exams,Most of it,6-7 hrs,Often,6-10 hrs,Sometimes,Mostly suitable,Some support,Difficult to manage,Very dissatisfied,"Yes, exactly what I wanted",Completely,0.5,0.333,0.625,0.667,0.375,0.0,0.5,C3_3_75_plus,C3_3_75_plus
BRAC,CSE,0.917,4,90% or more,3-6 hrs,Occasionally when necessary,About half,7-8 hrs,Sometimes,1-5 hrs,Often,Excellent for focused study,Good support,Mostly manageable,Very satisfied,Close to what I wanted,Mostly,0.375,0.667,0.875,0.833,0.125,-0.5,0.0,C3_3_75_plus,C3_3_75_plus
BRAC,CSE,0.917,4,75-89%,11-15 hrs,Regularly but not every day,A little,5-6 hrs,Almost always,11-15 hrs,Often,Somewhat distracting,Strong support,Difficult to manage,Very dissatisfied,"Yes, exactly what I wanted",Mostly,0.562,0.167,0.625,0.583,0.188,0.0,0.75,C1_3_20_to_3_49,C2_3_50_to_3_74
BRAC,CSE,0.833,4,60-74%,7-10 hrs,Occasionally when necessary,About half,6-7 hrs,Sometimes,6-10 hrs,Sometimes,Mostly suitable,Some support,Average,Neutral,Mostly different,Slightly,0.375,0.5,0.625,0.333,0.25,0.0,0.25,C0_below_3_20,C1_3_20_to_3_49
BRAC,CSE,0.833,4,90% or more,3-6 hrs,Regularly but not every day,Most of it,5-6 hrs,Often,More than 15 hrs,Almost every day,Mostly suitable,Good support,Difficult to manage,Very dissatisfied,"Yes, exactly what I wanted",Mostly,0.438,0.25,0.75,0.583,0.188,-0.75,0.75,C2_3_50_to_3_74,C2_3_50_to_3_74
BRAC,CSE,0.917,4,90% or more,11-15 hrs,Occasionally when necessary,Most of it,6-7 hrs,Sometimes,None,Often,Excellent for focused study,Strong support,Average,Very satisfied,"Yes, exactly what I wanted",Completely,0.5,0.5,1.0,1.0,0.562,0.0,0.0,C3_3_75_plus,C3_3_75_plus
BRAC,CSE,0.917,4,75-89%,7-10 hrs,Mostly just before exams,A little,5-6 hrs,Often,1-5 hrs,Almost every day,Neither good nor bad,Good support,Difficult to manage,Very dissatisfied,Close to what I wanted,Somewhat,0.375,0.25,0.625,0.417,0.125,-0.5,0.375,C2_3_50_to_3_74,C2_3_50_to_3_74
BRAC,CSE,0.833,4,90% or more,3-6 hrs,Regularly but not every day,About half,7-8 hrs,Rarely,6-10 hrs,Sometimes,Mostly suitable,Some support,Mostly manageable,Neutral,Somewhat different,Mostly,0.562,0.75,0.625,0.583,0.125,-0.25,0.0,C1_3_20_to_3_49,C0_below_3_20
BRAC,CSE,0.833,4,75-89%,Less than 3 hrs,Mostly just before exams,Most of it,5-6 hrs,Often,11-15 hrs,Rarely,Somewhat distracting,Very little support,Difficult to manage,Very dissatisfied,"Yes, exactly what I wanted",Somewhat,0.438,0.25,0.25,0.5,0.0,-0.25,0.625,C3_3_75_plus,C3_3_75_plus
BRAC,CSE,0.917,4,90% or more,7-10 hrs,Mostly consistent routine,About half,6-7 hrs,Sometimes,1-5 hrs,Often,Excellent for focused study,Good support,Mostly manageable,Very satisfied,Close to what I wanted,Mostly,0.625,0.583,0.875,0.833,0.25,-0.25,0.0,C2_3_50_to_3_74,C1_3_20_to_3_49
BRAC,CSE,0.833,4,75-89%,3-6 hrs,Occasionally when necessary,A little,Less than 5 hrs,Almost always,6-10 hrs,Almost every day,Mostly suitable,Strong support,Difficult to manage,Neutral,"Yes, exactly what I wanted",Slightly,0.25,0.083,0.875,0.583,0.062,-0.75,0.625,C0_below_3_20,C0_below_3_20
BRAC,CSE,0.917,4,90% or more,7-10 hrs,Regularly but not every day,Most of it,7-8 hrs,Rarely,None,Sometimes,Neither good nor bad,Some support,Mostly manageable,Very dissatisfied,"Yes, exactly what I wanted",Completely,0.625,0.75,0.5,0.667,0.375,0.0,-0.25,C3_3_75_plus,C2_3_50_to_3_74
BRAC,CSE,0.833,4,60-74%,11-15 hrs,Mostly consistent routine,About half,6-7 hrs,Often,More than 15 hrs,Often,Somewhat distracting,Good support,Average,Very dissatisfied,Somewhat different,Mostly,0.562,0.417,0.5,0.417,0.375,0.0,0.625,C1_3_20_to_3_49,C1_3_20_to_3_49
BRAC,CSE,0.833,4,75-89%,3-6 hrs,Regularly but not every day,Most of it,7-8 hrs,Rarely,More than 15 hrs,Almost every day,Neither good nor bad,Very little support,Difficult to manage,Very dissatisfied,Close to what I wanted,Somewhat,0.375,0.583,0.375,0.417,0.188,-0.75,0.5,C2_3_50_to_3_74,C1_3_20_to_3_49
BRAC,CSE,0.917,4,90% or more,7-10 hrs,Occasionally when necessary,A little,More than 8 hrs,Never,More than 15 hrs,Sometimes,Neither good nor bad,Good support,Average,Very satisfied,Somewhat different,Somewhat,0.5,0.833,0.625,0.667,0.125,0.0,0.25,C2_3_50_to_3_74,C3_3_75_plus
BRAC,CSE,0.833,4,60-74%,3-6 hrs,Occasionally when necessary,Most of it,7-8 hrs,Sometimes,1-5 hrs,Often,Neither good nor bad,Strong support,Difficult to manage,Very dissatisfied,Somewhat different,Mostly,0.25,0.5,0.75,0.417,0.188,-0.5,0.25,C1_3_20_to_3_49,C0_below_3_20
BRAC,CSE,0.917,4,90% or more,7-10 hrs,Occasionally when necessary,A little,7-8 hrs,Almost always,None,Often,Excellent for focused study,Some support,Difficult to manage,Very dissatisfied,Somewhat different,Mostly,0.438,0.333,0.75,0.417,0.125,-0.25,0.375,C3_3_75_plus,C2_3_50_to_3_74
BUET,CSE,0.875,4,75-89%,3-6 hrs,Mostly just before exams,About half,Less than 5 hrs,Sometimes,11-15 hrs,Rarely,Mostly suitable,Some support,Mostly manageable,Very satisfied,Not at all what I wanted,Completely,0.5,0.417,0.625,0.667,0.125,0.0,0.25,C0_below_3_20,C1_3_20_to_3_49
BUET,CSE,0.875,4,90% or more,7-10 hrs,Consistent throughout the semester,Almost everything,6-7 hrs,Almost always,1-5 hrs,Almost every day,Excellent for focused study,Good support,Mostly manageable,Very dissatisfied,Somewhat different,Mostly,0.625,0.417,0.875,0.417,0.5,-0.5,0.25,C3_3_75_plus,C3_3_75_plus
BRAC,CSE,0.833,4,90% or more,3-6 hrs,Mostly just before exams,Almost nothing,5-6 hrs,Often,None,Often,Somewhat distracting,Good support,Difficult to manage,Very dissatisfied,"Yes, exactly what I wanted",Somewhat,0.438,0.25,0.5,0.5,0.0,-0.5,0.25,C3_3_75_plus,C3_3_75_plus
BRAC,CSE,0.833,4,60-74%,7-10 hrs,Regularly but not every day,About half,6-7 hrs,Often,6-10 hrs,Almost every day,Neither good nor bad,Good support,Difficult to manage,Neutral,Somewhat different,Completely,0.375,0.333,0.625,0.667,0.25,-0.5,0.5,C1_3_20_to_3_49,C1_3_20_to_3_49
BRAC,CSE,0.833,4,90% or more,3-6 hrs,Occasionally when necessary,A little,7-8 hrs,Sometimes,11-15 hrs,Often,Excellent for focused study,Good support,Difficult to manage,Very satisfied,Close to what I wanted,Mostly,0.375,0.5,0.875,0.833,0.062,-0.5,0.5,C0_below_3_20,C0_below_3_20
BUET,CSE,0.875,4,75-89%,3-6 hrs,Regularly but not every day,Almost everything,5-6 hrs,Often,6-10 hrs,Sometimes,Mostly suitable,Very little support,Difficult to manage,Very satisfied,Close to what I wanted,Somewhat,0.5,0.25,0.5,0.75,0.25,-0.25,0.5,C3_3_75_plus,C3_3_75_plus
BRAC,CSE,0.917,4,75-89%,7-10 hrs,Regularly but not every day,About half,6-7 hrs,Almost always,More than 15 hrs,Often,Mostly suitable,Very little support,Average,Very dissatisfied,"Yes, exactly what I wanted",Mostly,0.5,0.333,0.5,0.583,0.25,-0.25,0.75,C2_3_50_to_3_74,C1_3_20_to_3_49
BRAC,CSE,0.833,4,75-89%,More than 15 hrs,Regularly but not every day,About half,7-8 hrs,Sometimes,11-15 hrs,Often,Neither good nor bad,Strong support,Difficult to manage,Very dissatisfied,"Yes, exactly what I wanted",Somewhat,0.625,0.5,0.75,0.5,0.5,0.25,0.5,C2_3_50_to_3_74,C1_3_20_to_3_49
BRAC,CSE,0.917,4,90% or more,11-15 hrs,Occasionally when necessary,About half,Less than 5 hrs,Sometimes,11-15 hrs,Sometimes,Mostly suitable,Good support,Average,Very dissatisfied,"Yes, exactly what I wanted",Slightly,0.562,0.333,0.75,0.417,0.375,0.25,0.375,C2_3_50_to_3_74,C1_3_20_to_3_49
BRAC,CSE,0.917,4,75-89%,3-6 hrs,Mostly just before exams,Almost nothing,7-8 hrs,Sometimes,6-10 hrs,Almost every day,Mostly suitable,Strong support,Average,Very dissatisfied,Close to what I wanted,Somewhat,0.312,0.583,0.875,0.417,0.0,-0.75,0.25,C3_3_75_plus,C2_3_50_to_3_74
BUET,CSE,0.875,4,90% or more,11-15 hrs,Regularly but not every day,Almost everything,5-6 hrs,Rarely,6-10 hrs,Never,Neither good nor bad,Good support,Mostly manageable,Very dissatisfied,Close to what I wanted,Slightly,0.812,0.583,0.625,0.333,0.75,0.75,0.0,C0_below_3_20,C1_3_20_to_3_49
BUET,CSE,0.875,4,90% or more,7-10 hrs,Occasionally when necessary,Almost everything,Less than 5 hrs,Sometimes,More than 15 hrs,Sometimes,Neither good nor bad,Very little support,Average,Very dissatisfied,"Yes, exactly what I wanted",Somewhat,0.5,0.333,0.375,0.5,0.5,0.0,0.5,C0_below_3_20,C1_3_20_to_3_49
BUET,CSE,0.875,4,90% or more,11-15 hrs,Regularly but not every day,About half,7-8 hrs,Almost always,11-15 hrs,Often,Mostly suitable,Strong support,Average,Very dissatisfied,Close to what I wanted,Completely,0.625,0.417,0.875,0.583,0.375,0.0,0.625,C3_3_75_plus,C3_3_75_plus
BRAC,CSE,0.833,4,75-89%,3-6 hrs,Mostly consistent routine,About half,5-6 hrs,Sometimes,11-15 hrs,Rarely,Somewhat distracting,Good support,Difficult to manage,Very dissatisfied,"Yes, exactly what I wanted",Slightly,0.625,0.333,0.5,0.417,0.125,0.0,0.5,C0_below_3_20,C0_below_3_20
BRAC,CSE,0.917,4,90% or more,Less than 3 hrs,Mostly just before exams,About half,6-7 hrs,Often,None,Often,Somewhat distracting,Some support,Average,Very dissatisfied,"Yes, exactly what I wanted",Somewhat,0.375,0.417,0.375,0.5,0.0,-0.75,0.125,C3_3_75_plus,C3_3_75_plus
BUET,CSE,0.875,4,90% or more,3-6 hrs,Mostly consistent routine,About half,6-7 hrs,Rarely,6-10 hrs,Often,Mostly suitable,Some support,Average,Very satisfied,"Yes, exactly what I wanted",Somewhat,0.562,0.583,0.625,0.833,0.125,-0.5,0.125,C2_3_50_to_3_74,C2_3_50_to_3_74
BRAC,CSE,0.917,4,90% or more,7-10 hrs,Mostly just before exams,About half,7-8 hrs,Often,None,Almost every day,Somewhat distracting,Some support,Mostly manageable,Very dissatisfied,Close to what I wanted,Mostly,0.438,0.583,0.375,0.5,0.25,-0.5,0.0,C3_3_75_plus,C3_3_75_plus
BRAC,CSE,0.833,4,60-74%,11-15 hrs,Occasionally when necessary,About half,6-7 hrs,Often,None,Often,Neither good nor bad,Some support,Average,Very dissatisfied,"Yes, exactly what I wanted",Mostly,0.375,0.417,0.5,0.583,0.375,0.0,0.125,C3_3_75_plus,C3_3_75_plus
BRAC,CSE,0.917,4,60-74%,7-10 hrs,Mostly consistent routine,About half,6-7 hrs,Often,1-5 hrs,Often,Mostly suitable,Good support,Difficult to manage,Neutral,Close to what I wanted,Mostly,0.5,0.333,0.75,0.667,0.25,-0.25,0.375,C3_3_75_plus,C3_3_75_plus
BUET,CSE,0.875,4,75-89%,11-15 hrs,Mostly just before exams,A little,5-6 hrs,Sometimes,1-5 hrs,Often,Neither good nor bad,Some support,Average,Very dissatisfied,Somewhat different,Mostly,0.5,0.417,0.5,0.417,0.188,0.0,0.125,C2_3_50_to_3_74,C1_3_20_to_3_49
BUET,CSE,0.875,4,75-89%,Less than 3 hrs,Occasionally when necessary,Almost everything,5-6 hrs,Rarely,1-5 hrs,Often,Mostly suitable,Very little support,Mostly manageable,Very dissatisfied,Mostly different,Somewhat,0.25,0.583,0.5,0.25,0.0,-0.75,-0.125,C0_below_3_20,C0_below_3_20
BRAC,CSE,0.833,4,90% or more,3-6 hrs,Mostly consistent routine,Almost everything,7-8 hrs,Rarely,6-10 hrs,Often,Mostly suitable,Good support,Average,Neutral,"Yes, exactly what I wanted",Completely,0.562,0.667,0.75,0.833,0.25,-0.5,0.125,C0_below_3_20,C0_below_3_20
BRAC,CSE,0.917,4,60-74%,11-15 hrs,Regularly but not every day,About half,7-8 hrs,Often,1-5 hrs,Almost every day,Neither good nor bad,Some support,Difficult to manage,Very satisfied,"Yes, exactly what I wanted",Mostly,0.438,0.417,0.5,0.917,0.375,-0.25,0.375,C1_3_20_to_3_49,C1_3_20_to_3_49
BRAC,CSE,0.833,4,75-89%,Less than 3 hrs,Mostly consistent routine,About half,Less than 5 hrs,Rarely,More than 15 hrs,Rarely,Mostly suitable,Good support,Average,Neutral,"Yes, exactly what I wanted",Somewhat,0.562,0.417,0.75,0.667,0.0,-0.25,0.375,C2_3_50_to_3_74,C2_3_50_to_3_74
BUET,CSE,0.875,4,90% or more,7-10 hrs,Mostly consistent routine,About half,5-6 hrs,Often,1-5 hrs,Often,Mostly suitable,No support,Average,Very dissatisfied,Mostly different,Mostly,0.625,0.333,0.375,0.333,0.25,-0.25,0.25,C2_3_50_to_3_74,C2_3_50_to_3_74
BRAC,CSE,0.833,4,90% or more,7-10 hrs,Mostly just before exams,About half,6-7 hrs,Never,6-10 hrs,Almost every day,Mostly suitable,Some support,Average,Very dissatisfied,"Yes, exactly what I wanted",Completely,0.438,0.667,0.625,0.667,0.25,-0.5,0.0,C0_below_3_20,C1_3_20_to_3_49
BRAC,CSE,0.917,4,90% or more,More than 15 hrs,Occasionally when necessary,About half,6-7 hrs,Sometimes,More than 15 hrs,Almost every day,Mostly suitable,Some support,Difficult to manage,Very satisfied,"Yes, exactly what I wanted",Mostly,0.5,0.417,0.625,0.917,0.5,0.0,0.625,C1_3_20_to_3_49,C2_3_50_to_3_74
BRAC,CSE,0.833,4,75-89%,7-10 hrs,Regularly but not every day,About half,7-8 hrs,Almost always,1-5 hrs,Often,Mostly suitable,Good support,Difficult to manage,Very dissatisfied,Somewhat different,Slightly,0.5,0.333,0.75,0.25,0.25,-0.25,0.5,C3_3_75_plus,C3_3_75_plus
BRAC,CSE,0.917,4,75-89%,3-6 hrs,Regularly but not every day,Almost everything,7-8 hrs,Rarely,1-5 hrs,Rarely,Neither good nor bad,Strong support,Mostly manageable,Very dissatisfied,Close to what I wanted,Somewhat,0.562,0.75,0.75,0.417,0.25,0.0,-0.125,C2_3_50_to_3_74,C2_3_50_to_3_74
BRAC,CSE,0.917,4,75-89%,7-10 hrs,Mostly just before exams,Almost nothing,6-7 hrs,Often,More than 15 hrs,Never,Somewhat distracting,Some support,Average,Neutral,"Yes, exactly what I wanted",Slightly,0.625,0.417,0.375,0.583,0.0,0.5,0.625,C2_3_50_to_3_74,C2_3_50_to_3_74
BRAC,CSE,0.833,4,75-89%,Less than 3 hrs,Regularly but not every day,A little,6-7 hrs,Often,6-10 hrs,Rarely,Very distracting,Strong support,Average,Very dissatisfied,"Yes, exactly what I wanted",Mostly,0.5,0.417,0.5,0.583,0.0,-0.25,0.375,C2_3_50_to_3_74,C2_3_50_to_3_74
BRAC,CSE,0.833,4,75-89%,3-6 hrs,Mostly just before exams,Most of it,7-8 hrs,Often,1-5 hrs,Often,Neither good nor bad,Some support,Difficult to manage,Very dissatisfied,Close to what I wanted,Slightly,0.375,0.417,0.5,0.333,0.188,-0.5,0.375,C3_3_75_plus,C3_3_75_plus
BRAC,CSE,0.917,4,75-89%,7-10 hrs,Regularly but not every day,About half,7-8 hrs,Often,1-5 hrs,Rarely,Excellent for focused study,Some support,Mostly manageable,Satisfied,Mostly different,Slightly,0.625,0.583,0.75,0.417,0.25,0.25,0.125,C3_3_75_plus,C3_3_75_plus
BRAC,CSE,0.833,4,90% or more,3-6 hrs,Mostly just before exams,A little,5-6 hrs,Almost always,None,Often,Very distracting,Good support,Average,Satisfied,Close to what I wanted,Completely,0.438,0.25,0.375,0.833,0.062,-0.5,0.25,C3_3_75_plus,C3_3_75_plus
BRAC,CSE,0.917,4,75-89%,3-6 hrs,Mostly just before exams,A little,6-7 hrs,Often,1-5 hrs,Often,Somewhat distracting,Good support,Mostly manageable,Satisfied,Somewhat different,Mostly,0.375,0.5,0.5,0.667,0.062,-0.5,0.125,C2_3_50_to_3_74,C2_3_50_to_3_74
BRAC,CSE,0.833,4,75-89%,7-10 hrs,Consistent throughout the semester,About half,5-6 hrs,Often,1-5 hrs,Sometimes,Somewhat distracting,Some support,Completely unmanageable,Neutral,"Yes, exactly what I wanted",Slightly,0.688,0.167,0.375,0.583,0.25,0.0,0.5,C2_3_50_to_3_74,C3_3_75_plus
BRAC,CSE,0.917,4,60-74%,Less than 3 hrs,Occasionally when necessary,A little,Less than 5 hrs,Sometimes,1-5 hrs,Often,Mostly suitable,Strong support,Average,Satisfied,Close to what I wanted,Somewhat,0.188,0.333,0.875,0.667,0.0,-0.75,0.125,C2_3_50_to_3_74,C3_3_75_plus
BRAC,CSE,0.833,4,75-89%,3-6 hrs,Regularly but not every day,About half,More than 8 hrs,Often,6-10 hrs,Never,Excellent for focused study,Good support,Average,Satisfied,Not at all what I wanted,Mostly,0.625,0.583,0.875,0.5,0.125,0.25,0.375,C2_3_50_to_3_74,C2_3_50_to_3_74
BRAC,CSE,0.917,4,75-89%,11-15 hrs,Regularly but not every day,About half,6-7 hrs,Often,11-15 hrs,Almost every day,Somewhat distracting,Good support,Difficult to manage,Satisfied,"Yes, exactly what I wanted",Completely,0.5,0.333,0.5,0.917,0.375,-0.25,0.625,C2_3_50_to_3_74,C1_3_20_to_3_49
BRAC,CSE,0.833,4,90% or more,7-10 hrs,Occasionally when necessary,Most of it,7-8 hrs,Often,None,Sometimes,Excellent for focused study,Strong support,Completely unmanageable,Neutral,Mostly different,Mostly,0.5,0.333,1.0,0.5,0.375,0.0,0.375,C0_below_3_20,C0_below_3_20
BRAC,CSE,0.917,4,75-89%,7-10 hrs,Mostly consistent routine,Most of it,6-7 hrs,Sometimes,More than 15 hrs,Almost every day,Somewhat distracting,Good support,Difficult to manage,Very satisfied,"Yes, exactly what I wanted",Slightly,0.5,0.417,0.5,0.75,0.375,-0.5,0.625,C0_below_3_20,C0_below_3_20
BRAC,EEE,0.917,4,75-89%,3-6 hrs,Mostly just before exams,About half,7-8 hrs,Often,1-5 hrs,Often,Very distracting,Good support,Difficult to manage,Satisfied,"Yes, exactly what I wanted",Mostly,0.375,0.417,0.375,0.833,0.125,-0.5,0.375,C3_3_75_plus,C3_3_75_plus
BRAC,CSE,0.833,4,75-89%,7-10 hrs,Mostly consistent routine,Almost nothing,Less than 5 hrs,Often,6-10 hrs,Sometimes,Neither good nor bad,Strong support,Average,Neutral,"Yes, exactly what I wanted",Mostly,0.625,0.25,0.75,0.75,0.0,0.0,0.375,C1_3_20_to_3_49,C2_3_50_to_3_74
BRAC,EEE,0.833,4,75-89%,Less than 3 hrs,Mostly consistent routine,About half,7-8 hrs,Almost always,None,Sometimes,Excellent for focused study,Very little support,Difficult to manage,Neutral,"Yes, exactly what I wanted",Somewhat,0.5,0.333,0.625,0.667,0.0,-0.5,0.375,C1_3_20_to_3_49,C1_3_20_to_3_49
BRAC,CSE,0.833,4,75-89%,Less than 3 hrs,Mostly consistent routine,Almost nothing,6-7 hrs,Rarely,6-10 hrs,Often,Neither good nor bad,Very little support,Difficult to manage,Neutral,Somewhat different,Mostly,0.438,0.5,0.375,0.583,0.0,-0.75,0.25,C1_3_20_to_3_49,C1_3_20_to_3_49
BRAC,EEE,0.917,4,90% or more,Less than 3 hrs,Consistent throughout the semester,A little,5-6 hrs,Rarely,None,Almost every day,Mostly suitable,Very little support,Average,Satisfied,Close to what I wanted,Mostly,0.5,0.5,0.5,0.75,0.0,-1.0,-0.125,C2_3_50_to_3_74,C2_3_50_to_3_74
BRAC,CSE,0.833,4,90% or more,3-6 hrs,Mostly just before exams,Most of it,6-7 hrs,Sometimes,6-10 hrs,Often,Mostly suitable,No support,Average,Neutral,Somewhat different,Mostly,0.438,0.5,0.375,0.583,0.188,-0.5,0.25,C1_3_20_to_3_49,C1_3_20_to_3_49
BRAC,ECE,0.833,4,75-89%,7-10 hrs,Mostly just before exams,Most of it,6-7 hrs,Almost always,1-5 hrs,Often,Mostly suitable,Good support,Average,Satisfied,"Yes, exactly what I wanted",Mostly,0.438,0.333,0.75,0.833,0.375,-0.25,0.375,C0_below_3_20,C1_3_20_to_3_49
BRAC,EEE,0.917,4,90% or more,11-15 hrs,Mostly just before exams,A little,5-6 hrs,Sometimes,11-15 hrs,Never,Somewhat distracting,Good support,Difficult to manage,Neutral,Close to what I wanted,Mostly,0.75,0.333,0.5,0.667,0.188,0.75,0.5,C3_3_75_plus,C3_3_75_plus
BRAC,CSE,0.917,4,90% or more,11-15 hrs,Regularly but not every day,About half,Less than 5 hrs,Almost always,1-5 hrs,Sometimes,Excellent for focused study,Very little support,Very healthy and balanced,Satisfied,Close to what I wanted,Mostly,0.688,0.333,0.625,0.75,0.375,0.25,0.125,C1_3_20_to_3_49,C1_3_20_to_3_49
BRAC,EEE,0.833,4,90% or more,7-10 hrs,Mostly consistent routine,A little,6-7 hrs,Rarely,6-10 hrs,Often,Somewhat distracting,Some support,Average,Neutral,Close to what I wanted,Completely,0.625,0.583,0.375,0.75,0.125,-0.25,0.125,C1_3_20_to_3_49,C2_3_50_to_3_74
BRAC,ECE,0.917,4,75-89%,Less than 3 hrs,Consistent throughout the semester,Almost everything,6-7 hrs,Sometimes,None,Almost every day,Excellent for focused study,Some support,Difficult to manage,Dissatisfied,"Yes, exactly what I wanted",Slightly,0.438,0.417,0.75,0.5,0.0,-1.0,0.125,C3_3_75_plus,C3_3_75_plus
BRAC,CSE,0.917,4,75-89%,3-6 hrs,Regularly but not every day,A little,6-7 hrs,Often,None,Often,Somewhat distracting,Some support,Mostly manageable,Neutral,"Yes, exactly what I wanted",Somewhat,0.438,0.5,0.375,0.667,0.062,-0.5,0.0,C0_below_3_20,C1_3_20_to_3_49
BRAC,ECE,0.917,4,75-89%,7-10 hrs,Mostly just before exams,Most of it,7-8 hrs,Sometimes,6-10 hrs,Often,Excellent for focused study,Some support,Average,Very satisfied,Close to what I wanted,Somewhat,0.438,0.583,0.75,0.75,0.375,-0.25,0.25,C0_below_3_20,C0_below_3_20
BRAC,CSE,0.917,4,90% or more,3-6 hrs,Mostly just before exams,About half,7-8 hrs,Almost always,6-10 hrs,Often,Mostly suitable,Some support,Mostly manageable,Neutral,"Yes, exactly what I wanted",Slightly,0.438,0.5,0.625,0.583,0.125,-0.5,0.375,C3_3_75_plus,C3_3_75_plus
BRAC,CSE,0.833,4,90% or more,Less than 3 hrs,Regularly but not every day,A little,5-6 hrs,Almost always,None,Almost every day,Mostly suitable,No support,Mostly manageable,Satisfied,Somewhat different,Mostly,0.375,0.333,0.375,0.667,0.0,-1.0,0.125,C2_3_50_to_3_74,C2_3_50_to_3_74
BUET,CSE,0.875,4,90% or more,3-6 hrs,Mostly just before exams,A little,7-8 hrs,Often,1-5 hrs,Rarely,Somewhat distracting,Good support,Very healthy and balanced,Very satisfied,Mostly different,Slightly,0.562,0.667,0.5,0.5,0.062,0.0,0.0,C1_3_20_to_3_49,C0_below_3_20
BUET,CSE,0.875,4,75-89%,7-10 hrs,Consistent throughout the semester,Most of it,7-8 hrs,Almost always,6-10 hrs,Often,Mostly suitable,Some support,Mostly manageable,Very satisfied,Somewhat different,Completely,0.625,0.5,0.625,0.833,0.375,-0.25,0.375,C2_3_50_to_3_74,C2_3_50_to_3_74
BRAC,CSE,0.917,4,90% or more,7-10 hrs,Consistent throughout the semester,Most of it,Less than 5 hrs,Rarely,None,Sometimes,Excellent for focused study,Some support,Difficult to manage,Satisfied,"Yes, exactly what I wanted",Somewhat,0.75,0.333,0.75,0.75,0.375,0.0,0.0,C1_3_20_to_3_49,C1_3_20_to_3_49
CUET,CSE,0.875,4,75-89%,7-10 hrs,Regularly but not every day,Most of it,7-8 hrs,Sometimes,6-10 hrs,Often,Neither good nor bad,Very little support,Average,Satisfied,Close to what I wanted,Completely,0.5,0.583,0.375,0.833,0.375,-0.25,0.25,C3_3_75_plus,C3_3_75_plus
CUET,EEE,0.875,4,75-89%,3-6 hrs,Occasionally when necessary,Most of it,7-8 hrs,Almost always,6-10 hrs,Rarely,Neither good nor bad,Good support,Difficult to manage,Satisfied,Close to what I wanted,Somewhat,0.438,0.333,0.625,0.667,0.188,0.0,0.625,C2_3_50_to_3_74,C3_3_75_plus
BRAC,CSE,0.833,4,60-74%,Less than 3 hrs,Occasionally when necessary,About half,6-7 hrs,Often,1-5 hrs,Sometimes,Neither good nor bad,Very little support,Average,Satisfied,"Yes, exactly what I wanted",Completely,0.25,0.417,0.375,0.917,0.0,-0.5,0.25,C3_3_75_plus,C3_3_75_plus
BRAC,CSE,0.833,4,90% or more,7-10 hrs,Mostly just before exams,Most of it,6-7 hrs,Never,1-5 hrs,Almost every day,Mostly suitable,Some support,Average,Satisfied,Close to what I wanted,Mostly,0.438,0.667,0.625,0.75,0.375,-0.5,-0.125,C0_below_3_20,C0_below_3_20
CUET,ECE,0.875,4,75-89%,7-10 hrs,Occasionally when necessary,Most of it,6-7 hrs,Sometimes,1-5 hrs,Often,Neither good nor bad,Some support,Average,Very satisfied,Close to what I wanted,Somewhat,0.375,0.5,0.5,0.75,0.375,-0.25,0.125,C1_3_20_to_3_49,C1_3_20_to_3_49
BRAC,CSE,0.917,4,60-74%,7-10 hrs,Occasionally when necessary,Almost everything,7-8 hrs,Often,1-5 hrs,Often,Neither good nor bad,Very little support,Average,Dissatisfied,Close to what I wanted,Mostly,0.312,0.5,0.375,0.583,0.5,-0.25,0.25,C3_3_75_plus,C3_3_75_plus
BRAC,CSE,0.917,4,75-89%,7-10 hrs,Occasionally when necessary,Most of it,5-6 hrs,Rarely,None,Often,Very distracting,Good support,Mostly manageable,Very satisfied,"Yes, exactly what I wanted",Slightly,0.375,0.583,0.375,0.75,0.375,-0.25,-0.25,C2_3_50_to_3_74,C2_3_50_to_3_74
CUET,CSE,0.875,4,90% or more,3-6 hrs,Regularly but not every day,Most of it,Less than 5 hrs,Rarely,1-5 hrs,Almost every day,Mostly suitable,Good support,Completely unmanageable,Satisfied,Close to what I wanted,Mostly,0.438,0.25,0.75,0.75,0.188,-0.75,0.25,C2_3_50_to_3_74,C2_3_50_to_3_74
BRAC,CSE,0.917,4,90% or more,11-15 hrs,Mostly just before exams,Most of it,5-6 hrs,Often,1-5 hrs,Often,Mostly suitable,Good support,Difficult to manage,Neutral,Close to what I wanted,Slightly,0.562,0.25,0.75,0.5,0.562,0.0,0.375,C1_3_20_to_3_49,C1_3_20_to_3_49
BRAC,CSE,0.917,4,60-74%,7-10 hrs,Mostly just before exams,About half,6-7 hrs,Never,6-10 hrs,Often,Mostly suitable,Some support,Difficult to manage,Satisfied,Close to what I wanted,Completely,0.375,0.583,0.625,0.833,0.25,-0.25,0.125,C0_below_3_20,C1_3_20_to_3_49
BUET,CSE,0.875,4,90% or more,7-10 hrs,Mostly consistent routine,Most of it,7-8 hrs,Sometimes,6-10 hrs,Sometimes,Somewhat distracting,No support,Very healthy and balanced,Very satisfied,"Yes, exactly what I wanted",Completely,0.688,0.75,0.125,1.0,0.375,0.0,0.0,C0_below_3_20,C1_3_20_to_3_49
BRAC,CSE,0.833,4,75-89%,3-6 hrs,Regularly but not every day,Most of it,5-6 hrs,Rarely,1-5 hrs,Sometimes,Excellent for focused study,Very little support,Mostly manageable,Satisfied,"Yes, exactly what I wanted",Not at all,0.5,0.583,0.625,0.583,0.188,-0.25,-0.125,C1_3_20_to_3_49,C1_3_20_to_3_49
BUET,CSE,0.875,4,75-89%,7-10 hrs,Occasionally when necessary,A little,5-6 hrs,Sometimes,6-10 hrs,Rarely,Neither good nor bad,Very little support,Difficult to manage,Satisfied,"Yes, exactly what I wanted",Mostly,0.5,0.333,0.375,0.833,0.125,0.25,0.375,C3_3_75_plus,C3_3_75_plus
BRAC,CSE,0.833,4,75-89%,3-6 hrs,Occasionally when necessary,Most of it,6-7 hrs,Often,1-5 hrs,Often,Somewhat distracting,Good support,Very healthy and balanced,Neutral,"Yes, exactly what I wanted",Mostly,0.312,0.583,0.5,0.75,0.188,-0.5,0.0,C2_3_50_to_3_74,C2_3_50_to_3_74
BRAC,EEE,0.917,4,90% or more,Less than 3 hrs,Occasionally when necessary,Almost everything,5-6 hrs,Almost always,1-5 hrs,Often,Mostly suitable,Good support,Mostly manageable,Satisfied,"Yes, exactly what I wanted",Somewhat,0.312,0.333,0.75,0.75,0.0,-0.75,0.25,C2_3_50_to_3_74,C2_3_50_to_3_74
BRAC,CSE,0.917,4,75-89%,Less than 3 hrs,Mostly just before exams,Most of it,5-6 hrs,Almost always,None,Sometimes,Excellent for focused study,Some support,Average,Neutral,"Yes, exactly what I wanted",Somewhat,0.375,0.25,0.75,0.667,0.0,-0.5,0.25,C0_below_3_20,C0_below_3_20
BUET,ChE,1.375,4,90% or more,More than 15 hrs,Mostly just before exams,A little,7-8 hrs,Never,6-10 hrs,Rarely,Mostly suitable,Good support,Difficult to manage,Neutral,Not at all what I wanted,Somewhat,0.75,0.667,0.75,0.333,0.25,0.75,0.125,C0_below_3_20,C3_3_75_plus
BUET,Other,1.375,4,90% or more,3-6 hrs,Consistent throughout the semester,Almost everything,7-8 hrs,Often,11-15 hrs,Sometimes,Excellent for focused study,Strong support,Mostly manageable,Satisfied,Close to what I wanted,Slightly,0.688,0.583,1.0,0.583,0.25,-0.25,0.375,C0_below_3_20,C0_below_3_20
BRAC,EEE,0.917,4,90% or more,Less than 3 hrs,Occasionally when necessary,About half,6-7 hrs,Sometimes,1-5 hrs,Almost every day,Somewhat distracting,Some support,Very healthy and balanced,Neutral,Close to what I wanted,Mostly,0.25,0.667,0.375,0.667,0.0,-1.0,-0.125,C3_3_75_plus,C3_3_75_plus
BUET,Other,0.5,2,60-74%,3-6 hrs,Regularly but not every day,A little,More than 8 hrs,Never,6-10 hrs,Almost every day,Somewhat distracting,Good support,Difficult to manage,Very satisfied,"Yes, exactly what I wanted",Mostly,0.312,0.75,0.5,0.917,0.062,-0.75,0.125,C3_3_75_plus,C3_3_75_plus
BUET,Other,0.625,3,90% or more,More than 15 hrs,Mostly just before exams,Most of it,7-8 hrs,Almost always,6-10 hrs,Rarely,Neither good nor bad,No support,Average,Neutral,Mostly different,Completely,0.75,0.417,0.25,0.583,0.75,0.75,0.5,C1_3_20_to_3_49,C3_3_75_plus
BRAC,EEE,0.833,4,90% or more,7-10 hrs,Occasionally when necessary,About half,6-7 hrs,Sometimes,1-5 hrs,Rarely,Mostly suitable,Some support,Mostly manageable,Satisfied,Somewhat different,Not at all,0.562,0.583,0.625,0.417,0.25,0.25,0.0,C1_3_20_to_3_49,C1_3_20_to_3_49
BUET,ME,0.75,3,60-74%,More than 15 hrs,Mostly consistent routine,Almost nothing,7-8 hrs,Almost always,None,Almost every day,Mostly suitable,Very little support,Completely unmanageable,Neutral,Somewhat different,Slightly,0.562,0.25,0.5,0.417,0.0,0.0,0.5,C0_below_3_20,C2_3_50_to_3_74
BUET,Other,0.125,1,60-74%,7-10 hrs,Occasionally when necessary,Almost everything,6-7 hrs,Never,11-15 hrs,Rarely,Very distracting,Some support,Completely unmanageable,Satisfied,Not at all what I wanted,Somewhat,0.438,0.5,0.25,0.417,0.5,0.25,0.375,C2_3_50_to_3_74,C0_below_3_20
BUET,Other,1.125,4,75-89%,3-6 hrs,Occasionally when necessary,Almost nothing,6-7 hrs,Sometimes,6-10 hrs,Rarely,Neither good nor bad,No support,Very healthy and balanced,Satisfied,Somewhat different,Somewhat,0.438,0.667,0.25,0.583,0.0,0.0,0.0,C3_3_75_plus,C1_3_20_to_3_49
BUET,Other,1.25,4,60-74%,Less than 3 hrs,Consistent throughout the semester,Most of it,Less than 5 hrs,Rarely,None,Sometimes,Excellent for focused study,Good support,Very healthy and balanced,Very satisfied,Not at all what I wanted,Completely,0.5,0.583,0.875,0.667,0.0,-0.5,-0.375,C0_below_3_20,C3_3_75_plus
BUET,EEE,0.375,2,75-89%,11-15 hrs,Mostly just before exams,About half,7-8 hrs,Often,1-5 hrs,Almost every day,Neither good nor bad,No support,Average,Very satisfied,Mostly different,Not at all,0.438,0.5,0.25,0.417,0.375,-0.25,0.25,C0_below_3_20,C0_below_3_20
BUET,CSE,0.5,2,75-89%,7-10 hrs,Occasionally when necessary,A little,7-8 hrs,Rarely,None,Never,Somewhat distracting,No support,Average,Satisfied,"Yes, exactly what I wanted",Completely,0.562,0.667,0.125,0.917,0.125,0.5,-0.125,C2_3_50_to_3_74,C3_3_75_plus
BUET,BME,0.5,2,90% or more,7-10 hrs,Mostly just before exams,Most of it,6-7 hrs,Often,1-5 hrs,Often,Somewhat distracting,Some support,Completely unmanageable,Very satisfied,Somewhat different,Not at all,0.5,0.25,0.375,0.5,0.375,-0.25,0.5,C0_below_3_20,C3_3_75_plus
BUET,ARCH,0.125,1,90% or more,3-6 hrs,Regularly but not every day,Most of it,7-8 hrs,Rarely,None,Rarely,Mostly suitable,Good support,Difficult to manage,Satisfied,Somewhat different,Somewhat,0.625,0.583,0.75,0.583,0.188,0.0,0.0,C0_below_3_20,C1_3_20_to_3_49
BUET,URP,0.125,1,75-89%,More than 15 hrs,Occasionally when necessary,A little,More than 8 hrs,Sometimes,None,Never,Very distracting,Good support,Average,Neutral,Close to what I wanted,Not at all,0.688,0.667,0.375,0.417,0.25,1.0,0.0,C3_3_75_plus,C3_3_75_plus
BUET,CE,0.625,3,75-89%,More than 15 hrs,Regularly but not every day,Most of it,7-8 hrs,Rarely,11-15 hrs,Almost every day,Neither good nor bad,Strong support,Difficult to manage,Satisfied,Somewhat different,Somewhat,0.562,0.583,0.75,0.583,0.75,0.0,0.375,C2_3_50_to_3_74,C2_3_50_to_3_74
BUET,Other,1.25,4,75-89%,More than 15 hrs,Regularly but not every day,Almost everything,More than 8 hrs,Almost always,1-5 hrs,Rarely,Neither good nor bad,Some support,Difficult to manage,Satisfied,Close to what I wanted,Completely,0.75,0.417,0.5,0.833,1.0,0.75,0.5,C0_below_3_20,C3_3_75_plus
BUET,ChE,1.0,4,75-89%,7-10 hrs,Regularly but not every day,Almost nothing,7-8 hrs,Often,11-15 hrs,Never,Mostly suitable,Some support,Mostly manageable,Very satisfied,Somewhat different,Mostly,0.688,0.583,0.625,0.75,0.0,0.5,0.375,C2_3_50_to_3_74,C0_below_3_20
BUET,Other,1.25,4,60-74%,3-6 hrs,Regularly but not every day,About half,More than 8 hrs,Often,1-5 hrs,Often,Neither good nor bad,Some support,Completely unmanageable,Satisfied,Close to what I wanted,Completely,0.375,0.417,0.5,0.833,0.125,-0.5,0.5,C0_below_3_20,C1_3_20_to_3_49
BUET,Other,0.875,4,90% or more,7-10 hrs,Mostly consistent routine,About half,7-8 hrs,Sometimes,More than 15 hrs,Sometimes,Mostly suitable,Good support,Mostly manageable,Satisfied,Not at all what I wanted,Somewhat,0.688,0.667,0.75,0.417,0.25,0.0,0.375,C0_below_3_20,C2_3_50_to_3_74
BUET,Other,1.0,4,60-74%,11-15 hrs,Regularly but not every day,About half,Less than 5 hrs,Almost always,1-5 hrs,Sometimes,Neither good nor bad,Some support,Average,Neutral,Not at all what I wanted,Completely,0.562,0.167,0.5,0.5,0.375,0.25,0.375,C1_3_20_to_3_49,C1_3_20_to_3_49
BUET,ME,1.5,4,60-74%,11-15 hrs,Mostly just before exams,Most of it,More than 8 hrs,Often,6-10 hrs,Never,Very distracting,Good support,Mostly manageable,Very satisfied,Mostly different,Mostly,0.625,0.667,0.375,0.667,0.562,0.75,0.25,C2_3_50_to_3_74,C0_below_3_20
BRAC,CSE,0.917,4,90% or more,3-6 hrs,Occasionally when necessary,A little,5-6 hrs,Sometimes,6-10 hrs,Sometimes,Neither good nor bad,Good support,Average,Satisfied,"Yes, exactly what I wanted",Somewhat,0.438,0.417,0.625,0.75,0.062,-0.25,0.25,C2_3_50_to_3_74,C2_3_50_to_3_74
BUET,Other,0.75,3,75-89%,Less than 3 hrs,Mostly just before exams,Most of it,Less than 5 hrs,Never,None,Rarely,Very distracting,Some support,Mostly manageable,Neutral,Not at all what I wanted,Somewhat,0.438,0.583,0.25,0.333,0.0,-0.25,-0.375,C0_below_3_20,C1_3_20_to_3_49
BUET,Other,1.375,4,90% or more,3-6 hrs,Regularly but not every day,A little,7-8 hrs,Never,11-15 hrs,Sometimes,Excellent for focused study,Some support,Average,Very satisfied,"Yes, exactly what I wanted",Somewhat,0.562,0.75,0.75,0.833,0.062,-0.25,0.125,C0_below_3_20,C1_3_20_to_3_49
BRAC,EEE,0.833,4,90% or more,Less than 3 hrs,Mostly just before exams,Almost everything,6-7 hrs,Almost always,11-15 hrs,Often,Mostly suitable,Strong support,Average,Satisfied,Not at all what I wanted,Slightly,0.375,0.333,0.875,0.333,0.0,-0.75,0.625,C3_3_75_plus,C3_3_75_plus
BUET,Other,0.125,1,75-89%,7-10 hrs,Mostly just before exams,Almost everything,6-7 hrs,Rarely,11-15 hrs,Almost every day,Mostly suitable,Good support,Average,Very satisfied,"Yes, exactly what I wanted",Completely,0.375,0.583,0.75,1.0,0.5,-0.5,0.25,C0_below_3_20,C3_3_75_plus
BUET,EEE,0.625,3,90% or more,3-6 hrs,Occasionally when necessary,Almost nothing,5-6 hrs,Often,6-10 hrs,Often,Neither good nor bad,Strong support,Average,Neutral,Mostly different,Not at all,0.375,0.333,0.75,0.25,0.0,-0.5,0.375,C3_3_75_plus,C2_3_50_to_3_74
BUET,CSE,1.375,4,90% or more,Less than 3 hrs,Occasionally when necessary,Almost everything,6-7 hrs,Rarely,11-15 hrs,Sometimes,Mostly suitable,Very little support,Mostly manageable,Very satisfied,"Yes, exactly what I wanted",Completely,0.375,0.667,0.5,1.0,0.0,-0.5,0.125,C0_below_3_20,C0_below_3_20
BRAC,ECE,0.917,4,90% or more,3-6 hrs,Regularly but not every day,About half,Less than 5 hrs,Rarely,1-5 hrs,Sometimes,Very distracting,Some support,Average,Satisfied,Somewhat different,Slightly,0.562,0.417,0.25,0.5,0.125,-0.25,0.0,C0_below_3_20,C0_below_3_20
BUET,BME,0.5,2,75-89%,Less than 3 hrs,Regularly but not every day,A little,Less than 5 hrs,Often,6-10 hrs,Almost every day,Somewhat distracting,Good support,Very healthy and balanced,Neutral,Mostly different,Mostly,0.312,0.417,0.5,0.5,0.0,-1.0,0.125,C2_3_50_to_3_74,C1_3_20_to_3_49
BUET,ARCH,0.125,1,75-89%,3-6 hrs,Mostly consistent routine,Almost everything,Less than 5 hrs,Rarely,6-10 hrs,Never,Very distracting,Good support,Mostly manageable,Satisfied,Not at all what I wanted,Slightly,0.688,0.5,0.375,0.333,0.25,0.25,0.0,C1_3_20_to_3_49,C1_3_20_to_3_49
BUET,URP,1.125,4,60-74%,3-6 hrs,Regularly but not every day,About half,6-7 hrs,Almost always,More than 15 hrs,Rarely,Very distracting,Strong support,Very healthy and balanced,Satisfied,"Yes, exactly what I wanted",Slightly,0.5,0.5,0.5,0.667,0.125,0.0,0.5,C0_below_3_20,C1_3_20_to_3_49
BRAC,ECE,0.833,4,90% or more,Less than 3 hrs,Regularly but not every day,Almost nothing,7-8 hrs,Sometimes,None,Sometimes,Somewhat distracting,Good support,Mostly manageable,Satisfied,"Yes, exactly what I wanted",Mostly,0.5,0.667,0.5,0.833,0.0,-0.5,-0.125,C0_below_3_20,C1_3_20_to_3_49
BUET,CE,1.5,4,90% or more,Less than 3 hrs,Mostly consistent routine,Most of it,5-6 hrs,Rarely,None,Often,Excellent for focused study,No support,Mostly manageable,Satisfied,"Yes, exactly what I wanted",Slightly,0.5,0.583,0.5,0.667,0.0,-0.75,-0.25,C0_below_3_20,C0_below_3_20
BRAC,EEE,0.917,4,90% or more,3-6 hrs,Mostly just before exams,A little,6-7 hrs,Often,6-10 hrs,Almost every day,Very distracting,Some support,Mostly manageable,Satisfied,Mostly different,Slightly,0.375,0.5,0.25,0.417,0.062,-0.75,0.25,C0_below_3_20,C0_below_3_20
BUET,Other,0.25,1,90% or more,11-15 hrs,Consistent throughout the semester,Almost nothing,6-7 hrs,Rarely,None,Often,Somewhat distracting,No support,Very healthy and balanced,Very satisfied,Close to what I wanted,Slightly,0.75,0.75,0.125,0.667,0.0,0.0,-0.375,C3_3_75_plus,C0_below_3_20
BUET,ChE,0.375,2,75-89%,3-6 hrs,Occasionally when necessary,Most of it,6-7 hrs,Sometimes,More than 15 hrs,Often,Very distracting,Strong support,Mostly manageable,Very satisfied,Close to what I wanted,Completely,0.312,0.583,0.5,0.917,0.188,-0.5,0.375,C3_3_75_plus,C3_3_75_plus
BUET,Other,1.5,4,75-89%,Less than 3 hrs,Regularly but not every day,About half,Less than 5 hrs,Almost always,More than 15 hrs,Almost every day,Neither good nor bad,No support,Completely unmanageable,Very satisfied,"Yes, exactly what I wanted",Somewhat,0.312,0.0,0.25,0.833,0.0,-1.0,1.0,C3_3_75_plus,C0_below_3_20
BUET,Other,1.5,4,75-89%,11-15 hrs,Consistent throughout the semester,Most of it,Less than 5 hrs,Sometimes,11-15 hrs,Never,Very distracting,No support,Average,Neutral,Not at all what I wanted,Slightly,0.875,0.333,0.0,0.25,0.562,0.75,0.375,C3_3_75_plus,C1_3_20_to_3_49
BRAC,CSE,0.833,4,90% or more,Less than 3 hrs,Regularly but not every day,A little,6-7 hrs,Sometimes,6-10 hrs,Almost every day,Mostly suitable,Good support,Average,Neutral,Close to what I wanted,Mostly,0.375,0.5,0.75,0.667,0.0,-1.0,0.25,C3_3_75_plus,C3_3_75_plus
BUET,Other,0.875,4,75-89%,Less than 3 hrs,Regularly but not every day,Almost everything,More than 8 hrs,Rarely,More than 15 hrs,Never,Somewhat distracting,No support,Mostly manageable,Neutral,Not at all what I wanted,Mostly,0.562,0.833,0.125,0.417,0.0,0.0,0.25,C1_3_20_to_3_49,C2_3_50_to_3_74
BUET,ME,1.375,4,60-74%,Less than 3 hrs,Regularly but not every day,A little,Less than 5 hrs,Rarely,More than 15 hrs,Almost every day,Somewhat distracting,Very little support,Very healthy and balanced,Satisfied,Somewhat different,Mostly,0.25,0.583,0.25,0.667,0.0,-1.0,0.125,C3_3_75_plus,C3_3_75_plus
BRAC,CSE,0.917,4,90% or more,3-6 hrs,Mostly just before exams,Most of it,6-7 hrs,Often,11-15 hrs,Often,Somewhat distracting,Strong support,Average,Satisfied,Close to what I wanted,Somewhat,0.438,0.417,0.625,0.667,0.188,-0.5,0.5,C0_below_3_20,C0_below_3_20
BUET,Other,1.375,4,75-89%,7-10 hrs,Mostly just before exams,Most of it,More than 8 hrs,Almost always,1-5 hrs,Rarely,Very distracting,Some support,Mostly manageable,Very satisfied,Close to what I wanted,Completely,0.562,0.583,0.25,0.917,0.375,0.25,0.25,C0_below_3_20,C0_below_3_20
BRAC,CSE,0.917,4,75-89%,3-6 hrs,Occasionally when necessary,Almost everything,7-8 hrs,Almost always,6-10 hrs,Often,Somewhat distracting,Very little support,Average,Very satisfied,Close to what I wanted,Mostly,0.312,0.417,0.25,0.833,0.25,-0.5,0.5,C1_3_20_to_3_49,C2_3_50_to_3_74
BUET,Other,0.625,3,75-89%,More than 15 hrs,Mostly just before exams,Almost everything,Less than 5 hrs,Sometimes,More than 15 hrs,Almost every day,Mostly suitable,Good support,Mostly manageable,Satisfied,Close to what I wanted,Not at all,0.5,0.417,0.75,0.5,1.0,0.0,0.375,C0_below_3_20,C2_3_50_to_3_74
BUET,Other,1.125,4,60-74%,Less than 3 hrs,Mostly just before exams,Almost everything,6-7 hrs,Sometimes,1-5 hrs,Never,Somewhat distracting,No support,Very healthy and balanced,Neutral,Mostly different,Mostly,0.438,0.667,0.125,0.5,0.0,0.0,-0.125,C0_below_3_20,C2_3_50_to_3_74
BUET,EEE,0.5,2,90% or more,3-6 hrs,Mostly consistent routine,A little,5-6 hrs,Rarely,More than 15 hrs,Almost every day,Mostly suitable,Some support,Difficult to manage,Very satisfied,Close to what I wanted,Completely,0.5,0.417,0.625,0.917,0.062,-0.75,0.5,C3_3_75_plus,C0_below_3_20
BRAC,CSE,0.917,4,90% or more,Less than 3 hrs,Occasionally when necessary,Most of it,7-8 hrs,Sometimes,6-10 hrs,Sometimes,Mostly suitable,Some support,Average,Satisfied,Somewhat different,Somewhat,0.375,0.583,0.625,0.583,0.0,-0.5,0.25,C2_3_50_to_3_74,C2_3_50_to_3_74
BRAC,CSE,0.917,4,75-89%,7-10 hrs,Regularly but not every day,About half,5-6 hrs,Rarely,More than 15 hrs,Almost every day,Mostly suitable,Good support,Average,Neutral,Somewhat different,Somewhat,0.438,0.5,0.75,0.5,0.25,-0.5,0.375,C1_3_20_to_3_49,C2_3_50_to_3_74
BUET,CSE,0.375,2,90% or more,Less than 3 hrs,Consistent throughout the semester,Most of it,More than 8 hrs,Almost always,More than 15 hrs,Rarely,Excellent for focused study,Strong support,Very healthy and balanced,Very satisfied,"Yes, exactly what I wanted",Mostly,0.688,0.667,1.0,0.917,0.0,-0.25,0.5,C2_3_50_to_3_74,C0_below_3_20
BRAC,CSE,0.833,4,90% or more,7-10 hrs,Regularly but not every day,A little,5-6 hrs,Almost always,6-10 hrs,Sometimes,Somewhat distracting,Some support,Average,Satisfied,"Yes, exactly what I wanted",Slightly,0.625,0.25,0.375,0.667,0.125,0.0,0.5,C2_3_50_to_3_74,C2_3_50_to_3_74
BUET,BME,0.625,3,90% or more,7-10 hrs,Regularly but not every day,Most of it,5-6 hrs,Never,1-5 hrs,Almost every day,Mostly suitable,Very little support,Average,Very satisfied,Somewhat different,Completely,0.5,0.583,0.5,0.833,0.375,-0.5,-0.125,C0_below_3_20,C3_3_75_plus
BUET,ARCH,0.75,3,90% or more,7-10 hrs,Occasionally when necessary,Most of it,6-7 hrs,Sometimes,1-5 hrs,Often,Excellent for focused study,Good support,Completely unmanageable,Neutral,Close to what I wanted,Mostly,0.438,0.333,0.875,0.667,0.375,-0.25,0.375,C2_3_50_to_3_74,C3_3_75_plus
BRAC,CSE,0.833,4,75-89%,Less than 3 hrs,Occasionally when necessary,Most of it,6-7 hrs,Often,None,Almost every day,Neither good nor bad,Good support,Average,Neutral,Close to what I wanted,Somewhat,0.188,0.417,0.625,0.583,0.0,-1.0,0.125,C1_3_20_to_3_49,C1_3_20_to_3_49
BUET,URP,0.375,2,60-74%,3-6 hrs,Mostly consistent routine,Most of it,6-7 hrs,Never,None,Often,Neither good nor bad,No support,Average,Neutral,Not at all what I wanted,Slightly,0.438,0.667,0.25,0.25,0.188,-0.5,-0.25,C1_3_20_to_3_49,C3_3_75_plus
BUET,CE,1.25,4,60-74%,More than 15 hrs,Regularly but not every day,Almost everything,More than 8 hrs,Often,1-5 hrs,Rarely,Excellent for focused study,No support,Mostly manageable,Satisfied,Not at all what I wanted,Not at all,0.688,0.667,0.5,0.25,1.0,0.75,0.125,C1_3_20_to_3_49,C1_3_20_to_3_49
BRAC,EEE,0.917,4,75-89%,7-10 hrs,Regularly but not every day,Almost nothing,6-7 hrs,Almost always,1-5 hrs,Sometimes,Mostly suitable,Good support,Difficult to manage,Satisfied,Close to what I wanted,Mostly,0.562,0.25,0.75,0.75,0.0,0.0,0.5,C3_3_75_plus,C3_3_75_plus
BUET,Other,1.25,4,75-89%,3-6 hrs,Mostly just before exams,A little,More than 8 hrs,Almost always,11-15 hrs,Rarely,Excellent for focused study,No support,Completely unmanageable,Neutral,Not at all what I wanted,Not at all,0.5,0.333,0.5,0.167,0.062,0.0,0.875,C3_3_75_plus,C0_below_3_20
BUET,ChE,0.125,1,60-74%,3-6 hrs,Regularly but not every day,A little,6-7 hrs,Almost always,6-10 hrs,Rarely,Very distracting,Very little support,Mostly manageable,Very satisfied,"Yes, exactly what I wanted",Slightly,0.5,0.417,0.125,0.75,0.062,0.0,0.375,C2_3_50_to_3_74,C1_3_20_to_3_49
BUET,Other,1.5,4,90% or more,3-6 hrs,Regularly but not every day,About half,5-6 hrs,Often,6-10 hrs,Rarely,Mostly suitable,Very little support,Completely unmanageable,Neutral,Not at all what I wanted,Mostly,0.625,0.167,0.5,0.417,0.125,0.0,0.625,C1_3_20_to_3_49,C0_below_3_20
BRAC,CSE,0.833,4,75-89%,Less than 3 hrs,Mostly consistent routine,Almost nothing,Less than 5 hrs,Sometimes,6-10 hrs,Sometimes,Mostly suitable,Some support,Mostly manageable,Satisfied,"Yes, exactly what I wanted",Mostly,0.5,0.417,0.625,0.833,0.0,-0.5,0.125,C1_3_20_to_3_49,C2_3_50_to_3_74
BUET,Other,0.375,2,90% or more,11-15 hrs,Regularly but not every day,Almost everything,5-6 hrs,Never,None,Sometimes,Very distracting,No support,Mostly manageable,Satisfied,"Yes, exactly what I wanted",Not at all,0.688,0.667,0.0,0.583,0.75,0.25,-0.375,C0_below_3_20,C3_3_75_plus
BUET,Other,0.75,3,90% or more,3-6 hrs,Mostly consistent routine,A little,6-7 hrs,Almost always,1-5 hrs,Rarely,Mostly suitable,Very little support,Completely unmanageable,Neutral,Mostly different,Not at all,0.688,0.167,0.5,0.25,0.062,0.0,0.625,C0_below_3_20,C0_below_3_20
BRAC,CSE,0.917,4,75-89%,Less than 3 hrs,Occasionally when necessary,About half,5-6 hrs,Sometimes,1-5 hrs,Sometimes,Mostly suitable,Strong support,Completely unmanageable,Very satisfied,"Yes, exactly what I wanted",Mostly,0.312,0.25,0.875,0.917,0.0,-0.5,0.375,C1_3_20_to_3_49,C2_3_50_to_3_74
BUET,ME,0.625,3,90% or more,11-15 hrs,Regularly but not every day,Almost everything,7-8 hrs,Rarely,None,Often,Very distracting,No support,Average,Neutral,Mostly different,Somewhat,0.625,0.667,0.0,0.417,0.75,0.0,-0.125,C0_below_3_20,C0_below_3_20
BRAC,CSE,0.833,4,90% or more,7-10 hrs,Occasionally when necessary,Almost everything,6-7 hrs,Sometimes,6-10 hrs,Sometimes,Mostly suitable,Some support,Difficult to manage,Satisfied,"Yes, exactly what I wanted",Somewhat,0.5,0.417,0.625,0.75,0.5,0.0,0.375,C1_3_20_to_3_49,C2_3_50_to_3_74
BRAC,CSE,0.917,4,75-89%,7-10 hrs,Regularly but not every day,About half,7-8 hrs,Sometimes,6-10 hrs,Almost every day,Somewhat distracting,Good support,Average,Dissatisfied,"Yes, exactly what I wanted",Not at all,0.438,0.583,0.5,0.417,0.25,-0.5,0.25,C1_3_20_to_3_49,C0_below_3_20
BRAC,CSE,0.833,4,90% or more,3-6 hrs,Regularly but not every day,Almost nothing,6-7 hrs,Rarely,6-10 hrs,Often,Excellent for focused study,Very little support,Average,Neutral,Somewhat different,Mostly,0.5,0.583,0.625,0.583,0.0,-0.5,0.125,C1_3_20_to_3_49,C1_3_20_to_3_49
BRAC,CSE,0.917,4,75-89%,7-10 hrs,Mostly consistent routine,A little,5-6 hrs,Often,11-15 hrs,Often,Mostly suitable,Very little support,Difficult to manage,Satisfied,Close to what I wanted,Mostly,0.562,0.25,0.5,0.75,0.125,-0.25,0.625,C2_3_50_to_3_74,C2_3_50_to_3_74
BRAC,ECE,0.833,4,90% or more,3-6 hrs,Mostly just before exams,Almost nothing,7-8 hrs,Often,None,Often,Mostly suitable,Some support,Average,Satisfied,Close to what I wanted,Somewhat,0.438,0.5,0.625,0.667,0.0,-0.5,0.125,C1_3_20_to_3_49,C1_3_20_to_3_49
CUET,CSE,0.875,4,75-89%,More than 15 hrs,Mostly consistent routine,Most of it,5-6 hrs,Rarely,None,Rarely,Neither good nor bad,Good support,Average,Neutral,"Yes, exactly what I wanted",Somewhat,0.812,0.5,0.625,0.667,0.75,0.75,-0.125,C3_3_75_plus,C2_3_50_to_3_74
CUET,CSE,0.875,4,75-89%,More than 15 hrs,Regularly but not every day,Most of it,5-6 hrs,Rarely,11-15 hrs,Rarely,Somewhat distracting,Very little support,Mostly manageable,Satisfied,"Yes, exactly what I wanted",Somewhat,0.75,0.583,0.25,0.75,0.75,0.75,0.125,C2_3_50_to_3_74,C2_3_50_to_3_74
CUET,CSE,0.875,4,90% or more,More than 15 hrs,Regularly but not every day,Most of it,6-7 hrs,Rarely,11-15 hrs,Sometimes,Neither good nor bad,Good support,Mostly manageable,Neutral,"Yes, exactly what I wanted",Somewhat,0.75,0.667,0.625,0.667,0.75,0.5,0.125,C2_3_50_to_3_74,C2_3_50_to_3_74
CUET,BME,0.875,4,75-89%,11-15 hrs,Mostly just before exams,About half,6-7 hrs,Rarely,None,Sometimes,Mostly suitable,Good support,Mostly manageable,Dissatisfied,Somewhat different,Not at all,0.562,0.667,0.75,0.25,0.375,0.25,-0.25,C1_3_20_to_3_49,C1_3_20_to_3_49
CUET,BME,0.875,4,60-74%,11-15 hrs,Mostly just before exams,About half,6-7 hrs,Rarely,None,Often,Neither good nor bad,Good support,Average,Neutral,Close to what I wanted,Somewhat,0.438,0.583,0.625,0.583,0.375,0.0,-0.125,C1_3_20_to_3_49,C1_3_20_to_3_49
CUET,BME,0.875,4,75-89%,More than 15 hrs,Regularly but not every day,Most of it,6-7 hrs,Rarely,6-10 hrs,Sometimes,Mostly suitable,Some support,Mostly manageable,Neutral,Somewhat different,Slightly,0.688,0.667,0.625,0.417,0.75,0.5,0.0,C2_3_50_to_3_74,C1_3_20_to_3_49
CUET,BME,0.875,4,75-89%,11-15 hrs,Regularly but not every day,Most of it,6-7 hrs,Rarely,6-10 hrs,Sometimes,Mostly suitable,Some support,Average,Neutral,Close to what I wanted,Somewhat,0.625,0.583,0.625,0.583,0.562,0.25,0.125,C1_3_20_to_3_49,C2_3_50_to_3_74
CUET,BME,0.875,4,75-89%,More than 15 hrs,Regularly but not every day,About half,6-7 hrs,Sometimes,11-15 hrs,Sometimes,Mostly suitable,Some support,Average,Dissatisfied,Somewhat different,Slightly,0.688,0.5,0.625,0.333,0.5,0.5,0.375,C2_3_50_to_3_74,C2_3_50_to_3_74
CUET,EEE,0.875,4,75-89%,11-15 hrs,Occasionally when necessary,Most of it,6-7 hrs,Sometimes,11-15 hrs,Often,Mostly suitable,Good support,Average,Satisfied,"Yes, exactly what I wanted",Somewhat,0.438,0.5,0.75,0.75,0.562,0.0,0.375,C2_3_50_to_3_74,C1_3_20_to_3_49
CUET,ECE,0.875,4,75-89%,More than 15 hrs,Mostly consistent routine,Most of it,5-6 hrs,Rarely,6-10 hrs,Sometimes,Mostly suitable,Good support,Mostly manageable,Neutral,Close to what I wanted,Mostly,0.75,0.583,0.75,0.667,0.75,0.5,0.0,C2_3_50_to_3_74,C2_3_50_to_3_74
CUET,CE,0.875,4,60-74%,More than 15 hrs,Regularly but not every day,About half,6-7 hrs,Rarely,6-10 hrs,Sometimes,Neither good nor bad,Good support,Average,Neutral,"Yes, exactly what I wanted",Mostly,0.625,0.583,0.625,0.75,0.5,0.5,0.125,C2_3_50_to_3_74,C1_3_20_to_3_49
CUET,ECE,0.875,4,90% or more,More than 15 hrs,Mostly consistent routine,Most of it,6-7 hrs,Rarely,None,Rarely,Mostly suitable,Good support,Average,Satisfied,"Yes, exactly what I wanted",Somewhat,0.875,0.583,0.75,0.75,0.75,0.75,-0.125,C2_3_50_to_3_74,C2_3_50_to_3_74
BUET,ChE,1.0,4,60-74%,More than 15 hrs,Mostly just before exams,Almost nothing,Less than 5 hrs,Sometimes,11-15 hrs,Often,Very distracting,Good support,Difficult to manage,Very satisfied,Somewhat different,Not at all,0.5,0.25,0.375,0.5,0.0,0.25,0.5,C2_3_50_to_3_74,C1_3_20_to_3_49
BUET,Other,1.125,4,75-89%,More than 15 hrs,Regularly but not every day,Almost everything,7-8 hrs,Often,1-5 hrs,Sometimes,Somewhat distracting,Good support,Difficult to manage,Very satisfied,"Yes, exactly what I wanted",Completely,0.688,0.417,0.5,1.0,1.0,0.5,0.375,C3_3_75_plus,C0_below_3_20
BUET,Other,1.5,4,60-74%,More than 15 hrs,Consistent throughout the semester,Almost everything,6-7 hrs,Almost always,6-10 hrs,Often,Somewhat distracting,Strong support,Average,Very satisfied,"Yes, exactly what I wanted",Not at all,0.688,0.333,0.625,0.667,1.0,0.25,0.5,C0_below_3_20,C3_3_75_plus
BUET,Other,0.625,3,75-89%,More than 15 hrs,Consistent throughout the semester,A little,6-7 hrs,Never,6-10 hrs,Almost every day,Very distracting,No support,Difficult to manage,Neutral,Somewhat different,Not at all,0.688,0.583,0.0,0.333,0.25,0.0,0.125,C0_below_3_20,C1_3_20_to_3_49
BUET,ME,0.25,1,75-89%,Less than 3 hrs,Regularly but not every day,Almost everything,6-7 hrs,Almost always,6-10 hrs,Sometimes,Mostly suitable,Some support,Mostly manageable,Satisfied,Not at all what I wanted,Not at all,0.438,0.417,0.625,0.25,0.0,-0.5,0.375,C0_below_3_20,C1_3_20_to_3_49
BUET,Other,0.125,1,60-74%,More than 15 hrs,Mostly consistent routine,Almost everything,6-7 hrs,Often,None,Almost every day,Mostly suitable,Some support,Difficult to manage,Very satisfied,Mostly different,Somewhat,0.562,0.333,0.625,0.583,1.0,0.0,0.25,C0_below_3_20,C3_3_75_plus
BUET,Other,1.0,4,90% or more,More than 15 hrs,Mostly consistent routine,Almost everything,7-8 hrs,Never,1-5 hrs,Never,Somewhat distracting,Very little support,Mostly manageable,Satisfied,Not at all what I wanted,Somewhat,0.938,0.833,0.25,0.417,1.0,1.0,-0.25,C3_3_75_plus,C3_3_75_plus
BUET,Other,1.0,4,60-74%,More than 15 hrs,Occasionally when necessary,Almost everything,6-7 hrs,Often,1-5 hrs,Almost every day,Mostly suitable,Some support,Mostly manageable,Very satisfied,Mostly different,Mostly,0.375,0.5,0.625,0.667,1.0,0.0,0.125,C1_3_20_to_3_49,C0_below_3_20
BUET,EEE,1.5,4,60-74%,Less than 3 hrs,Consistent throughout the semester,Most of it,More than 8 hrs,Never,11-15 hrs,Never,Neither good nor bad,No support,Mostly manageable,Neutral,Not at all what I wanted,Mostly,0.625,0.917,0.25,0.417,0.0,0.0,0.0,C0_below_3_20,C2_3_50_to_3_74
BUET,CSE,1.375,4,90% or more,7-10 hrs,Mostly just before exams,A little,Less than 5 hrs,Almost always,More than 15 hrs,Rarely,Mostly suitable,Good support,Mostly manageable,Very satisfied,Not at all what I wanted,Not at all,0.625,0.25,0.75,0.333,0.125,0.25,0.625,C3_3_75_plus,C2_3_50_to_3_74
BUET,BME,0.25,1,90% or more,More than 15 hrs,Mostly consistent routine,Most of it,6-7 hrs,Often,More than 15 hrs,Almost every day,Very distracting,Very little support,Difficult to manage,Satisfied,Close to what I wanted,Completely,0.688,0.333,0.125,0.833,0.75,0.0,0.75,C1_3_20_to_3_49,C1_3_20_to_3_49
BUET,ARCH,0.5,2,60-74%,7-10 hrs,Consistent throughout the semester,Almost everything,7-8 hrs,Often,11-15 hrs,Often,Excellent for focused study,Very little support,Average,Satisfied,Close to what I wanted,Slightly,0.562,0.5,0.625,0.583,0.5,-0.25,0.5,C0_below_3_20,C3_3_75_plus
BUET,URP,1.25,4,90% or more,3-6 hrs,Regularly but not every day,Almost everything,6-7 hrs,Rarely,More than 15 hrs,Never,Very distracting,Some support,Very healthy and balanced,Satisfied,Close to what I wanted,Mostly,0.688,0.75,0.25,0.75,0.25,0.25,0.125,C0_below_3_20,C0_below_3_20
BUET,CE,0.5,2,90% or more,More than 15 hrs,Mostly just before exams,Most of it,6-7 hrs,Almost always,6-10 hrs,Never,Neither good nor bad,Very little support,Difficult to manage,Satisfied,Not at all what I wanted,Slightly,0.812,0.25,0.375,0.333,0.75,1.0,0.625,C0_below_3_20,C0_below_3_20
BUET,Other,1.5,4,90% or more,More than 15 hrs,Occasionally when necessary,Almost nothing,Less than 5 hrs,Almost always,1-5 hrs,Almost every day,Very distracting,Strong support,Mostly manageable,Neutral,"Yes, exactly what I wanted",Somewhat,0.5,0.25,0.5,0.667,0.0,0.0,0.25,C0_below_3_20,C0_below_3_20
BUET,ChE,0.625,3,90% or more,3-6 hrs,Occasionally when necessary,Almost everything,7-8 hrs,Almost always,None,Often,Somewhat distracting,Some support,Average,Neutral,Not at all what I wanted,Somewhat,0.375,0.417,0.375,0.333,0.25,-0.5,0.25,C3_3_75_plus,C2_3_50_to_3_74
BUET,Other,1.125,4,60-74%,Less than 3 hrs,Mostly consistent routine,About half,5-6 hrs,Rarely,More than 15 hrs,Often,Neither good nor bad,Strong support,Completely unmanageable,Satisfied,Not at all what I wanted,Not at all,0.375,0.333,0.75,0.25,0.0,-0.75,0.625,C1_3_20_to_3_49,C0_below_3_20
BUET,Other,0.375,2,90% or more,11-15 hrs,Consistent throughout the semester,About half,7-8 hrs,Never,6-10 hrs,Rarely,Somewhat distracting,No support,Average,Very satisfied,"Yes, exactly what I wanted",Mostly,0.875,0.75,0.125,0.917,0.375,0.5,0.0,C1_3_20_to_3_49,C2_3_50_to_3_74
BUET,Other,0.125,1,75-89%,3-6 hrs,Mostly consistent routine,A little,7-8 hrs,Never,6-10 hrs,Almost every day,Excellent for focused study,No support,Mostly manageable,Very satisfied,Somewhat different,Slightly,0.438,0.833,0.5,0.583,0.062,-0.75,-0.125,C3_3_75_plus,C1_3_20_to_3_49
BUET,ME,1.125,4,75-89%,11-15 hrs,Mostly consistent routine,Almost nothing,7-8 hrs,Almost always,None,Rarely,Excellent for focused study,Good support,Average,Neutral,Not at all what I wanted,Somewhat,0.75,0.417,0.875,0.333,0.0,0.5,0.25,C1_3_20_to_3_49,C0_below_3_20
BUET,Other,1.0,4,75-89%,More than 15 hrs,Mostly just before exams,Almost nothing,More than 8 hrs,Rarely,More than 15 hrs,Rarely,Neither good nor bad,Good support,Average,Very satisfied,Mostly different,Completely,0.688,0.75,0.625,0.75,0.0,0.75,0.375,C0_below_3_20,C0_below_3_20
BUET,ME,0.75,3,90% or more,7-10 hrs,Occasionally when necessary,Almost everything,7-8 hrs,Almost always,1-5 hrs,Rarely,Very distracting,Good support,Difficult to manage,Very satisfied,Somewhat different,Mostly,0.562,0.333,0.375,0.75,0.5,0.25,0.5,C1_3_20_to_3_49,C0_below_3_20
BUET,CSE,0.75,3,90% or more,7-10 hrs,Occasionally when necessary,Almost everything,7-8 hrs,Almost always,1-5 hrs,Rarely,Very distracting,Good support,Difficult to manage,Very satisfied,Somewhat different,Mostly,0.562,0.333,0.375,0.75,0.5,0.25,0.5,C1_3_20_to_3_49,C0_below_3_20
BUET,EEE,1.5,4,90% or more,More than 15 hrs,Mostly just before exams,Most of it,7-8 hrs,Sometimes,1-5 hrs,Never,Neither good nor bad,Strong support,Mostly manageable,Neutral,Somewhat different,Somewhat,0.812,0.667,0.75,0.5,0.75,1.0,0.0,C1_3_20_to_3_49,C0_below_3_20
BUET,CE,0.625,3,75-89%,Less than 3 hrs,Consistent throughout the semester,A little,5-6 hrs,Sometimes,More than 15 hrs,Never,Mostly suitable,Good support,Completely unmanageable,Very satisfied,Not at all what I wanted,Completely,0.688,0.25,0.75,0.667,0.0,0.0,0.75,C1_3_20_to_3_49,C3_3_75_plus
BUET,ME,0.375,2,90% or more,11-15 hrs,Mostly just before exams,Almost nothing,Less than 5 hrs,Almost always,6-10 hrs,Almost every day,Excellent for focused study,Strong support,Very healthy and balanced,Very satisfied,"Yes, exactly what I wanted",Mostly,0.5,0.333,1.0,0.917,0.0,-0.25,0.25,C2_3_50_to_3_74,C3_3_75_plus
BUET,EEE,0.375,2,75-89%,More than 15 hrs,Consistent throughout the semester,Almost nothing,6-7 hrs,Almost always,11-15 hrs,Never,Very distracting,Good support,Average,Very satisfied,Close to what I wanted,Completely,0.938,0.333,0.375,0.917,0.0,1.0,0.625,C3_3_75_plus,C3_3_75_plus
BUET,CSE,0.75,3,75-89%,Less than 3 hrs,Consistent throughout the semester,A little,7-8 hrs,Sometimes,More than 15 hrs,Often,Somewhat distracting,Strong support,Difficult to manage,Neutral,Close to what I wanted,Somewhat,0.5,0.5,0.625,0.583,0.0,-0.75,0.625,C2_3_50_to_3_74,C1_3_20_to_3_49
BUET,CE,0.5,2,60-74%,11-15 hrs,Mostly consistent routine,About half,5-6 hrs,Almost always,None,Rarely,Neither good nor bad,Some support,Average,Neutral,Not at all what I wanted,Completely,0.688,0.25,0.5,0.5,0.375,0.5,0.25,C0_below_3_20,C0_below_3_20
BUET,ME,0.875,4,75-89%,3-6 hrs,Occasionally when necessary,A little,5-6 hrs,Rarely,11-15 hrs,Never,Excellent for focused study,Very little support,Very healthy and balanced,Very satisfied,Mostly different,Slightly,0.5,0.667,0.625,0.5,0.062,0.25,0.0,C0_below_3_20,C0_below_3_20
BUET,ME,0.625,3,60-74%,Less than 3 hrs,Occasionally when necessary,A little,7-8 hrs,Never,11-15 hrs,Sometimes,Neither good nor bad,Good support,Mostly manageable,Satisfied,Mostly different,Mostly,0.25,0.833,0.625,0.583,0.0,-0.5,0.0,C1_3_20_to_3_49,C3_3_75_plus
BUET,CE,0.625,3,90% or more,More than 15 hrs,Regularly but not every day,Almost nothing,6-7 hrs,Often,11-15 hrs,Rarely,Excellent for focused study,Some support,Average,Very satisfied,"Yes, exactly what I wanted",Somewhat,0.812,0.417,0.75,0.833,0.0,0.75,0.5,C3_3_75_plus,C0_below_3_20
BUET,EEE,0.125,1,60-74%,7-10 hrs,Consistent throughout the semester,Most of it,7-8 hrs,Never,1-5 hrs,Often,Very distracting,Some support,Difficult to manage,Very satisfied,Mostly different,Completely,0.562,0.667,0.25,0.75,0.375,-0.25,0.0,C3_3_75_plus,C0_below_3_20
BUET,CSE,0.125,1,60-74%,11-15 hrs,Occasionally when necessary,Most of it,6-7 hrs,Almost always,1-5 hrs,Almost every day,Excellent for focused study,Strong support,Average,Satisfied,Mostly different,Mostly,0.312,0.333,1.0,0.583,0.562,-0.25,0.375,C2_3_50_to_3_74,C0_below_3_20
BUET,CSE,0.625,3,90% or more,11-15 hrs,Mostly just before exams,About half,More than 8 hrs,Often,More than 15 hrs,Sometimes,Excellent for focused study,Very little support,Average,Neutral,Mostly different,Somewhat,0.625,0.583,0.625,0.417,0.375,0.25,0.625,C3_3_75_plus,C0_below_3_20
BUET,CE,0.75,3,60-74%,Less than 3 hrs,Regularly but not every day,Almost everything,5-6 hrs,Almost always,6-10 hrs,Sometimes,Very distracting,No support,Completely unmanageable,Very satisfied,Not at all what I wanted,Completely,0.375,0.083,0.0,0.667,0.0,-0.5,0.75,C2_3_50_to_3_74,C2_3_50_to_3_74
BUET,EEE,1.375,4,60-74%,More than 15 hrs,Occasionally when necessary,Almost nothing,5-6 hrs,Almost always,More than 15 hrs,Rarely,Excellent for focused study,Very little support,Difficult to manage,Satisfied,Close to what I wanted,Mostly,0.562,0.167,0.625,0.75,0.0,0.75,0.875,C0_below_3_20,C3_3_75_plus
BUET,ME,0.625,3,75-89%,More than 15 hrs,Regularly but not every day,Most of it,Less than 5 hrs,Sometimes,11-15 hrs,Never,Excellent for focused study,Some support,Completely unmanageable,Very satisfied,Not at all what I wanted,Mostly,0.812,0.167,0.75,0.583,0.75,1.0,0.625,C3_3_75_plus,C0_below_3_20
BUET,ME,0.625,3,90% or more,7-10 hrs,Regularly but not every day,About half,5-6 hrs,Sometimes,None,Rarely,Somewhat distracting,Good support,Mostly manageable,Satisfied,Somewhat different,Slightly,0.688,0.5,0.5,0.5,0.25,0.25,-0.125,C2_3_50_to_3_74,C2_3_50_to_3_74
BUET,EEE,1.25,4,75-89%,3-6 hrs,Regularly but not every day,Most of it,Less than 5 hrs,Never,11-15 hrs,Almost every day,Somewhat distracting,No support,Completely unmanageable,Satisfied,Not at all what I wanted,Slightly,0.375,0.333,0.125,0.333,0.188,-0.75,0.375,C1_3_20_to_3_49,C1_3_20_to_3_49
BRAC,CSE,0.917,4,90% or more,Less than 3 hrs,Mostly just before exams,A little,6-7 hrs,Rarely,None,Almost every day,Mostly suitable,Good support,Difficult to manage,Neutral,"Yes, exactly what I wanted",Slightly,0.312,0.5,0.75,0.583,0.0,-1.0,0.0,C0_below_3_20,C0_below_3_20
KUET,CSE,0.875,4,90% or more,3-6 hrs,Occasionally when necessary,About half,7-8 hrs,Sometimes,None,Often,Mostly suitable,Some support,Average,Neutral,Close to what I wanted,Somewhat,0.375,0.583,0.625,0.583,0.125,-0.5,0.0,C3_3_75_plus,C3_3_75_plus
KUET,CSE,0.875,4,90% or more,3-6 hrs,Mostly just before exams,Almost nothing,6-7 hrs,Rarely,None,Almost every day,Neither good nor bad,Good support,Difficult to manage,Satisfied,"Yes, exactly what I wanted",Somewhat,0.375,0.5,0.625,0.75,0.0,-0.75,0.0,C2_3_50_to_3_74,C2_3_50_to_3_74
KUET,CSE,0.875,4,90% or more,Less than 3 hrs,Mostly just before exams,A little,Less than 5 hrs,Sometimes,None,Often,Neither good nor bad,No support,Average,Satisfied,Close to what I wanted,Not at all,0.375,0.333,0.25,0.5,0.0,-0.75,0.0,C2_3_50_to_3_74,C2_3_50_to_3_74
KUET,CSE,0.875,4,40-59%,11-15 hrs,Mostly just before exams,Almost nothing,5-6 hrs,Often,More than 15 hrs,Rarely,Somewhat distracting,Some support,Difficult to manage,Dissatisfied,"Yes, exactly what I wanted",Slightly,0.5,0.25,0.375,0.5,0.0,0.5,0.75,C1_3_20_to_3_49,C1_3_20_to_3_49
KUET,CSE,0.5,2,90% or more,7-10 hrs,Regularly but not every day,A little,5-6 hrs,Sometimes,1-5 hrs,Almost every day,Mostly suitable,Strong support,Difficult to manage,Neutral,Close to what I wanted,Completely,0.5,0.333,0.875,0.75,0.125,-0.5,0.25,C2_3_50_to_3_74,C2_3_50_to_3_74
KUET,CSE,0.5,2,75-89%,3-6 hrs,Occasionally when necessary,About half,7-8 hrs,Often,None,Often,Neither good nor bad,Strong support,Mostly manageable,Neutral,"Yes, exactly what I wanted",Mostly,0.312,0.583,0.75,0.75,0.125,-0.5,0.0,C0_below_3_20,C0_below_3_20
KUET,Unknown,0.5,2,90% or more,Less than 3 hrs,Occasionally when necessary,About half,Less than 5 hrs,Sometimes,None,Often,Mostly suitable,Some support,Difficult to manage,Neutral,"Yes, exactly what I wanted",Mostly,0.312,0.25,0.625,0.75,0.0,-0.75,0.125,C2_3_50_to_3_74,C2_3_50_to_3_74
KUET,CSE,0.5,2,90% or more,7-10 hrs,Regularly but not every day,A little,7-8 hrs,Often,11-15 hrs,Almost every day,Mostly suitable,Good support,Mostly manageable,Neutral,Close to what I wanted,Somewhat,0.5,0.583,0.75,0.583,0.125,-0.5,0.375,C3_3_75_plus,C3_3_75_plus
KUET,CSE,0.5,2,75-89%,3-6 hrs,Mostly just before exams,A little,6-7 hrs,Sometimes,11-15 hrs,Often,Somewhat distracting,No support,Completely unmanageable,Satisfied,"Yes, exactly what I wanted",Slightly,0.375,0.333,0.125,0.667,0.062,-0.5,0.625,C3_3_75_plus,C3_3_75_plus
KUET,CSE,0.375,2,90% or more,More than 15 hrs,Occasionally when necessary,A little,5-6 hrs,Sometimes,1-5 hrs,Often,Neither good nor bad,Good support,Mostly manageable,Dissatisfied,"Yes, exactly what I wanted",Somewhat,0.562,0.5,0.625,0.583,0.25,0.25,0.0,C2_3_50_to_3_74,C3_3_75_plus
KUET,CSE,0.5,2,90% or more,3-6 hrs,Regularly but not every day,About half,6-7 hrs,Often,None,Sometimes,Excellent for focused study,Some support,Difficult to manage,Very dissatisfied,"Yes, exactly what I wanted",Mostly,0.562,0.333,0.75,0.583,0.125,-0.25,0.25,C3_3_75_plus,C3_3_75_plus
KUET,CSE,0.5,2,75-89%,More than 15 hrs,Regularly but not every day,A little,5-6 hrs,Often,1-5 hrs,Sometimes,Neither good nor bad,Good support,Difficult to manage,Dissatisfied,"Yes, exactly what I wanted",Not at all,0.688,0.25,0.625,0.417,0.25,0.5,0.375,C2_3_50_to_3_74,C2_3_50_to_3_74
KUET,CSE,0.375,2,90% or more,7-10 hrs,Regularly but not every day,About half,5-6 hrs,Often,None,Often,Very distracting,Very little support,Difficult to manage,Dissatisfied,"Yes, exactly what I wanted",Somewhat,0.562,0.25,0.125,0.583,0.25,-0.25,0.25,C3_3_75_plus,C2_3_50_to_3_74
KUET,CSE,0.625,3,90% or more,7-10 hrs,Mostly just before exams,A little,7-8 hrs,Sometimes,None,Almost every day,Neither good nor bad,Good support,Difficult to manage,Satisfied,Close to what I wanted,Somewhat,0.438,0.5,0.625,0.667,0.125,-0.5,0.125,C3_3_75_plus,C2_3_50_to_3_74
KUET,Unknown,0.625,3,90% or more,Less than 3 hrs,Mostly just before exams,A little,5-6 hrs,Sometimes,None,Almost every day,Mostly suitable,Good support,Difficult to manage,Neutral,"Yes, exactly what I wanted",Slightly,0.312,0.333,0.75,0.583,0.0,-1.0,0.125,C2_3_50_to_3_74,C1_3_20_to_3_49
KUET,Unknown,0.625,3,90% or more,Less than 3 hrs,Occasionally when necessary,About half,5-6 hrs,Sometimes,None,Almost every day,Mostly suitable,Good support,Difficult to manage,Neutral,Not at all what I wanted,Slightly,0.25,0.333,0.75,0.25,0.0,-1.0,0.125,C3_3_75_plus,C3_3_75_plus
KUET,CSE,0.625,3,75-89%,Less than 3 hrs,Mostly just before exams,Most of it,5-6 hrs,Sometimes,None,Almost every day,Neither good nor bad,Good support,Completely unmanageable,Neutral,"Yes, exactly what I wanted",Slightly,0.25,0.25,0.625,0.583,0.0,-1.0,0.25,C3_3_75_plus,C2_3_50_to_3_74
KUET,CSE,0.875,4,60-74%,11-15 hrs,Occasionally when necessary,A little,More than 8 hrs,Almost always,6-10 hrs,Almost every day,Neither good nor bad,No support,Completely unmanageable,Very dissatisfied,Not at all what I wanted,Not at all,0.312,0.333,0.25,0.0,0.188,-0.25,0.75,C2_3_50_to_3_74,C2_3_50_to_3_74
KUET,CSE,0.625,3,90% or more,More than 15 hrs,Occasionally when necessary,Almost nothing,6-7 hrs,Often,1-5 hrs,Sometimes,Excellent for focused study,Some support,Mostly manageable,Dissatisfied,"Yes, exactly what I wanted",Mostly,0.625,0.5,0.75,0.667,0.0,0.5,0.125,C3_3_75_plus,C3_3_75_plus
KUET,CSE,0.625,3,60-74%,Less than 3 hrs,Mostly just before exams,A little,5-6 hrs,Almost always,1-5 hrs,Almost every day,Mostly suitable,No support,Completely unmanageable,Neutral,"Yes, exactly what I wanted",Slightly,0.188,0.083,0.375,0.583,0.0,-1.0,0.625,C2_3_50_to_3_74,C2_3_50_to_3_74
KUET,CSE,0.875,4,90% or more,3-6 hrs,Mostly just before exams,A little,Less than 5 hrs,Often,1-5 hrs,Often,Excellent for focused study,Some support,Difficult to manage,Satisfied,Somewhat different,Slightly,0.438,0.167,0.75,0.5,0.062,-0.5,0.375,C2_3_50_to_3_74,C1_3_20_to_3_49
KUET,CSE,0.375,2,90% or more,Less than 3 hrs,Occasionally when necessary,About half,6-7 hrs,Often,None,Sometimes,Somewhat distracting,Very little support,Difficult to manage,Neutral,"Yes, exactly what I wanted",Somewhat,0.375,0.333,0.25,0.667,0.0,-0.5,0.25,C3_3_75_plus,C3_3_75_plus
KUET,CSE,0.5,2,90% or more,3-6 hrs,Occasionally when necessary,Almost nothing,5-6 hrs,Sometimes,None,Often,Excellent for focused study,Good support,Average,Very dissatisfied,"Yes, exactly what I wanted",Slightly,0.375,0.417,0.875,0.417,0.0,-0.5,0.0,C3_3_75_plus,C3_3_75_plus
KUET,CSE,0.625,3,60-74%,7-10 hrs,Mostly just before exams,Almost nothing,6-7 hrs,Sometimes,11-15 hrs,Often,Mostly suitable,Good support,Difficult to manage,Satisfied,"Yes, exactly what I wanted",Mostly,0.375,0.417,0.75,0.833,0.0,-0.25,0.5,C1_3_20_to_3_49,C0_below_3_20
KUET,CSE,0.875,4,60-74%,Less than 3 hrs,Mostly just before exams,About half,5-6 hrs,Almost always,1-5 hrs,Almost every day,Mostly suitable,Strong support,Completely unmanageable,Very satisfied,Close to what I wanted,Mostly,0.188,0.083,0.875,0.833,0.0,-1.0,0.625,C2_3_50_to_3_74,C2_3_50_to_3_74
KUET,CSE,0.875,4,90% or more,3-6 hrs,Mostly just before exams,Almost nothing,5-6 hrs,Often,None,Sometimes,Mostly suitable,Some support,Average,Neutral,Somewhat different,Not at all,0.5,0.333,0.625,0.333,0.0,-0.25,0.125,C1_3_20_to_3_49,C1_3_20_to_3_49
KUET,CSE,0.875,4,90% or more,Less than 3 hrs,Mostly just before exams,A little,6-7 hrs,Often,1-5 hrs,Often,Somewhat distracting,Very little support,Average,Neutral,"Yes, exactly what I wanted",Somewhat,0.375,0.417,0.25,0.667,0.0,-0.75,0.25,C1_3_20_to_3_49,C1_3_20_to_3_49
KUET,CSE,0.875,4,Less than 40%,Less than 3 hrs,Mostly just before exams,Almost nothing,6-7 hrs,Sometimes,6-10 hrs,Sometimes,Mostly suitable,Some support,Mostly manageable,Neutral,"Yes, exactly what I wanted",Mostly,0.188,0.583,0.625,0.75,0.0,-0.5,0.125,C3_3_75_plus,C2_3_50_to_3_74
KUET,CSE,0.875,4,75-89%,3-6 hrs,Occasionally when necessary,Almost nothing,6-7 hrs,Often,None,Almost every day,Mostly suitable,Some support,Difficult to manage,Dissatisfied,Close to what I wanted,Slightly,0.25,0.333,0.625,0.417,0.0,-0.75,0.25,C3_3_75_plus,C3_3_75_plus
KUET,CSE,0.875,4,75-89%,3-6 hrs,Mostly just before exams,A little,Less than 5 hrs,Often,More than 15 hrs,Sometimes,Mostly suitable,Some support,Average,Neutral,"Yes, exactly what I wanted",Mostly,0.438,0.25,0.625,0.75,0.062,-0.25,0.625,C1_3_20_to_3_49,C1_3_20_to_3_49
KUET,CSE,0.875,4,75-89%,Less than 3 hrs,Mostly just before exams,A little,5-6 hrs,Sometimes,6-10 hrs,Often,Mostly suitable,Some support,Difficult to manage,Neutral,"Yes, exactly what I wanted",Somewhat,0.312,0.333,0.625,0.667,0.0,-0.75,0.375,C1_3_20_to_3_49,C1_3_20_to_3_49
KUET,CSE,0.875,4,60-74%,7-10 hrs,Mostly just before exams,A little,Less than 5 hrs,Often,11-15 hrs,Sometimes,Neither good nor bad,Some support,Difficult to manage,Neutral,"Yes, exactly what I wanted",Somewhat,0.438,0.167,0.5,0.667,0.125,0.0,0.625,C1_3_20_to_3_49,C1_3_20_to_3_49
KUET,IEM,0.875,4,90% or more,11-15 hrs,Consistent throughout the semester,Most of it,7-8 hrs,Sometimes,6-10 hrs,Almost every day,Mostly suitable,Good support,Mostly manageable,Satisfied,Close to what I wanted,Mostly,0.688,0.667,0.75,0.75,0.562,-0.25,0.125,C3_3_75_plus,C2_3_50_to_3_74
KUET,IEM,0.875,4,90% or more,3-6 hrs,Mostly just before exams,A little,6-7 hrs,Sometimes,None,Often,Mostly suitable,Good support,Average,Neutral,Not at all what I wanted,Somewhat,0.438,0.5,0.75,0.333,0.062,-0.5,0.0,C1_3_20_to_3_49,C1_3_20_to_3_49
KUET,Unknown,0.875,4,60-74%,11-15 hrs,Mostly just before exams,Almost nothing,Less than 5 hrs,Sometimes,11-15 hrs,Sometimes,Neither good nor bad,Some support,Average,Very dissatisfied,Close to what I wanted,Somewhat,0.5,0.333,0.5,0.417,0.0,0.25,0.375,C1_3_20_to_3_49,C1_3_20_to_3_49
KUET,CSE,0.5,2,90% or more,3-6 hrs,Mostly just before exams,A little,5-6 hrs,Sometimes,1-5 hrs,Sometimes,Mostly suitable,Good support,Mostly manageable,Satisfied,Close to what I wanted,Mostly,0.5,0.5,0.75,0.75,0.062,-0.25,0.0,C2_3_50_to_3_74,C1_3_20_to_3_49
KUET,CSE,0.875,4,60-74%,Less than 3 hrs,Mostly just before exams,Almost nothing,6-7 hrs,Sometimes,None,Sometimes,Excellent for focused study,Good support,Average,Neutral,"Yes, exactly what I wanted",Slightly,0.312,0.5,0.875,0.583,0.0,-0.5,0.0,C2_3_50_to_3_74,C2_3_50_to_3_74
KUET,ARCH,0.875,4,60-74%,3-6 hrs,Occasionally when necessary,A little,5-6 hrs,Often,None,Often,Mostly suitable,Some support,Average,Dissatisfied,"Yes, exactly what I wanted",Somewhat,0.25,0.333,0.625,0.583,0.062,-0.5,0.125,C1_3_20_to_3_49,C2_3_50_to_3_74
KUET,ARCH,0.75,3,60-74%,Less than 3 hrs,Mostly just before exams,Almost nothing,5-6 hrs,Sometimes,1-5 hrs,Often,Neither good nor bad,No support,Difficult to manage,Neutral,"Yes, exactly what I wanted",Slightly,0.25,0.333,0.25,0.583,0.0,-0.75,0.25,C1_3_20_to_3_49,C1_3_20_to_3_49
KUET,CSE,0.875,4,90% or more,3-6 hrs,Occasionally when necessary,A little,6-7 hrs,Almost always,None,Almost every day,Mostly suitable,Good support,Average,Satisfied,"Yes, exactly what I wanted",Mostly,0.312,0.333,0.75,0.833,0.062,-0.75,0.25,C1_3_20_to_3_49,C1_3_20_to_3_49
KUET,CSE,0.875,4,60-74%,Less than 3 hrs,Mostly just before exams,A little,5-6 hrs,Often,11-15 hrs,Often,Mostly suitable,Some support,Difficult to manage,Satisfied,"Yes, exactly what I wanted",Slightly,0.25,0.25,0.625,0.667,0.0,-0.75,0.625,C1_3_20_to_3_49,C1_3_20_to_3_49
KUET,CSE,0.875,4,60-74%,3-6 hrs,Mostly just before exams,A little,5-6 hrs,Sometimes,1-5 hrs,Almost every day,Neither good nor bad,Some support,Difficult to manage,Neutral,"Yes, exactly what I wanted",Slightly,0.25,0.333,0.5,0.583,0.062,-0.75,0.25,C1_3_20_to_3_49,C1_3_20_to_3_49
KUET,CSE,0.875,4,90% or more,Less than 3 hrs,Occasionally when necessary,About half,6-7 hrs,Often,1-5 hrs,Sometimes,Mostly suitable,Strong support,Difficult to manage,Neutral,"Yes, exactly what I wanted",Somewhat,0.375,0.333,0.875,0.667,0.0,-0.5,0.375,C2_3_50_to_3_74,C1_3_20_to_3_49
KUET,CSE,0.875,4,90% or more,11-15 hrs,Occasionally when necessary,Most of it,6-7 hrs,Often,1-5 hrs,Often,Mostly suitable,Good support,Average,Satisfied,"Yes, exactly what I wanted",Mostly,0.5,0.417,0.75,0.833,0.562,0.0,0.25,C3_3_75_plus,C3_3_75_plus
KUET,CSE,0.875,4,90% or more,Less than 3 hrs,Mostly just before exams,About half,6-7 hrs,Often,1-5 hrs,Almost every day,Mostly suitable,Some support,Completely unmanageable,Very satisfied,"Yes, exactly what I wanted",Slightly,0.312,0.25,0.625,0.75,0.0,-1.0,0.5,C2_3_50_to_3_74,C2_3_50_to_3_74
KUET,CSE,0.875,4,75-89%,7-10 hrs,Occasionally when necessary,About half,5-6 hrs,Sometimes,More than 15 hrs,Sometimes,Neither good nor bad,Some support,Difficult to manage,Satisfied,"Yes, exactly what I wanted",Slightly,0.438,0.333,0.5,0.667,0.25,0.0,0.625,C1_3_20_to_3_49,C1_3_20_to_3_49
KUET,CSE,0.875,4,75-89%,7-10 hrs,Mostly just before exams,A little,6-7 hrs,Sometimes,6-10 hrs,Often,Neither good nor bad,Good support,Average,Satisfied,"Yes, exactly what I wanted",Slightly,0.438,0.5,0.625,0.667,0.125,-0.25,0.25,C3_3_75_plus,C1_3_20_to_3_49
KUET,CSE,0.875,4,90% or more,3-6 hrs,Mostly just before exams,About half,6-7 hrs,Often,More than 15 hrs,Almost every day,Mostly suitable,Good support,Difficult to manage,Satisfied,"Yes, exactly what I wanted",Mostly,0.375,0.333,0.75,0.833,0.125,-0.75,0.75,C2_3_50_to_3_74,C1_3_20_to_3_49
KUET,CSE,0.875,4,75-89%,Less than 3 hrs,Mostly just before exams,Most of it,5-6 hrs,Almost always,11-15 hrs,Rarely,Mostly suitable,Very little support,Difficult to manage,Very dissatisfied,"Yes, exactly what I wanted",Somewhat,0.438,0.167,0.5,0.5,0.0,-0.25,0.75,C3_3_75_plus,C3_3_75_plus
KUET,CSE,0.875,4,60-74%,11-15 hrs,Regularly but not every day,A little,6-7 hrs,Often,None,Sometimes,Neither good nor bad,Good support,Mostly manageable,Satisfied,"Yes, exactly what I wanted",Mostly,0.562,0.5,0.625,0.833,0.188,0.25,0.0,C1_3_20_to_3_49,C1_3_20_to_3_49
KUET,CSE,0.875,4,60-74%,3-6 hrs,Occasionally when necessary,A little,Less than 5 hrs,Almost always,None,Almost every day,Mostly suitable,Good support,Difficult to manage,Neutral,"Yes, exactly what I wanted",Slightly,0.188,0.083,0.75,0.583,0.062,-0.75,0.375,C1_3_20_to_3_49,C0_below_3_20
KUET,CSE,0.875,4,75-89%,3-6 hrs,Regularly but not every day,Almost nothing,Less than 5 hrs,Almost always,None,Often,Neither good nor bad,Good support,Difficult to manage,Dissatisfied,"Yes, exactly what I wanted",Somewhat,0.438,0.083,0.625,0.583,0.0,-0.5,0.375,C0_below_3_20,C0_below_3_20
KUET,CSE,0.875,4,90% or more,11-15 hrs,Regularly but not every day,About half,5-6 hrs,Rarely,1-5 hrs,Almost every day,Excellent for focused study,Good support,Average,Very satisfied,"Yes, exactly what I wanted",Mostly,0.562,0.5,0.875,0.917,0.375,-0.25,0.0,C2_3_50_to_3_74,C2_3_50_to_3_74
KUET,Unknown,0.875,4,90% or more,3-6 hrs,Mostly just before exams,About half,5-6 hrs,Sometimes,None,Sometimes,Mostly suitable,Good support,Mostly manageable,Satisfied,"Yes, exactly what I wanted",Slightly,0.5,0.5,0.75,0.667,0.125,-0.25,-0.125,C2_3_50_to_3_74,C2_3_50_to_3_74
KUET,CSE,0.875,4,60-74%,3-6 hrs,Mostly just before exams,About half,5-6 hrs,Sometimes,11-15 hrs,Often,Mostly suitable,Strong support,Difficult to manage,Neutral,"Yes, exactly what I wanted",Slightly,0.312,0.333,0.875,0.583,0.125,-0.5,0.5,C0_below_3_20,C0_below_3_20
KUET,CSE,0.875,4,75-89%,3-6 hrs,Occasionally when necessary,About half,6-7 hrs,Rarely,None,Almost every day,Excellent for focused study,Strong support,Average,Very dissatisfied,"Yes, exactly what I wanted",Not at all,0.25,0.583,1.0,0.333,0.125,-0.75,-0.125,C1_3_20_to_3_49,C1_3_20_to_3_49
KUET,CSE,0.875,4,75-89%,3-6 hrs,Mostly just before exams,A little,Less than 5 hrs,Rarely,More than 15 hrs,Often,Neither good nor bad,Some support,Completely unmanageable,Satisfied,"Yes, exactly what I wanted",Completely,0.375,0.25,0.5,0.917,0.062,-0.5,0.625,C2_3_50_to_3_74,C3_3_75_plus
KUET,CSE,0.875,4,60-74%,Less than 3 hrs,Mostly just before exams,Almost nothing,Less than 5 hrs,Never,None,Rarely,Neither good nor bad,Very little support,Average,Neutral,Close to what I wanted,Somewhat,0.375,0.5,0.375,0.583,0.0,-0.25,-0.25,C2_3_50_to_3_74,C2_3_50_to_3_74
KUET,EEE,0.875,4,75-89%,7-10 hrs,Mostly just before exams,Almost nothing,Less than 5 hrs,Almost always,1-5 hrs,Almost every day,Mostly suitable,Some support,Completely unmanageable,Very dissatisfied,Not at all what I wanted,Not at all,0.375,0.0,0.625,0.0,0.0,-0.5,0.625,C0_below_3_20,C0_below_3_20
KUET,CSE,0.875,4,60-74%,Less than 3 hrs,Mostly just before exams,Almost nothing,6-7 hrs,Sometimes,1-5 hrs,Almost every day,Mostly suitable,Some support,Completely unmanageable,Dissatisfied,"Yes, exactly what I wanted",Not at all,0.188,0.333,0.625,0.417,0.0,-1.0,0.375,C1_3_20_to_3_49,C1_3_20_to_3_49
KUET,ECE,0.875,4,75-89%,7-10 hrs,Mostly just before exams,About half,5-6 hrs,Often,11-15 hrs,Almost every day,Neither good nor bad,Good support,Difficult to manage,Satisfied,Somewhat different,Slightly,0.375,0.25,0.625,0.5,0.25,-0.5,0.625,C2_3_50_to_3_74,C3_3_75_plus
KUET,ECE,0.875,4,90% or more,7-10 hrs,Regularly but not every day,Most of it,7-8 hrs,Rarely,None,Sometimes,Somewhat distracting,Strong support,Mostly manageable,Satisfied,"Yes, exactly what I wanted",Mostly,0.625,0.75,0.625,0.833,0.375,0.0,-0.25,C3_3_75_plus,C3_3_75_plus
KUET,ECE,0.875,4,60-74%,3-6 hrs,Mostly just before exams,Almost nothing,5-6 hrs,Sometimes,6-10 hrs,Often,Somewhat distracting,Very little support,Difficult to manage,Dissatisfied,Somewhat different,Somewhat,0.312,0.333,0.25,0.417,0.0,-0.5,0.375,C0_below_3_20,C1_3_20_to_3_49
KUET,CSE,0.5,2,75-89%,7-10 hrs,Occasionally when necessary,About half,5-6 hrs,Rarely,11-15 hrs,Often,Very distracting,Strong support,Difficult to manage,Very satisfied,Close to what I wanted,Mostly,0.375,0.417,0.5,0.833,0.25,-0.25,0.375,C2_3_50_to_3_74,C3_3_75_plus
KUET,ECE,0.875,4,60-74%,Less than 3 hrs,Mostly just before exams,A little,Less than 5 hrs,Almost always,None,Almost every day,Neither good nor bad,Some support,Difficult to manage,Neutral,Not at all what I wanted,Somewhat,0.188,0.083,0.5,0.333,0.0,-1.0,0.375,C2_3_50_to_3_74,C1_3_20_to_3_49
KUET,ECE,0.875,4,90% or more,3-6 hrs,Occasionally when necessary,About half,7-8 hrs,Sometimes,None,Often,Mostly suitable,Good support,Mostly manageable,Satisfied,Mostly different,Mostly,0.375,0.667,0.75,0.583,0.125,-0.5,-0.125,C3_3_75_plus,C3_3_75_plus
KUET,ECE,0.875,4,60-74%,7-10 hrs,Regularly but not every day,A little,6-7 hrs,Often,More than 15 hrs,Sometimes,Neither good nor bad,Good support,Average,Neutral,Close to what I wanted,Somewhat,0.5,0.417,0.625,0.583,0.125,0.0,0.625,C1_3_20_to_3_49,C2_3_50_to_3_74
KUET,ECE,0.875,4,90% or more,More than 15 hrs,Regularly but not every day,Most of it,7-8 hrs,Sometimes,None,Sometimes,Mostly suitable,Strong support,Mostly manageable,Satisfied,Close to what I wanted,Somewhat,0.75,0.667,0.875,0.667,0.75,0.5,-0.125,C3_3_75_plus,C3_3_75_plus
KUET,CSE,0.875,4,60-74%,7-10 hrs,Occasionally when necessary,About half,More than 8 hrs,Almost always,11-15 hrs,Almost every day,Mostly suitable,No support,Completely unmanageable,Very dissatisfied,Not at all what I wanted,Not at all,0.25,0.333,0.375,0.0,0.25,-0.5,0.875,C2_3_50_to_3_74,C2_3_50_to_3_74
KUET,ECE,0.875,4,60-74%,3-6 hrs,Mostly just before exams,A little,7-8 hrs,Almost always,More than 15 hrs,Often,Somewhat distracting,Very little support,Difficult to manage,Neutral,Close to what I wanted,Somewhat,0.312,0.333,0.25,0.583,0.062,-0.5,0.875,C0_below_3_20,C0_below_3_20
KUET,CSE,0.875,4,60-74%,7-10 hrs,Occasionally when necessary,About half,5-6 hrs,Sometimes,1-5 hrs,Almost every day,Excellent for focused study,Good support,Difficult to manage,Neutral,"Yes, exactly what I wanted",Somewhat,0.25,0.333,0.875,0.667,0.25,-0.5,0.25,C3_3_75_plus,C3_3_75_plus
KUET,MTE,0.875,4,60-74%,Less than 3 hrs,Occasionally when necessary,About half,7-8 hrs,Sometimes,6-10 hrs,Sometimes,Somewhat distracting,No support,Difficult to manage,Dissatisfied,Close to what I wanted,Not at all,0.25,0.5,0.125,0.333,0.0,-0.5,0.375,C2_3_50_to_3_74,C1_3_20_to_3_49
KUET,ECE,0.875,4,75-89%,7-10 hrs,Occasionally when necessary,About half,6-7 hrs,Never,None,Never,Neither good nor bad,Strong support,Mostly manageable,Satisfied,Close to what I wanted,Somewhat,0.562,0.75,0.75,0.667,0.25,0.5,-0.375,C2_3_50_to_3_74,C3_3_75_plus
KUET,ECE,0.875,4,60-74%,3-6 hrs,Occasionally when necessary,About half,6-7 hrs,Never,11-15 hrs,Often,Mostly suitable,Good support,Mostly manageable,Satisfied,Close to what I wanted,Mostly,0.25,0.75,0.75,0.75,0.125,-0.5,0.0,C2_3_50_to_3_74,C3_3_75_plus
KUET,ECE,0.875,4,60-74%,7-10 hrs,Mostly just before exams,Almost nothing,Less than 5 hrs,Almost always,More than 15 hrs,Sometimes,Neither good nor bad,Some support,Average,Neutral,Mostly different,Slightly,0.438,0.167,0.5,0.333,0.0,0.0,0.75,C2_3_50_to_3_74,C1_3_20_to_3_49
KUET,ECE,0.875,4,60-74%,3-6 hrs,Mostly just before exams,A little,6-7 hrs,Often,More than 15 hrs,Often,Somewhat distracting,Good support,Difficult to manage,Dissatisfied,Close to what I wanted,Not at all,0.312,0.333,0.5,0.333,0.062,-0.5,0.75,C1_3_20_to_3_49,C0_below_3_20
KUET,CSE,0.5,2,75-89%,11-15 hrs,Mostly consistent routine,Most of it,7-8 hrs,Rarely,6-10 hrs,Rarely,Mostly suitable,Strong support,Very healthy and balanced,Very satisfied,"Yes, exactly what I wanted",Completely,0.75,0.833,0.875,1.0,0.562,0.5,-0.125,C2_3_50_to_3_74,C2_3_50_to_3_74
KUET,ECE,0.875,4,90% or more,7-10 hrs,Occasionally when necessary,About half,7-8 hrs,Almost always,More than 15 hrs,Rarely,Neither good nor bad,Good support,Mostly manageable,Satisfied,Close to what I wanted,Somewhat,0.562,0.5,0.625,0.667,0.25,0.25,0.625,C1_3_20_to_3_49,C2_3_50_to_3_74
KUET,EEE,0.25,1,60-74%,3-6 hrs,Mostly just before exams,About half,5-6 hrs,Never,None,Almost every day,Excellent for focused study,No support,Mostly manageable,Dissatisfied,"Yes, exactly what I wanted",Mostly,0.25,0.667,0.5,0.667,0.125,-0.75,-0.375,C2_3_50_to_3_74,C2_3_50_to_3_74
KUET,CSE,0.875,4,75-89%,7-10 hrs,Regularly but not every day,Most of it,6-7 hrs,Sometimes,1-5 hrs,Often,Mostly suitable,Good support,Mostly manageable,Very satisfied,"Yes, exactly what I wanted",Mostly,0.5,0.583,0.75,0.917,0.375,-0.25,0.0,C2_3_50_to_3_74,C2_3_50_to_3_74
KUET,ECE,0.875,4,60-74%,3-6 hrs,Mostly just before exams,About half,5-6 hrs,Often,6-10 hrs,Almost every day,Neither good nor bad,Some support,Average,Very dissatisfied,Close to what I wanted,Somewhat,0.25,0.333,0.5,0.417,0.125,-0.75,0.375,C1_3_20_to_3_49,C1_3_20_to_3_49
KUET,ECE,0.875,4,90% or more,11-15 hrs,Consistent throughout the semester,Almost everything,7-8 hrs,Rarely,1-5 hrs,Rarely,Excellent for focused study,Strong support,Very healthy and balanced,Very satisfied,"Yes, exactly what I wanted",Completely,0.875,0.833,1.0,1.0,0.75,0.5,-0.25,C3_3_75_plus,C3_3_75_plus
KUET,MSE,0.875,4,75-89%,7-10 hrs,Mostly consistent routine,Most of it,6-7 hrs,Sometimes,1-5 hrs,Sometimes,Mostly suitable,Good support,Mostly manageable,Very dissatisfied,Close to what I wanted,Mostly,0.625,0.583,0.75,0.5,0.375,0.0,0.0,C2_3_50_to_3_74,C2_3_50_to_3_74
KUET,ECE,0.875,4,60-74%,3-6 hrs,Regularly but not every day,About half,5-6 hrs,Often,6-10 hrs,Often,Neither good nor bad,Some support,Average,Very dissatisfied,Somewhat different,Somewhat,0.375,0.333,0.5,0.333,0.125,-0.5,0.375,C1_3_20_to_3_49,C1_3_20_to_3_49
KUET,MSE,0.875,4,90% or more,11-15 hrs,Consistent throughout the semester,Almost everything,7-8 hrs,Sometimes,6-10 hrs,Rarely,Mostly suitable,Strong support,Mostly manageable,Very satisfied,"Yes, exactly what I wanted",Mostly,0.875,0.667,0.875,0.917,0.75,0.5,0.125,C3_3_75_plus,C2_3_50_to_3_74
KUET,ECE,0.875,4,75-89%,7-10 hrs,Regularly but not every day,Most of it,6-7 hrs,Sometimes,1-5 hrs,Sometimes,Mostly suitable,Good support,Mostly manageable,Very dissatisfied,Close to what I wanted,Mostly,0.562,0.583,0.75,0.5,0.375,0.0,0.0,C2_3_50_to_3_74,C2_3_50_to_3_74
KUET,ECE,0.875,4,75-89%,7-10 hrs,Occasionally when necessary,About half,6-7 hrs,Often,11-15 hrs,Often,Somewhat distracting,Some support,Difficult to manage,Neutral,Mostly different,Somewhat,0.375,0.333,0.375,0.417,0.25,-0.25,0.625,C1_3_20_to_3_49,C1_3_20_to_3_49
KUET,MSE,0.875,4,75-89%,7-10 hrs,Mostly consistent routine,Most of it,7-8 hrs,Rarely,1-5 hrs,Rarely,Excellent for focused study,Strong support,Very healthy and balanced,Very satisfied,Close to what I wanted,Mostly,0.688,0.833,1.0,0.833,0.375,0.25,-0.25,C2_3_50_to_3_74,C1_3_20_to_3_49
KUET,ECE,0.875,4,90% or more,More than 15 hrs,Consistent throughout the semester,Almost everything,6-7 hrs,Sometimes,6-10 hrs,Sometimes,Mostly suitable,Good support,Mostly manageable,Very satisfied,"Yes, exactly what I wanted",Completely,0.875,0.583,0.75,1.0,1.0,0.5,0.125,C3_3_75_plus,C3_3_75_plus
KUET,MSE,0.875,4,60-74%,3-6 hrs,Mostly just before exams,About half,5-6 hrs,Often,11-15 hrs,Almost every day,Somewhat distracting,Some support,Difficult to manage,Neutral,Somewhat different,Somewhat,0.25,0.25,0.375,0.5,0.125,-0.75,0.625,C1_3_20_to_3_49,C1_3_20_to_3_49
KUET,CSE,0.875,4,90% or more,7-10 hrs,Mostly just before exams,Most of it,7-8 hrs,Rarely,None,Sometimes,Excellent for focused study,Strong support,Mostly manageable,Satisfied,Close to what I wanted,Somewhat,0.562,0.75,1.0,0.667,0.375,0.0,-0.25,C3_3_75_plus,C3_3_75_plus
KUET,MSE,0.875,4,60-74%,Less than 3 hrs,Occasionally when necessary,A little,7-8 hrs,Almost always,11-15 hrs,Almost every day,Mostly suitable,Strong support,Average,Neutral,"Yes, exactly what I wanted",Mostly,0.125,0.417,0.875,0.75,0.0,-1.0,0.625,C1_3_20_to_3_49,C2_3_50_to_3_74
KUET,EEE,0.875,4,40-59%,7-10 hrs,Mostly consistent routine,About half,5-6 hrs,Sometimes,1-5 hrs,Often,Neither good nor bad,Some support,Difficult to manage,Neutral,Close to what I wanted,Mostly,0.438,0.333,0.5,0.667,0.25,-0.25,0.25,C3_3_75_plus,C3_3_75_plus
KUET,EEE,0.875,4,60-74%,3-6 hrs,Occasionally when necessary,A little,5-6 hrs,Sometimes,None,Often,Mostly suitable,Some support,Difficult to manage,Very dissatisfied,Close to what I wanted,Somewhat,0.25,0.333,0.625,0.417,0.062,-0.5,0.125,C2_3_50_to_3_74,C3_3_75_plus
KUET,MSE,0.875,4,60-74%,11-15 hrs,Regularly but not every day,A little,5-6 hrs,Rarely,11-15 hrs,Often,Neither good nor bad,Some support,Average,Very dissatisfied,"Yes, exactly what I wanted",Not at all,0.5,0.5,0.5,0.333,0.188,0.0,0.25,C3_3_75_plus,C2_3_50_to_3_74
KUET,ECE,0.875,4,60-74%,Less than 3 hrs,Mostly just before exams,A little,Less than 5 hrs,Rarely,1-5 hrs,Sometimes,Excellent for focused study,Some support,Completely unmanageable,Very satisfied,Somewhat different,Completely,0.312,0.25,0.75,0.833,0.0,-0.5,0.25,C1_3_20_to_3_49,C1_3_20_to_3_49
KUET,ECE,0.875,4,60-74%,11-15 hrs,Mostly just before exams,A little,Less than 5 hrs,Rarely,None,Sometimes,Mostly suitable,Some support,Difficult to manage,Very satisfied,"Yes, exactly what I wanted",Not at all,0.5,0.333,0.625,0.667,0.188,0.25,0.0,C1_3_20_to_3_49,C1_3_20_to_3_49
KUET,MSE,0.875,4,60-74%,11-15 hrs,Mostly consistent routine,Most of it,5-6 hrs,Sometimes,6-10 hrs,Almost every day,Excellent for focused study,Strong support,Average,Neutral,Mostly different,Slightly,0.5,0.417,1.0,0.333,0.562,-0.25,0.25,C1_3_20_to_3_49,C0_below_3_20
KUET,EEE,0.125,1,90% or more,More than 15 hrs,Regularly but not every day,Most of it,Less than 5 hrs,Sometimes,1-5 hrs,Often,Mostly suitable,Good support,Mostly manageable,Satisfied,"Yes, exactly what I wanted",Somewhat,0.688,0.417,0.75,0.75,0.75,0.25,0.0,C3_3_75_plus,C3_3_75_plus
KUET,MSE,0.875,4,60-74%,3-6 hrs,Mostly just before exams,Most of it,5-6 hrs,Often,1-5 hrs,Almost every day,Mostly suitable,Strong support,Completely unmanageable,Very satisfied,"Yes, exactly what I wanted",Somewhat,0.25,0.167,0.875,0.833,0.188,-0.75,0.5,C1_3_20_to_3_49,C1_3_20_to_3_49
KUET,ECE,0.875,4,90% or more,3-6 hrs,Consistent throughout the semester,A little,6-7 hrs,Rarely,None,Almost every day,Neither good nor bad,Some support,Difficult to manage,Neutral,"Yes, exactly what I wanted",Slightly,0.562,0.5,0.5,0.583,0.062,-0.75,0.0,C2_3_50_to_3_74,C2_3_50_to_3_74
KUET,EEE,0.875,4,75-89%,7-10 hrs,Consistent throughout the semester,A little,5-6 hrs,Sometimes,11-15 hrs,Often,Neither good nor bad,Good support,Average,Neutral,"Yes, exactly what I wanted",Slightly,0.625,0.417,0.625,0.583,0.125,-0.25,0.375,C3_3_75_plus,C2_3_50_to_3_74
KUET,EEE,0.875,4,75-89%,3-6 hrs,Regularly but not every day,A little,Less than 5 hrs,Sometimes,1-5 hrs,Almost every day,Neither good nor bad,Good support,Average,Very dissatisfied,"Yes, exactly what I wanted",Mostly,0.375,0.333,0.625,0.583,0.062,-0.75,0.125,C2_3_50_to_3_74,C3_3_75_plus
KUET,MSE,0.875,4,90% or more,3-6 hrs,Mostly consistent routine,A little,Less than 5 hrs,Often,None,Sometimes,Mostly suitable,Some support,Average,Very dissatisfied,Somewhat different,Mostly,0.625,0.25,0.625,0.417,0.062,-0.25,0.125,C1_3_20_to_3_49,C2_3_50_to_3_74
KUET,ECE,0.875,4,60-74%,7-10 hrs,Occasionally when necessary,Most of it,6-7 hrs,Rarely,11-15 hrs,Sometimes,Neither good nor bad,Very little support,Difficult to manage,Very dissatisfied,"Yes, exactly what I wanted",Slightly,0.375,0.5,0.375,0.417,0.375,0.0,0.375,C2_3_50_to_3_74,C2_3_50_to_3_74
KUET,ECE,0.875,4,90% or more,3-6 hrs,Mostly just before exams,A little,Less than 5 hrs,Rarely,1-5 hrs,Almost every day,Excellent for focused study,Some support,Difficult to manage,Neutral,Close to what I wanted,Somewhat,0.375,0.333,0.75,0.583,0.062,-0.75,0.125,C1_3_20_to_3_49,C1_3_20_to_3_49
KUET,MSE,0.875,4,60-74%,11-15 hrs,Regularly but not every day,About half,5-6 hrs,Almost always,6-10 hrs,Almost every day,Mostly suitable,Good support,Average,Neutral,"Yes, exactly what I wanted",Somewhat,0.438,0.25,0.75,0.667,0.375,-0.25,0.5,C1_3_20_to_3_49,C1_3_20_to_3_49
KUET,MSE,0.875,4,60-74%,Less than 3 hrs,Mostly consistent routine,About half,Less than 5 hrs,Sometimes,None,Sometimes,Somewhat distracting,Some support,Difficult to manage,Very dissatisfied,"Yes, exactly what I wanted",Somewhat,0.438,0.25,0.375,0.5,0.0,-0.5,0.125,C2_3_50_to_3_74,C2_3_50_to_3_74
KUET,MSE,0.875,4,75-89%,7-10 hrs,Occasionally when necessary,A little,5-6 hrs,Sometimes,11-15 hrs,Sometimes,Somewhat distracting,Strong support,Average,Neutral,Mostly different,Slightly,0.438,0.417,0.625,0.333,0.125,0.0,0.375,C1_3_20_to_3_49,C1_3_20_to_3_49
KUET,ECE,0.875,4,75-89%,Less than 3 hrs,Mostly just before exams,A little,6-7 hrs,Never,More than 15 hrs,Sometimes,Excellent for focused study,Good support,Difficult to manage,Neutral,Close to what I wanted,Mostly,0.375,0.583,0.875,0.667,0.0,-0.5,0.375,C1_3_20_to_3_49,C2_3_50_to_3_74
KUET,EEE,0.875,4,60-74%,3-6 hrs,Mostly consistent routine,Almost nothing,6-7 hrs,Often,None,Often,Excellent for focused study,Some support,Difficult to manage,Very dissatisfied,"Yes, exactly what I wanted",Mostly,0.438,0.333,0.75,0.583,0.0,-0.5,0.25,C1_3_20_to_3_49,C1_3_20_to_3_49
KUET,CSE,0.875,4,75-89%,3-6 hrs,Mostly just before exams,A little,Less than 5 hrs,Sometimes,More than 15 hrs,Often,Mostly suitable,Good support,Difficult to manage,Neutral,"Yes, exactly what I wanted",Somewhat,0.375,0.25,0.75,0.667,0.062,-0.5,0.625,C1_3_20_to_3_49,C1_3_20_to_3_49
KUET,ECE,0.875,4,90% or more,More than 15 hrs,Mostly just before exams,About half,6-7 hrs,Rarely,6-10 hrs,Sometimes,Mostly suitable,No support,Completely unmanageable,Neutral,"Yes, exactly what I wanted",Somewhat,0.688,0.417,0.375,0.667,0.5,0.5,0.375,C1_3_20_to_3_49,C1_3_20_to_3_49
KUET,MSE,0.875,4,60-74%,More than 15 hrs,Mostly just before exams,About half,5-6 hrs,Often,11-15 hrs,Rarely,Mostly suitable,Some support,Mostly manageable,Very dissatisfied,"Yes, exactly what I wanted",Slightly,0.625,0.417,0.625,0.417,0.5,0.75,0.375,C3_3_75_plus,C2_3_50_to_3_74
KUET,MSE,0.875,4,60-74%,Less than 3 hrs,Occasionally when necessary,About half,Less than 5 hrs,Sometimes,11-15 hrs,Never,Neither good nor bad,Good support,Difficult to manage,Very dissatisfied,"Yes, exactly what I wanted",Somewhat,0.375,0.25,0.625,0.5,0.0,0.0,0.5,C2_3_50_to_3_74,C2_3_50_to_3_74
KUET,EEE,0.875,4,60-74%,Less than 3 hrs,Occasionally when necessary,About half,6-7 hrs,Rarely,11-15 hrs,Rarely,Neither good nor bad,Good support,Difficult to manage,Very dissatisfied,"Yes, exactly what I wanted",Mostly,0.312,0.5,0.625,0.583,0.0,-0.25,0.375,C1_3_20_to_3_49,C3_3_75_plus
KUET,ECE,0.875,4,75-89%,3-6 hrs,Mostly just before exams,About half,5-6 hrs,Sometimes,1-5 hrs,Almost every day,Neither good nor bad,Good support,Average,Very dissatisfied,Close to what I wanted,Not at all,0.312,0.417,0.625,0.25,0.125,-0.75,0.125,C1_3_20_to_3_49,C0_below_3_20
KUET,MSE,0.875,4,90% or more,7-10 hrs,Occasionally when necessary,Most of it,5-6 hrs,Rarely,More than 15 hrs,Sometimes,Neither good nor bad,Strong support,Difficult to manage,Very dissatisfied,Mostly different,Somewhat,0.5,0.417,0.75,0.25,0.375,0.0,0.5,C1_3_20_to_3_49,C0_below_3_20
KUET,MSE,0.875,4,40-59%,7-10 hrs,Occasionally when necessary,About half,5-6 hrs,Often,11-15 hrs,Sometimes,Mostly suitable,Strong support,Average,Neutral,Mostly different,Not at all,0.312,0.333,0.875,0.25,0.25,0.0,0.5,C3_3_75_plus,C2_3_50_to_3_74
KUET,EEE,0.875,4,60-74%,Less than 3 hrs,Mostly just before exams,Most of it,6-7 hrs,Sometimes,11-15 hrs,Often,Mostly suitable,Some support,Completely unmanageable,Very dissatisfied,"Yes, exactly what I wanted",Somewhat,0.25,0.333,0.625,0.5,0.0,-0.75,0.625,C1_3_20_to_3_49,C1_3_20_to_3_49
KUET,EEE,0.875,4,75-89%,3-6 hrs,Mostly consistent routine,A little,5-6 hrs,Rarely,None,Often,Neither good nor bad,Some support,Average,Very dissatisfied,"Yes, exactly what I wanted",Somewhat,0.5,0.5,0.5,0.5,0.062,-0.5,-0.125,C2_3_50_to_3_74,C1_3_20_to_3_49
KUET,EEE,0.875,4,40-59%,11-15 hrs,Occasionally when necessary,Most of it,5-6 hrs,Rarely,6-10 hrs,Almost every day,Neither good nor bad,Good support,Mostly manageable,Very dissatisfied,Close to what I wanted,Mostly,0.25,0.583,0.625,0.5,0.562,-0.25,0.0,C2_3_50_to_3_74,C1_3_20_to_3_49
KUET,ECE,0.875,4,75-89%,3-6 hrs,Regularly but not every day,A little,6-7 hrs,Sometimes,None,Sometimes,Neither good nor bad,Good support,Difficult to manage,Very dissatisfied,"Yes, exactly what I wanted",Mostly,0.5,0.417,0.625,0.583,0.062,-0.25,0.125,C0_below_3_20,C0_below_3_20
KUET,ECE,0.875,4,60-74%,7-10 hrs,Mostly just before exams,Most of it,Less than 5 hrs,Almost always,11-15 hrs,Sometimes,Excellent for focused study,Strong support,Difficult to manage,Neutral,"Yes, exactly what I wanted",Mostly,0.438,0.083,1.0,0.75,0.375,0.0,0.75,C1_3_20_to_3_49,C0_below_3_20
KUET,EEE,0.875,4,90% or more,Less than 3 hrs,Occasionally when necessary,About half,7-8 hrs,Often,1-5 hrs,Almost every day,Mostly suitable,Good support,Very healthy and balanced,Very dissatisfied,"Yes, exactly what I wanted",Somewhat,0.25,0.667,0.75,0.5,0.0,-1.0,0.0,C1_3_20_to_3_49,C1_3_20_to_3_49
KUET,ECE,0.875,4,60-74%,7-10 hrs,Mostly just before exams,Most of it,5-6 hrs,Sometimes,6-10 hrs,Often,Neither good nor bad,Good support,Average,Very dissatisfied,Not at all what I wanted,Not at all,0.375,0.417,0.625,0.0,0.375,-0.25,0.25,C1_3_20_to_3_49,C1_3_20_to_3_49
KUET,EEE,0.875,4,60-74%,3-6 hrs,Regularly but not every day,About half,7-8 hrs,Often,1-5 hrs,Almost every day,Somewhat distracting,Good support,Very healthy and balanced,Very dissatisfied,"Yes, exactly what I wanted",Mostly,0.312,0.667,0.5,0.583,0.125,-0.75,0.0,C3_3_75_plus,C3_3_75_plus
KUET,EEE,0.875,4,60-74%,Less than 3 hrs,Regularly but not every day,A little,Less than 5 hrs,Rarely,11-15 hrs,Sometimes,Neither good nor bad,Some support,Difficult to manage,Very dissatisfied,"Yes, exactly what I wanted",Slightly,0.375,0.333,0.5,0.417,0.0,-0.5,0.375,C3_3_75_plus,C2_3_50_to_3_74
KUET,MSE,0.875,4,60-74%,3-6 hrs,Occasionally when necessary,A little,Less than 5 hrs,Almost always,11-15 hrs,Often,Mostly suitable,Some support,Mostly manageable,Neutral,"Yes, exactly what I wanted",Completely,0.25,0.25,0.625,0.833,0.062,-0.5,0.5,C1_3_20_to_3_49,C0_below_3_20
KUET,ECE,0.875,4,40-59%,More than 15 hrs,Occasionally when necessary,About half,5-6 hrs,Rarely,11-15 hrs,Sometimes,Neither good nor bad,Good support,Difficult to manage,Neutral,"Yes, exactly what I wanted",Somewhat,0.438,0.417,0.625,0.667,0.5,0.5,0.375,C1_3_20_to_3_49,C1_3_20_to_3_49
KUET,CE,0.875,4,90% or more,7-10 hrs,Mostly consistent routine,Most of it,6-7 hrs,Sometimes,None,Rarely,Somewhat distracting,Some support,Average,Satisfied,"Yes, exactly what I wanted",Slightly,0.75,0.5,0.375,0.667,0.375,0.25,0.0,C3_3_75_plus,C3_3_75_plus
KUET,EEE,0.875,4,90% or more,Less than 3 hrs,Mostly just before exams,Almost everything,6-7 hrs,Often,6-10 hrs,Sometimes,Mostly suitable,Some support,Difficult to manage,Very dissatisfied,Close to what I wanted,Completely,0.438,0.333,0.625,0.583,0.0,-0.5,0.5,C1_3_20_to_3_49,C1_3_20_to_3_49
KUET,ECE,0.875,4,75-89%,7-10 hrs,Mostly just before exams,Most of it,6-7 hrs,Rarely,None,Often,Somewhat distracting,Good support,Difficult to manage,Very dissatisfied,Not at all what I wanted,Slightly,0.438,0.5,0.5,0.083,0.375,-0.25,0.0,C2_3_50_to_3_74,C2_3_50_to_3_74
KUET,MSE,0.875,4,60-74%,7-10 hrs,Mostly consistent routine,About half,5-6 hrs,Often,None,Often,Neither good nor bad,Good support,Average,Very dissatisfied,"Yes, exactly what I wanted",Slightly,0.5,0.333,0.625,0.417,0.25,-0.25,0.125,C3_3_75_plus,C2_3_50_to_3_74
KUET,ECE,0.875,4,75-89%,More than 15 hrs,Mostly just before exams,Most of it,6-7 hrs,Sometimes,1-5 hrs,Sometimes,Somewhat distracting,Good support,Average,Neutral,Close to what I wanted,Somewhat,0.625,0.5,0.5,0.583,0.75,0.5,0.125,C1_3_20_to_3_49,C1_3_20_to_3_49
KUET,MSE,0.875,4,90% or more,3-6 hrs,Occasionally when necessary,About half,6-7 hrs,Often,None,Sometimes,Mostly suitable,Some support,Difficult to manage,Very dissatisfied,"Yes, exactly what I wanted",Somewhat,0.438,0.333,0.625,0.5,0.125,-0.25,0.25,C1_3_20_to_3_49,C1_3_20_to_3_49
KUET,CE,0.875,4,60-74%,Less than 3 hrs,Mostly just before exams,Most of it,7-8 hrs,Sometimes,More than 15 hrs,Never,Somewhat distracting,Some support,Difficult to manage,Very satisfied,"Yes, exactly what I wanted",Slightly,0.438,0.5,0.375,0.75,0.0,0.0,0.625,C0_below_3_20,C0_below_3_20
KUET,CSE,0.875,4,75-89%,3-6 hrs,Occasionally when necessary,About half,5-6 hrs,Sometimes,6-10 hrs,Sometimes,Mostly suitable,Strong support,Difficult to manage,Very satisfied,"Yes, exactly what I wanted",Completely,0.375,0.333,0.875,1.0,0.125,-0.25,0.375,C1_3_20_to_3_49,C0_below_3_20
KUET,CSE,0.875,4,75-89%,11-15 hrs,Occasionally when necessary,Most of it,Less than 5 hrs,Sometimes,More than 15 hrs,Sometimes,Mostly suitable,Good support,Difficult to manage,Satisfied,"Yes, exactly what I wanted",Somewhat,0.5,0.25,0.75,0.75,0.562,0.25,0.625,C2_3_50_to_3_74,C2_3_50_to_3_74
KUET,CE,0.875,4,60-74%,11-15 hrs,Mostly consistent routine,About half,Less than 5 hrs,Often,More than 15 hrs,Often,Mostly suitable,No support,Difficult to manage,Very dissatisfied,"Yes, exactly what I wanted",Mostly,0.562,0.167,0.375,0.583,0.375,0.0,0.75,C2_3_50_to_3_74,C2_3_50_to_3_74
KUET,CE,0.875,4,60-74%,7-10 hrs,Mostly consistent routine,A little,More than 8 hrs,Sometimes,None,Rarely,Somewhat distracting,Strong support,Average,Very dissatisfied,Somewhat different,Not at all,0.625,0.667,0.625,0.167,0.125,0.25,0.0,C1_3_20_to_3_49,C1_3_20_to_3_49
KUET,CE,0.875,4,75-89%,11-15 hrs,Occasionally when necessary,Almost everything,6-7 hrs,Never,More than 15 hrs,Rarely,Excellent for focused study,Good support,Average,Very dissatisfied,Somewhat different,Mostly,0.562,0.667,0.875,0.417,0.75,0.5,0.25,C1_3_20_to_3_49,C1_3_20_to_3_49
KUET,CE,0.875,4,60-74%,More than 15 hrs,Consistent throughout the semester,A little,Less than 5 hrs,Rarely,1-5 hrs,Almost every day,Mostly suitable,Good support,Average,Very dissatisfied,Mostly different,Slightly,0.625,0.417,0.75,0.167,0.25,0.0,0.0,C2_3_50_to_3_74,C3_3_75_plus
KUET,CE,0.875,4,90% or more,Less than 3 hrs,Occasionally when necessary,A little,More than 8 hrs,Often,More than 15 hrs,Almost every day,Excellent for focused study,Very little support,Average,Neutral,Somewhat different,Mostly,0.25,0.583,0.625,0.583,0.0,-1.0,0.625,C0_below_3_20,C0_below_3_20
KUET,CE,0.875,4,90% or more,3-6 hrs,Occasionally when necessary,Most of it,5-6 hrs,Almost always,11-15 hrs,Often,Somewhat distracting,Strong support,Mostly manageable,Neutral,"Yes, exactly what I wanted",Completely,0.375,0.333,0.625,0.833,0.188,-0.5,0.5,C1_3_20_to_3_49,C2_3_50_to_3_74
KUET,CE,0.875,4,40-59%,More than 15 hrs,Consistent throughout the semester,Almost everything,Less than 5 hrs,Sometimes,11-15 hrs,Often,Mostly suitable,Strong support,Mostly manageable,Very dissatisfied,Somewhat different,Mostly,0.625,0.417,0.875,0.417,1.0,0.25,0.25,C2_3_50_to_3_74,C1_3_20_to_3_49
KUET,CE,0.875,4,90% or more,11-15 hrs,Occasionally when necessary,A little,7-8 hrs,Often,6-10 hrs,Sometimes,Mostly suitable,Good support,Completely unmanageable,Very dissatisfied,Close to what I wanted,Completely,0.562,0.333,0.75,0.583,0.188,0.25,0.625,C1_3_20_to_3_49,C2_3_50_to_3_74
KUET,URP,0.875,4,75-89%,7-10 hrs,Mostly just before exams,Almost everything,More than 8 hrs,Never,11-15 hrs,Often,Mostly suitable,Strong support,Average,Neutral,Somewhat different,Not at all,0.438,0.833,0.875,0.333,0.5,-0.25,0.125,C1_3_20_to_3_49,C1_3_20_to_3_49
KUET,CE,0.875,4,40-59%,More than 15 hrs,Mostly just before exams,Almost nothing,6-7 hrs,Never,6-10 hrs,Sometimes,Mostly suitable,Very little support,Very healthy and balanced,Very dissatisfied,"Yes, exactly what I wanted",Not at all,0.5,0.833,0.5,0.333,0.0,0.5,-0.25,C2_3_50_to_3_74,C0_below_3_20
KUET,ChE,0.875,4,90% or more,3-6 hrs,Occasionally when necessary,A little,7-8 hrs,Rarely,11-15 hrs,Sometimes,Somewhat distracting,Very little support,Completely unmanageable,Neutral,Close to what I wanted,Somewhat,0.438,0.5,0.25,0.583,0.062,-0.25,0.5,C0_below_3_20,C2_3_50_to_3_74
KUET,CE,0.875,4,60-74%,11-15 hrs,Mostly consistent routine,Almost everything,More than 8 hrs,Rarely,1-5 hrs,Rarely,Neither good nor bad,Very little support,Difficult to manage,Very dissatisfied,"Yes, exactly what I wanted",Somewhat,0.688,0.667,0.375,0.5,0.75,0.5,0.125,C3_3_75_plus,C1_3_20_to_3_49
KUET,URP,0.875,4,75-89%,11-15 hrs,Consistent throughout the semester,About half,5-6 hrs,Often,1-5 hrs,Sometimes,Somewhat distracting,Some support,Difficult to manage,Very dissatisfied,Not at all what I wanted,Somewhat,0.75,0.25,0.375,0.167,0.375,0.25,0.375,C0_below_3_20,C3_3_75_plus
KUET,CE,0.875,4,60-74%,7-10 hrs,Mostly consistent routine,About half,6-7 hrs,Almost always,None,Often,Very distracting,Strong support,Mostly manageable,Neutral,Somewhat different,Somewhat,0.5,0.417,0.5,0.5,0.25,-0.25,0.125,C2_3_50_to_3_74,C2_3_50_to_3_74
KUET,ChE,0.875,4,90% or more,3-6 hrs,Occasionally when necessary,About half,7-8 hrs,Rarely,None,Never,Neither good nor bad,Some support,Very healthy and balanced,Very dissatisfied,"Yes, exactly what I wanted",Completely,0.562,0.833,0.5,0.667,0.125,0.25,-0.375,C3_3_75_plus,C0_below_3_20
KUET,CE,0.875,4,Less than 40%,Less than 3 hrs,Mostly just before exams,A little,7-8 hrs,Never,1-5 hrs,Often,Very distracting,Good support,Difficult to manage,Neutral,Not at all what I wanted,Somewhat,0.125,0.667,0.375,0.333,0.0,-0.75,0.0,C3_3_75_plus,C1_3_20_to_3_49
KUET,URP,0.875,4,60-74%,3-6 hrs,Regularly but not every day,A little,Less than 5 hrs,Rarely,1-5 hrs,Never,Excellent for focused study,Some support,Completely unmanageable,Neutral,"Yes, exactly what I wanted",Slightly,0.562,0.25,0.75,0.583,0.062,0.25,0.25,C0_below_3_20,C2_3_50_to_3_74
KUET,CE,0.875,4,75-89%,11-15 hrs,Occasionally when necessary,Almost nothing,More than 8 hrs,Often,11-15 hrs,Sometimes,Neither good nor bad,Very little support,Average,Very dissatisfied,Not at all what I wanted,Somewhat,0.5,0.583,0.375,0.167,0.0,0.25,0.5,C2_3_50_to_3_74,C1_3_20_to_3_49
KUET,ChE,0.875,4,40-59%,3-6 hrs,Regularly but not every day,Almost nothing,6-7 hrs,Almost always,6-10 hrs,Sometimes,Mostly suitable,Very little support,Difficult to manage,Very dissatisfied,Mostly different,Mostly,0.375,0.25,0.5,0.333,0.0,-0.25,0.625,C0_below_3_20,C3_3_75_plus
KUET,CE,0.875,4,40-59%,11-15 hrs,Consistent throughout the semester,Most of it,6-7 hrs,Rarely,1-5 hrs,Rarely,Excellent for focused study,Good support,Mostly manageable,Very satisfied,Not at all what I wanted,Slightly,0.688,0.667,0.875,0.417,0.562,0.5,-0.125,C2_3_50_to_3_74,C1_3_20_to_3_49
KUET,URP,0.875,4,40-59%,7-10 hrs,Regularly but not every day,Almost nothing,7-8 hrs,Often,6-10 hrs,Rarely,Excellent for focused study,No support,Difficult to manage,Very dissatisfied,Mostly different,Slightly,0.5,0.417,0.5,0.167,0.0,0.25,0.5,C0_below_3_20,C1_3_20_to_3_49
KUET,CE,0.875,4,90% or more,More than 15 hrs,Regularly but not every day,Almost everything,5-6 hrs,Rarely,None,Often,Somewhat distracting,Very little support,Mostly manageable,Very dissatisfied,Not at all what I wanted,Completely,0.688,0.583,0.25,0.333,1.0,0.25,-0.25,C1_3_20_to_3_49,C0_below_3_20
KUET,ChE,0.875,4,40-59%,7-10 hrs,Occasionally when necessary,Almost nothing,7-8 hrs,Rarely,None,Almost every day,Somewhat distracting,No support,Average,Very dissatisfied,Somewhat different,Slightly,0.188,0.667,0.125,0.25,0.0,-0.5,-0.125,C2_3_50_to_3_74,C2_3_50_to_3_74
KUET,CE,0.875,4,75-89%,11-15 hrs,Mostly just before exams,Almost nothing,5-6 hrs,Rarely,None,Never,Neither good nor bad,No support,Completely unmanageable,Neutral,Mostly different,Somewhat,0.688,0.333,0.25,0.417,0.0,0.75,0.125,C0_below_3_20,C3_3_75_plus
KUET,URP,0.875,4,90% or more,7-10 hrs,Mostly just before exams,Most of it,More than 8 hrs,Rarely,11-15 hrs,Almost every day,Somewhat distracting,No support,Very healthy and balanced,Very dissatisfied,Not at all what I wanted,Mostly,0.438,0.917,0.125,0.25,0.375,-0.5,0.0,C1_3_20_to_3_49,C3_3_75_plus
KUET,CE,0.875,4,40-59%,Less than 3 hrs,Regularly but not every day,About half,5-6 hrs,Rarely,None,Often,Mostly suitable,Strong support,Very healthy and balanced,Very satisfied,Mostly different,Mostly,0.25,0.667,0.875,0.667,0.0,-0.75,-0.375,C3_3_75_plus,C3_3_75_plus
KUET,ChE,0.875,4,75-89%,More than 15 hrs,Regularly but not every day,A little,7-8 hrs,Rarely,11-15 hrs,Sometimes,Neither good nor bad,Very little support,Difficult to manage,Very dissatisfied,Mostly different,Somewhat,0.688,0.583,0.375,0.25,0.25,0.5,0.375,C3_3_75_plus,C2_3_50_to_3_74
KUET,CE,0.875,4,Less than 40%,7-10 hrs,Mostly just before exams,Almost everything,More than 8 hrs,Sometimes,More than 15 hrs,Often,Very distracting,Strong support,Completely unmanageable,Very dissatisfied,"Yes, exactly what I wanted",Somewhat,0.25,0.5,0.5,0.5,0.5,-0.25,0.75,C0_below_3_20,C3_3_75_plus
KUET,URP,0.875,4,75-89%,Less than 3 hrs,Occasionally when necessary,Most of it,5-6 hrs,Almost always,1-5 hrs,Often,Somewhat distracting,Very little support,Mostly manageable,Very satisfied,Somewhat different,Somewhat,0.25,0.333,0.25,0.667,0.0,-0.75,0.25,C1_3_20_to_3_49,C2_3_50_to_3_74
KUET,CSE,0.875,4,90% or more,7-10 hrs,Occasionally when necessary,A little,6-7 hrs,Sometimes,More than 15 hrs,Sometimes,Mostly suitable,Very little support,Average,Neutral,"Yes, exactly what I wanted",Not at all,0.5,0.5,0.5,0.5,0.125,0.0,0.5,C3_3_75_plus,C2_3_50_to_3_74
KUET,CE,0.875,4,60-74%,3-6 hrs,Consistent throughout the semester,Most of it,Less than 5 hrs,Often,More than 15 hrs,Never,Excellent for focused study,Good support,Mostly manageable,Very dissatisfied,Mostly different,Mostly,0.688,0.333,0.875,0.333,0.188,0.25,0.5,C2_3_50_to_3_74,C1_3_20_to_3_49
KUET,ChE,0.875,4,75-89%,More than 15 hrs,Consistent throughout the semester,Most of it,Less than 5 hrs,Often,11-15 hrs,Rarely,Neither good nor bad,Good support,Mostly manageable,Neutral,Mostly different,Mostly,0.875,0.333,0.625,0.5,0.75,0.75,0.375,C3_3_75_plus,C1_3_20_to_3_49
KUET,CE,0.875,4,Less than 40%,3-6 hrs,Regularly but not every day,Most of it,6-7 hrs,Rarely,None,Often,Very distracting,Very little support,Completely unmanageable,Very dissatisfied,"Yes, exactly what I wanted",Not at all,0.25,0.417,0.125,0.333,0.188,-0.5,0.125,C1_3_20_to_3_49,C3_3_75_plus
KUET,URP,0.875,4,40-59%,3-6 hrs,Regularly but not every day,A little,More than 8 hrs,Never,More than 15 hrs,Often,Very distracting,Very little support,Very healthy and balanced,Very dissatisfied,"Yes, exactly what I wanted",Not at all,0.312,1.0,0.125,0.333,0.062,-0.5,0.0,C0_below_3_20,C2_3_50_to_3_74
KUET,CE,0.875,4,90% or more,Less than 3 hrs,Occasionally when necessary,A little,Less than 5 hrs,Rarely,1-5 hrs,Sometimes,Mostly suitable,Very little support,Completely unmanageable,Neutral,Mostly different,Not at all,0.375,0.25,0.5,0.25,0.0,-0.5,0.25,C1_3_20_to_3_49,C1_3_20_to_3_49
KUET,ChE,0.875,4,40-59%,Less than 3 hrs,Mostly consistent routine,A little,More than 8 hrs,Almost always,1-5 hrs,Almost every day,Very distracting,Good support,Difficult to manage,Neutral,Close to what I wanted,Mostly,0.25,0.417,0.375,0.667,0.0,-1.0,0.5,C3_3_75_plus,C2_3_50_to_3_74
KUET,CE,0.875,4,90% or more,11-15 hrs,Mostly consistent routine,A little,Less than 5 hrs,Often,11-15 hrs,Often,Neither good nor bad,No support,Difficult to manage,Very satisfied,"Yes, exactly what I wanted",Mostly,0.688,0.167,0.25,0.917,0.188,0.0,0.625,C2_3_50_to_3_74,C3_3_75_plus
KUET,URP,0.875,4,75-89%,7-10 hrs,Regularly but not every day,A little,7-8 hrs,Rarely,More than 15 hrs,Almost every day,Mostly suitable,Strong support,Average,Very dissatisfied,Mostly different,Completely,0.438,0.667,0.875,0.417,0.125,-0.5,0.375,C2_3_50_to_3_74,C2_3_50_to_3_74
KUET,CE,0.875,4,60-74%,Less than 3 hrs,Regularly but not every day,A little,6-7 hrs,Often,None,Rarely,Somewhat distracting,Good support,Very healthy and balanced,Very dissatisfied,Mostly different,Completely,0.438,0.583,0.5,0.417,0.0,-0.25,-0.125,C2_3_50_to_3_74,C0_below_3_20
KUET,ME,0.875,4,Less than 40%,11-15 hrs,Regularly but not every day,Almost nothing,7-8 hrs,Often,11-15 hrs,Sometimes,Somewhat distracting,Good support,Average,Very dissatisfied,Mostly different,Slightly,0.438,0.5,0.5,0.167,0.0,0.25,0.5,C1_3_20_to_3_49,C0_below_3_20
KUET,LE,0.875,4,Less than 40%,3-6 hrs,Regularly but not every day,A little,More than 8 hrs,Rarely,None,Never,Neither good nor bad,Good support,Very healthy and balanced,Neutral,Somewhat different,Not at all,0.438,0.917,0.625,0.333,0.062,0.25,-0.375,C2_3_50_to_3_74,C3_3_75_plus
KUET,TE,0.875,4,Less than 40%,3-6 hrs,Consistent throughout the semester,About half,6-7 hrs,Often,6-10 hrs,Almost every day,Excellent for focused study,Good support,Average,Very dissatisfied,Mostly different,Slightly,0.312,0.417,0.875,0.167,0.125,-0.75,0.375,C3_3_75_plus,C0_below_3_20
KUET,ESE,0.875,4,75-89%,More than 15 hrs,Occasionally when necessary,About half,5-6 hrs,Almost always,None,Almost every day,Very distracting,Some support,Completely unmanageable,Neutral,Close to what I wanted,Mostly,0.438,0.083,0.25,0.667,0.5,0.0,0.5,C1_3_20_to_3_49,C0_below_3_20
KUET,MTE,0.875,4,75-89%,More than 15 hrs,Consistent throughout the semester,About half,6-7 hrs,Rarely,11-15 hrs,Sometimes,Excellent for focused study,Very little support,Average,Very dissatisfied,"Yes, exactly what I wanted",Slightly,0.812,0.583,0.625,0.417,0.5,0.5,0.25,C2_3_50_to_3_74,C0_below_3_20
KUET,BME,0.875,4,75-89%,More than 15 hrs,Mostly just before exams,About half,5-6 hrs,Almost always,11-15 hrs,Almost every day,Mostly suitable,No support,Mostly manageable,Very satisfied,Not at all what I wanted,Completely,0.5,0.333,0.375,0.667,0.5,0.0,0.5,C0_below_3_20,C0_below_3_20
KUET,BECM,0.875,4,Less than 40%,More than 15 hrs,Mostly just before exams,A little,5-6 hrs,Rarely,1-5 hrs,Almost every day,Very distracting,Strong support,Mostly manageable,Neutral,"Yes, exactly what I wanted",Slightly,0.312,0.583,0.5,0.583,0.25,0.0,-0.125,C3_3_75_plus,C2_3_50_to_3_74
KUET,ME,0.875,4,75-89%,More than 15 hrs,Regularly but not every day,A little,7-8 hrs,Often,1-5 hrs,Almost every day,Neither good nor bad,No support,Difficult to manage,Very satisfied,Not at all what I wanted,Slightly,0.562,0.417,0.25,0.417,0.25,0.0,0.375,C3_3_75_plus,C1_3_20_to_3_49
KUET,LE,0.875,4,40-59%,7-10 hrs,Occasionally when necessary,A little,7-8 hrs,Never,More than 15 hrs,Never,Somewhat distracting,Very little support,Completely unmanageable,Very satisfied,"Yes, exactly what I wanted",Mostly,0.438,0.583,0.25,0.917,0.125,0.5,0.5,C3_3_75_plus,C2_3_50_to_3_74
KUET,TE,0.875,4,60-74%,11-15 hrs,Occasionally when necessary,A little,7-8 hrs,Almost always,11-15 hrs,Almost every day,Very distracting,Strong support,Difficult to manage,Very satisfied,Close to what I wanted,Somewhat,0.312,0.333,0.5,0.75,0.188,-0.25,0.75,C2_3_50_to_3_74,C3_3_75_plus
KUET,ME,0.875,4,90% or more,Less than 3 hrs,Occasionally when necessary,Almost nothing,More than 8 hrs,Almost always,More than 15 hrs,Never,Very distracting,Very little support,Average,Very dissatisfied,Somewhat different,Not at all,0.5,0.5,0.125,0.167,0.0,0.0,0.75,C3_3_75_plus,C3_3_75_plus
KUET,LE,0.875,4,90% or more,11-15 hrs,Consistent throughout the semester,Most of it,6-7 hrs,Sometimes,More than 15 hrs,Rarely,Mostly suitable,No support,Mostly manageable,Very dissatisfied,Close to what I wanted,Somewhat,0.875,0.583,0.375,0.417,0.562,0.5,0.375,C1_3_20_to_3_49,C1_3_20_to_3_49
KUET,TE,0.875,4,40-59%,3-6 hrs,Mostly consistent routine,Most of it,Less than 5 hrs,Rarely,More than 15 hrs,Rarely,Very distracting,Strong support,Completely unmanageable,Very dissatisfied,Not at all what I wanted,Completely,0.5,0.25,0.5,0.333,0.188,0.0,0.625,C2_3_50_to_3_74,C0_below_3_20
KUET,ESE,0.875,4,Less than 40%,11-15 hrs,Consistent throughout the semester,About half,7-8 hrs,Never,1-5 hrs,Rarely,Neither good nor bad,Strong support,Mostly manageable,Very satisfied,Not at all what I wanted,Somewhat,0.625,0.833,0.75,0.5,0.375,0.5,-0.25,C0_below_3_20,C0_below_3_20
KUET,MTE,0.875,4,75-89%,7-10 hrs,Consistent throughout the semester,About half,5-6 hrs,Sometimes,1-5 hrs,Rarely,Mostly suitable,Some support,Average,Very dissatisfied,Mostly different,Somewhat,0.75,0.417,0.625,0.25,0.25,0.25,0.125,C3_3_75_plus,C2_3_50_to_3_74
KUET,BME,0.875,4,90% or more,7-10 hrs,Mostly just before exams,A little,More than 8 hrs,Rarely,11-15 hrs,Almost every day,Mostly suitable,Strong support,Completely unmanageable,Very satisfied,Mostly different,Mostly,0.438,0.583,0.875,0.667,0.125,-0.5,0.5,C0_below_3_20,C2_3_50_to_3_74
KUET,BECM,0.875,4,Less than 40%,11-15 hrs,Regularly but not every day,Almost everything,Less than 5 hrs,Rarely,1-5 hrs,Rarely,Somewhat distracting,Good support,Mostly manageable,Neutral,Mostly different,Mostly,0.5,0.5,0.5,0.5,0.75,0.5,-0.125,C1_3_20_to_3_49,C1_3_20_to_3_49
KUET,ME,0.875,4,60-74%,Less than 3 hrs,Mostly consistent routine,Almost everything,7-8 hrs,Sometimes,None,Almost every day,Excellent for focused study,Some support,Difficult to manage,Neutral,Mostly different,Somewhat,0.312,0.5,0.75,0.417,0.0,-1.0,0.125,C0_below_3_20,C3_3_75_plus
KUET,LE,0.875,4,75-89%,11-15 hrs,Mostly consistent routine,A little,5-6 hrs,Often,None,Often,Very distracting,Very little support,Very healthy and balanced,Very dissatisfied,"Yes, exactly what I wanted",Slightly,0.625,0.5,0.125,0.417,0.188,0.0,-0.125,C1_3_20_to_3_49,C3_3_75_plus
KUET,TE,0.875,4,60-74%,11-15 hrs,Mostly just before exams,Most of it,More than 8 hrs,Rarely,6-10 hrs,Rarely,Mostly suitable,Very little support,Mostly manageable,Neutral,Mostly different,Somewhat,0.562,0.833,0.5,0.417,0.562,0.5,0.0,C3_3_75_plus,C0_below_3_20
KUET,ME,0.875,4,60-74%,Less than 3 hrs,Occasionally when necessary,About half,6-7 hrs,Rarely,6-10 hrs,Almost every day,Somewhat distracting,No support,Difficult to manage,Very satisfied,"Yes, exactly what I wanted",Not at all,0.125,0.5,0.125,0.667,0.0,-1.0,0.25,C2_3_50_to_3_74,C2_3_50_to_3_74
KUET,LE,0.875,4,40-59%,3-6 hrs,Mostly just before exams,About half,5-6 hrs,Rarely,None,Rarely,Somewhat distracting,Strong support,Very healthy and balanced,Very dissatisfied,"Yes, exactly what I wanted",Mostly,0.375,0.667,0.625,0.583,0.125,0.0,-0.375,C1_3_20_to_3_49,C0_below_3_20
KUET,TE,0.875,4,90% or more,7-10 hrs,Regularly but not every day,Almost everything,5-6 hrs,Never,More than 15 hrs,Sometimes,Excellent for focused study,No support,Average,Neutral,Not at all what I wanted,Not at all,0.625,0.583,0.5,0.167,0.5,0.0,0.25,C0_below_3_20,C3_3_75_plus
KUET,ESE,0.875,4,75-89%,Less than 3 hrs,Mostly just before exams,About half,6-7 hrs,Sometimes,11-15 hrs,Rarely,Excellent for focused study,No support,Mostly manageable,Very dissatisfied,"Yes, exactly what I wanted",Not at all,0.438,0.583,0.5,0.333,0.0,-0.25,0.25,C1_3_20_to_3_49,C3_3_75_plus
KUET,MTE,0.875,4,75-89%,3-6 hrs,Occasionally when necessary,Almost everything,More than 8 hrs,Rarely,11-15 hrs,Sometimes,Very distracting,Strong support,Average,Very dissatisfied,Not at all what I wanted,Mostly,0.375,0.75,0.5,0.25,0.25,-0.25,0.25,C0_below_3_20,C2_3_50_to_3_74
KUET,BME,0.875,4,60-74%,11-15 hrs,Mostly just before exams,About half,5-6 hrs,Never,11-15 hrs,Sometimes,Excellent for focused study,Very little support,Average,Very dissatisfied,Somewhat different,Completely,0.5,0.583,0.625,0.5,0.375,0.25,0.125,C3_3_75_plus,C1_3_20_to_3_49
KUET,BECM,0.875,4,90% or more,More than 15 hrs,Consistent throughout the semester,Almost nothing,5-6 hrs,Sometimes,11-15 hrs,Sometimes,Somewhat distracting,No support,Difficult to manage,Very dissatisfied,"Yes, exactly what I wanted",Somewhat,0.875,0.333,0.125,0.5,0.0,0.5,0.5,C3_3_75_plus,C2_3_50_to_3_74
KUET,ME,0.875,4,90% or more,More than 15 hrs,Mostly just before exams,About half,5-6 hrs,Often,11-15 hrs,Almost every day,Mostly suitable,Good support,Difficult to manage,Neutral,Mostly different,Completely,0.562,0.25,0.75,0.583,0.5,0.0,0.625,C0_below_3_20,C1_3_20_to_3_49
KUET,LE,0.875,4,90% or more,7-10 hrs,Consistent throughout the semester,Most of it,7-8 hrs,Often,1-5 hrs,Rarely,Somewhat distracting,Strong support,Completely unmanageable,Neutral,Mostly different,Not at all,0.812,0.333,0.625,0.25,0.375,0.25,0.5,C3_3_75_plus,C1_3_20_to_3_49
KUET,TE,0.875,4,60-74%,11-15 hrs,Mostly just before exams,Almost nothing,Less than 5 hrs,Sometimes,11-15 hrs,Sometimes,Mostly suitable,Very little support,Completely unmanageable,Very dissatisfied,Somewhat different,Completely,0.5,0.167,0.5,0.5,0.0,0.25,0.625,C1_3_20_to_3_49,C0_below_3_20
KUET,ME,0.875,4,90% or more,11-15 hrs,Consistent throughout the semester,About half,5-6 hrs,Never,6-10 hrs,Rarely,Very distracting,Strong support,Very healthy and balanced,Very satisfied,"Yes, exactly what I wanted",Not at all,0.875,0.75,0.5,0.667,0.375,0.5,-0.25,C3_3_75_plus,C1_3_20_to_3_49
KUET,LE,0.875,4,90% or more,More than 15 hrs,Mostly just before exams,About half,Less than 5 hrs,Rarely,1-5 hrs,Almost every day,Excellent for focused study,Good support,Completely unmanageable,Very dissatisfied,Not at all what I wanted,Completely,0.562,0.25,0.875,0.333,0.5,0.0,0.25,C1_3_20_to_3_49,C3_3_75_plus
KUET,TE,0.875,4,60-74%,3-6 hrs,Mostly consistent routine,Almost everything,More than 8 hrs,Never,None,Often,Neither good nor bad,Very little support,Completely unmanageable,Very satisfied,Mostly different,Somewhat,0.438,0.667,0.375,0.583,0.25,-0.5,0.0,C3_3_75_plus,C0_below_3_20
KUET,ESE,0.875,4,60-74%,11-15 hrs,Occasionally when necessary,Most of it,7-8 hrs,Often,6-10 hrs,Rarely,Neither good nor bad,Good support,Completely unmanageable,Very dissatisfied,Somewhat different,Not at all,0.5,0.333,0.625,0.167,0.562,0.5,0.625,C1_3_20_to_3_49,C2_3_50_to_3_74
KUET,MTE,0.875,4,90% or more,7-10 hrs,Occasionally when necessary,Most of it,5-6 hrs,Never,11-15 hrs,Sometimes,Very distracting,No support,Difficult to manage,Very dissatisfied,Not at all what I wanted,Slightly,0.5,0.5,0.0,0.083,0.375,0.0,0.25,C2_3_50_to_3_74,C1_3_20_to_3_49
KUET,BME,0.875,4,60-74%,More than 15 hrs,Occasionally when necessary,Almost everything,7-8 hrs,Often,1-5 hrs,Often,Neither good nor bad,Strong support,Mostly manageable,Very dissatisfied,"Yes, exactly what I wanted",Completely,0.438,0.583,0.75,0.667,1.0,0.25,0.125,C0_below_3_20,C3_3_75_plus
KUET,BECM,0.875,4,75-89%,Less than 3 hrs,Mostly just before exams,About half,More than 8 hrs,Never,None,Sometimes,Very distracting,No support,Completely unmanageable,Very satisfied,Close to what I wanted,Mostly,0.375,0.667,0.0,0.833,0.0,-0.5,0.0,C0_below_3_20,C2_3_50_to_3_74
KUET,ME,0.875,4,90% or more,11-15 hrs,Regularly but not every day,Almost everything,6-7 hrs,Never,None,Often,Somewhat distracting,Very little support,Average,Very dissatisfied,Not at all what I wanted,Mostly,0.625,0.667,0.25,0.25,0.75,0.0,-0.25,C1_3_20_to_3_49,C2_3_50_to_3_74
KUET,LE,0.875,4,75-89%,11-15 hrs,Mostly just before exams,Almost nothing,6-7 hrs,Sometimes,None,Sometimes,Neither good nor bad,Very little support,Mostly manageable,Very satisfied,Somewhat different,Mostly,0.562,0.583,0.375,0.75,0.0,0.25,-0.125,C3_3_75_plus,C3_3_75_plus
KUET,TE,0.875,4,90% or more,More than 15 hrs,Consistent throughout the semester,Almost nothing,7-8 hrs,Almost always,6-10 hrs,Often,Excellent for focused study,Very little support,Average,Very dissatisfied,"Yes, exactly what I wanted",Slightly,0.812,0.417,0.625,0.417,0.0,0.25,0.5,C3_3_75_plus,C2_3_50_to_3_74
KUET,ARCH,0.875,4,90% or more,3-6 hrs,Consistent throughout the semester,A little,Less than 5 hrs,Never,6-10 hrs,Rarely,Neither good nor bad,Strong support,Average,Very satisfied,Somewhat different,Somewhat,0.75,0.5,0.75,0.667,0.062,0.0,0.0,C1_3_20_to_3_49,C2_3_50_to_3_74
KUET,EEE,0.875,4,90% or more,More than 15 hrs,Consistent throughout the semester,Almost nothing,5-6 hrs,Almost always,6-10 hrs,Rarely,Mostly suitable,Very little support,Mostly manageable,Very dissatisfied,Somewhat different,Not at all,0.938,0.333,0.5,0.167,0.0,0.75,0.375,C0_below_3_20,C1_3_20_to_3_49
KUET,ME,0.875,4,75-89%,More than 15 hrs,Mostly just before exams,Most of it,6-7 hrs,Almost always,6-10 hrs,Sometimes,Somewhat distracting,Very little support,Completely unmanageable,Very satisfied,Somewhat different,Somewhat,0.625,0.167,0.25,0.667,0.75,0.5,0.75,C1_3_20_to_3_49,C1_3_20_to_3_49
KUET,EEE,0.875,4,75-89%,3-6 hrs,Consistent throughout the semester,Almost everything,7-8 hrs,Almost always,More than 15 hrs,Rarely,Very distracting,Good support,Very healthy and balanced,Neutral,"Yes, exactly what I wanted",Completely,0.688,0.583,0.375,0.833,0.25,0.0,0.5,C1_3_20_to_3_49,C2_3_50_to_3_74
KUET,LE,0.875,4,75-89%,11-15 hrs,Mostly just before exams,Almost everything,Less than 5 hrs,Almost always,6-10 hrs,Often,Mostly suitable,Some support,Mostly manageable,Very satisfied,Close to what I wanted,Slightly,0.5,0.25,0.625,0.667,0.75,0.0,0.375,C3_3_75_plus,C3_3_75_plus
KUET,MTE,0.875,4,75-89%,11-15 hrs,Mostly consistent routine,Almost everything,5-6 hrs,Rarely,11-15 hrs,Rarely,Very distracting,Good support,Difficult to manage,Very dissatisfied,Somewhat different,Slightly,0.75,0.417,0.375,0.25,0.75,0.5,0.375,C0_below_3_20,C3_3_75_plus
KUET,TE,0.875,4,60-74%,3-6 hrs,Mostly consistent routine,Most of it,5-6 hrs,Often,11-15 hrs,Sometimes,Very distracting,Some support,Very healthy and balanced,Very dissatisfied,Not at all what I wanted,Not at all,0.5,0.5,0.25,0.0,0.188,-0.25,0.25,C1_3_20_to_3_49,C0_below_3_20
KUET,BECM,0.875,4,90% or more,7-10 hrs,Consistent throughout the semester,Most of it,5-6 hrs,Almost always,More than 15 hrs,Often,Mostly suitable,No support,Difficult to manage,Very dissatisfied,Close to what I wanted,Mostly,0.688,0.167,0.375,0.5,0.375,-0.25,0.875,C2_3_50_to_3_74,C3_3_75_plus
KUET,EEE,0.875,4,60-74%,More than 15 hrs,Regularly but not every day,Almost nothing,Less than 5 hrs,Often,1-5 hrs,Almost every day,Very distracting,Very little support,Very healthy and balanced,Very dissatisfied,Close to what I wanted,Mostly,0.5,0.417,0.125,0.5,0.0,0.0,0.0,C3_3_75_plus,C1_3_20_to_3_49
KUET,CE,0.875,4,90% or more,11-15 hrs,Regularly but not every day,Almost nothing,6-7 hrs,Almost always,More than 15 hrs,Sometimes,Neither good nor bad,Strong support,Very healthy and balanced,Very dissatisfied,Mostly different,Not at all,0.688,0.5,0.75,0.083,0.0,0.25,0.5,C0_below_3_20,C3_3_75_plus
KUET,EEE,0.875,4,75-89%,11-15 hrs,Consistent throughout the semester,Almost nothing,7-8 hrs,Sometimes,None,Sometimes,Very distracting,No support,Average,Very dissatisfied,Close to what I wanted,Completely,0.75,0.583,0.0,0.583,0.0,0.25,0.0,C1_3_20_to_3_49,C3_3_75_plus
KUET,CE,0.875,4,90% or more,Less than 3 hrs,Mostly just before exams,About half,5-6 hrs,Often,None,Sometimes,Somewhat distracting,Very little support,Mostly manageable,Neutral,Close to what I wanted,Completely,0.438,0.417,0.25,0.75,0.0,-0.5,0.0,C3_3_75_plus,C1_3_20_to_3_49
KUET,URP,0.875,4,60-74%,3-6 hrs,Occasionally when necessary,Almost everything,More than 8 hrs,Often,More than 15 hrs,Sometimes,Mostly suitable,Strong support,Very healthy and balanced,Very dissatisfied,Close to what I wanted,Mostly,0.312,0.75,0.875,0.5,0.25,-0.25,0.375,C0_below_3_20,C1_3_20_to_3_49
KUET,ARCH,0.875,4,75-89%,3-6 hrs,Consistent throughout the semester,A little,Less than 5 hrs,Rarely,1-5 hrs,Often,Excellent for focused study,Some support,Very healthy and balanced,Very dissatisfied,Close to what I wanted,Mostly,0.562,0.583,0.75,0.5,0.062,-0.5,-0.25,C1_3_20_to_3_49,C2_3_50_to_3_74
KUET,EEE,0.875,4,60-74%,11-15 hrs,Mostly consistent routine,A little,7-8 hrs,Rarely,11-15 hrs,Often,Somewhat distracting,Good support,Average,Very dissatisfied,Somewhat different,Not at all,0.562,0.667,0.5,0.167,0.188,0.0,0.25,C3_3_75_plus,C1_3_20_to_3_49
KUET,ME,0.875,4,60-74%,7-10 hrs,Regularly but not every day,About half,Less than 5 hrs,Never,6-10 hrs,Never,Very distracting,Strong support,Very healthy and balanced,Neutral,Close to what I wanted,Mostly,0.625,0.667,0.5,0.667,0.25,0.5,-0.25,C1_3_20_to_3_49,C2_3_50_to_3_74
KUET,EEE,0.875,4,75-89%,7-10 hrs,Mostly just before exams,About half,6-7 hrs,Rarely,More than 15 hrs,Almost every day,Mostly suitable,Some support,Average,Very satisfied,Close to what I wanted,Mostly,0.375,0.583,0.625,0.833,0.25,-0.5,0.375,C2_3_50_to_3_74,C0_below_3_20
KUET,LE,0.875,4,90% or more,11-15 hrs,Consistent throughout the semester,About half,5-6 hrs,Sometimes,1-5 hrs,Often,Excellent for focused study,Some support,Average,Neutral,"Yes, exactly what I wanted",Mostly,0.75,0.417,0.75,0.75,0.375,0.0,0.125,C0_below_3_20,C2_3_50_to_3_74
KUET,MTE,0.875,4,60-74%,Less than 3 hrs,Occasionally when necessary,A little,5-6 hrs,Sometimes,11-15 hrs,Sometimes,Somewhat distracting,Very little support,Average,Very satisfied,Close to what I wanted,Somewhat,0.25,0.417,0.25,0.75,0.0,-0.5,0.375,C3_3_75_plus,C0_below_3_20
KUET,TE,0.875,4,90% or more,11-15 hrs,Consistent throughout the semester,Most of it,7-8 hrs,Rarely,11-15 hrs,Sometimes,Neither good nor bad,Very little support,Very healthy and balanced,Very dissatisfied,Not at all what I wanted,Not at all,0.812,0.833,0.375,0.0,0.562,0.25,0.0,C0_below_3_20,C1_3_20_to_3_49
KUET,CSE,0.5,2,75-89%,3-6 hrs,Mostly just before exams,Almost nothing,5-6 hrs,Often,1-5 hrs,Almost every day,Mostly suitable,Strong support,Difficult to manage,Neutral,Not at all what I wanted,Not at all,0.312,0.25,0.875,0.167,0.0,-0.75,0.375,C2_3_50_to_3_74,C1_3_20_to_3_49
KUET,BECM,0.875,4,90% or more,3-6 hrs,Occasionally when necessary,About half,More than 8 hrs,Almost always,More than 15 hrs,Almost every day,Very distracting,Strong support,Average,Very dissatisfied,Close to what I wanted,Somewhat,0.312,0.5,0.5,0.417,0.125,-0.75,0.75,C3_3_75_plus,C2_3_50_to_3_74
KUET,EEE,0.875,4,75-89%,11-15 hrs,Consistent throughout the semester,Almost everything,7-8 hrs,Often,1-5 hrs,Never,Very distracting,Strong support,Mostly manageable,Neutral,Mostly different,Completely,0.875,0.583,0.5,0.583,0.75,0.75,0.125,C1_3_20_to_3_49,C0_below_3_20
KUET,CE,0.875,4,60-74%,More than 15 hrs,Mostly consistent routine,Almost nothing,Less than 5 hrs,Rarely,6-10 hrs,Never,Very distracting,Good support,Average,Very satisfied,Not at all what I wanted,Slightly,0.812,0.417,0.375,0.417,0.0,1.0,0.125,C3_3_75_plus,C0_below_3_20
KUET,EEE,0.875,4,90% or more,7-10 hrs,Regularly but not every day,Almost everything,5-6 hrs,Rarely,6-10 hrs,Never,Mostly suitable,Very little support,Average,Very dissatisfied,"Yes, exactly what I wanted",Somewhat,0.75,0.5,0.5,0.5,0.5,0.5,0.125,C3_3_75_plus,C0_below_3_20
KUET,CE,0.875,4,90% or more,Less than 3 hrs,Mostly consistent routine,Most of it,5-6 hrs,Sometimes,None,Rarely,Somewhat distracting,Good support,Difficult to manage,Very dissatisfied,Not at all what I wanted,Somewhat,0.625,0.333,0.5,0.167,0.0,-0.25,0.125,C0_below_3_20,C0_below_3_20
KUET,URP,0.875,4,90% or more,3-6 hrs,Mostly consistent routine,About half,5-6 hrs,Rarely,11-15 hrs,Never,Excellent for focused study,Some support,Mostly manageable,Neutral,Mostly different,Completely,0.75,0.583,0.75,0.583,0.125,0.25,0.125,C3_3_75_plus,C0_below_3_20
KUET,ARCH,0.875,4,75-89%,3-6 hrs,Mostly consistent routine,A little,7-8 hrs,Never,6-10 hrs,Almost every day,Excellent for focused study,Some support,Mostly manageable,Very satisfied,Close to what I wanted,Not at all,0.438,0.833,0.75,0.583,0.062,-0.75,-0.125,C1_3_20_to_3_49,C0_below_3_20
KUET,EEE,0.875,4,60-74%,11-15 hrs,Consistent throughout the semester,A little,Less than 5 hrs,Sometimes,6-10 hrs,Almost every day,Somewhat distracting,No support,Difficult to manage,Very dissatisfied,Somewhat different,Mostly,0.562,0.25,0.125,0.417,0.188,-0.25,0.375,C3_3_75_plus,C0_below_3_20
KUET,ME,0.875,4,75-89%,3-6 hrs,Mostly just before exams,Almost nothing,7-8 hrs,Rarely,11-15 hrs,Almost every day,Mostly suitable,Very little support,Mostly manageable,Very dissatisfied,Not at all what I wanted,Somewhat,0.312,0.75,0.5,0.167,0.0,-0.75,0.125,C3_3_75_plus,C0_below_3_20
KUET,EEE,0.875,4,60-74%,7-10 hrs,Regularly but not every day,A little,Less than 5 hrs,Almost always,1-5 hrs,Never,Somewhat distracting,Strong support,Mostly manageable,Very dissatisfied,Not at all what I wanted,Not at all,0.625,0.25,0.625,0.0,0.125,0.5,0.25,C0_below_3_20,C2_3_50_to_3_74
KUET,LE,0.875,4,90% or more,More than 15 hrs,Occasionally when necessary,Most of it,7-8 hrs,Almost always,None,Often,Neither good nor bad,No support,Completely unmanageable,Very dissatisfied,Not at all what I wanted,Mostly,0.562,0.25,0.25,0.25,0.75,0.25,0.5,C2_3_50_to_3_74,C2_3_50_to_3_74
KUET,MTE,0.875,4,60-74%,Less than 3 hrs,Mostly consistent routine,A little,6-7 hrs,Never,1-5 hrs,Sometimes,Very distracting,Good support,Difficult to manage,Very dissatisfied,Mostly different,Mostly,0.438,0.583,0.375,0.333,0.0,-0.5,0.0,C3_3_75_plus,C3_3_75_plus
KUET,TE,0.875,4,90% or more,More than 15 hrs,Regularly but not every day,Almost nothing,More than 8 hrs,Rarely,More than 15 hrs,Rarely,Very distracting,Some support,Very healthy and balanced,Very dissatisfied,Somewhat different,Completely,0.812,0.917,0.25,0.5,0.0,0.75,0.125,C1_3_20_to_3_49,C0_below_3_20
KUET,BECM,0.875,4,60-74%,7-10 hrs,Mostly consistent routine,About half,5-6 hrs,Almost always,6-10 hrs,Almost every day,Somewhat distracting,Very little support,Difficult to manage,Very satisfied,Mostly different,Slightly,0.438,0.167,0.25,0.5,0.25,-0.5,0.625,C3_3_75_plus,C1_3_20_to_3_49
KUET,EEE,0.875,4,60-74%,7-10 hrs,Occasionally when necessary,A little,Less than 5 hrs,Rarely,None,Often,Neither good nor bad,Some support,Very healthy and balanced,Very dissatisfied,"Yes, exactly what I wanted",Not at all,0.312,0.583,0.5,0.333,0.125,-0.25,-0.375,C0_below_3_20,C2_3_50_to_3_74
KUET,CE,0.875,4,75-89%,Less than 3 hrs,Mostly just before exams,About half,7-8 hrs,Never,6-10 hrs,Never,Somewhat distracting,Strong support,Mostly manageable,Very satisfied,Close to what I wanted,Not at all,0.5,0.833,0.625,0.583,0.0,0.0,-0.125,C1_3_20_to_3_49,C3_3_75_plus
KUET,EEE,0.875,4,60-74%,More than 15 hrs,Occasionally when necessary,About half,Less than 5 hrs,Sometimes,None,Almost every day,Neither good nor bad,Some support,Very healthy and balanced,Very dissatisfied,"Yes, exactly what I wanted",Mostly,0.375,0.5,0.5,0.583,0.5,0.0,-0.25,C1_3_20_to_3_49,C0_below_3_20
KUET,CE,0.875,4,60-74%,Less than 3 hrs,Mostly consistent routine,Almost nothing,6-7 hrs,Almost always,1-5 hrs,Rarely,Somewhat distracting,Very little support,Average,Very dissatisfied,Not at all what I wanted,Completely,0.5,0.333,0.25,0.333,0.0,-0.25,0.375,C3_3_75_plus,C1_3_20_to_3_49
KUET,URP,0.875,4,90% or more,Less than 3 hrs,Regularly but not every day,About half,5-6 hrs,Almost always,None,Never,Very distracting,Good support,Mostly manageable,Very dissatisfied,Somewhat different,Slightly,0.625,0.333,0.375,0.25,0.0,0.0,0.125,C1_3_20_to_3_49,C0_below_3_20
KUET,ARCH,0.875,4,75-89%,More than 15 hrs,Mostly consistent routine,Almost nothing,Less than 5 hrs,Almost always,More than 15 hrs,Almost every day,Very distracting,Some support,Mostly manageable,Very dissatisfied,"Yes, exactly what I wanted",Slightly,0.625,0.25,0.25,0.417,0.0,0.0,0.625,C3_3_75_plus,C3_3_75_plus
KUET,EEE,0.875,4,90% or more,More than 15 hrs,Mostly consistent routine,Almost nothing,More than 8 hrs,Almost always,More than 15 hrs,Almost every day,Very distracting,No support,Completely unmanageable,Neutral,Mostly different,Somewhat,0.688,0.333,0.0,0.417,0.0,0.0,1.0,C3_3_75_plus,C0_below_3_20
KUET,ME,0.875,4,75-89%,Less than 3 hrs,Mostly consistent routine,Almost everything,6-7 hrs,Almost always,More than 15 hrs,Never,Excellent for focused study,No support,Mostly manageable,Very dissatisfied,Close to what I wanted,Completely,0.625,0.417,0.5,0.583,0.0,0.0,0.625,C3_3_75_plus,C1_3_20_to_3_49
KUET,EEE,0.875,4,90% or more,Less than 3 hrs,Consistent throughout the semester,Almost everything,6-7 hrs,Never,1-5 hrs,Often,Very distracting,Very little support,Very healthy and balanced,Very dissatisfied,Somewhat different,Completely,0.562,0.833,0.125,0.5,0.0,-0.75,-0.375,C1_3_20_to_3_49,C0_below_3_20
KUET,LE,0.875,4,60-74%,Less than 3 hrs,Occasionally when necessary,A little,More than 8 hrs,Sometimes,6-10 hrs,Almost every day,Neither good nor bad,No support,Average,Neutral,Close to what I wanted,Slightly,0.125,0.667,0.25,0.5,0.0,-1.0,0.25,C2_3_50_to_3_74,C3_3_75_plus
KUET,MTE,0.875,4,90% or more,11-15 hrs,Regularly but not every day,Most of it,6-7 hrs,Never,1-5 hrs,Never,Excellent for focused study,Strong support,Very healthy and balanced,Very dissatisfied,Somewhat different,Somewhat,0.812,0.833,1.0,0.333,0.562,0.75,-0.375,C1_3_20_to_3_49,C2_3_50_to_3_74
KUET,TE,0.875,4,75-89%,3-6 hrs,Mostly just before exams,About half,7-8 hrs,Sometimes,6-10 hrs,Rarely,Neither good nor bad,Good support,Completely unmanageable,Very dissatisfied,Close to what I wanted,Slightly,0.5,0.417,0.625,0.333,0.125,0.0,0.5,C3_3_75_plus,C2_3_50_to_3_74
KUET,BECM,0.875,4,60-74%,7-10 hrs,Consistent throughout the semester,Almost everything,More than 8 hrs,Never,More than 15 hrs,Often,Somewhat distracting,Good support,Very healthy and balanced,Very dissatisfied,Mostly different,Slightly,0.562,1.0,0.5,0.167,0.5,-0.25,0.0,C1_3_20_to_3_49,C1_3_20_to_3_49
KUET,EEE,0.875,4,90% or more,11-15 hrs,Regularly but not every day,About half,Less than 5 hrs,Often,1-5 hrs,Rarely,Neither good nor bad,Good support,Difficult to manage,Very dissatisfied,"Yes, exactly what I wanted",Not at all,0.75,0.167,0.625,0.333,0.375,0.5,0.375,C0_below_3_20,C3_3_75_plus
KUET,CE,0.875,4,90% or more,3-6 hrs,Consistent throughout the semester,About half,Less than 5 hrs,Sometimes,6-10 hrs,Rarely,Neither good nor bad,Good support,Completely unmanageable,Very dissatisfied,Close to what I wanted,Slightly,0.75,0.167,0.625,0.333,0.125,0.0,0.5,C0_below_3_20,C1_3_20_to_3_49
KUET,EEE,0.875,4,90% or more,Less than 3 hrs,Mostly consistent routine,Almost nothing,Less than 5 hrs,Rarely,None,Often,Very distracting,Strong support,Mostly manageable,Very dissatisfied,Close to what I wanted,Completely,0.5,0.5,0.5,0.583,0.0,-0.75,-0.25,C3_3_75_plus,C0_below_3_20
KUET,CE,0.875,4,90% or more,7-10 hrs,Consistent throughout the semester,Most of it,More than 8 hrs,Sometimes,More than 15 hrs,Often,Very distracting,Some support,Completely unmanageable,Neutral,Somewhat different,Not at all,0.688,0.5,0.25,0.333,0.375,-0.25,0.75,C2_3_50_to_3_74,C1_3_20_to_3_49
KUET,CSE,0.875,4,90% or more,7-10 hrs,Mostly just before exams,A little,5-6 hrs,Almost always,None,Rarely,Mostly suitable,No support,Completely unmanageable,Satisfied,Not at all what I wanted,Not at all,0.625,0.083,0.375,0.25,0.125,0.25,0.5,C2_3_50_to_3_74,C2_3_50_to_3_74
KUET,URP,0.875,4,90% or more,3-6 hrs,Mostly just before exams,Most of it,6-7 hrs,Never,11-15 hrs,Rarely,Very distracting,Good support,Very healthy and balanced,Very satisfied,Close to what I wanted,Slightly,0.562,0.833,0.375,0.667,0.188,0.0,-0.125,C1_3_20_to_3_49,C0_below_3_20
KUET,ARCH,0.875,4,75-89%,3-6 hrs,Mostly just before exams,Almost everything,7-8 hrs,Often,None,Never,Very distracting,No support,Average,Very dissatisfied,Not at all what I wanted,Completely,0.562,0.5,0.0,0.333,0.25,0.25,0.125,C3_3_75_plus,C1_3_20_to_3_49
KUET,EEE,0.875,4,75-89%,Less than 3 hrs,Mostly consistent routine,A little,Less than 5 hrs,Sometimes,None,Almost every day,Somewhat distracting,Strong support,Difficult to manage,Very dissatisfied,"Yes, exactly what I wanted",Somewhat,0.375,0.25,0.625,0.5,0.0,-1.0,0.125,C0_below_3_20,C3_3_75_plus
KUET,ME,0.875,4,90% or more,3-6 hrs,Consistent throughout the semester,Almost nothing,5-6 hrs,Almost always,More than 15 hrs,Almost every day,Somewhat distracting,Strong support,Mostly manageable,Very dissatisfied,Somewhat different,Slightly,0.562,0.333,0.625,0.25,0.0,-0.75,0.625,C2_3_50_to_3_74,C1_3_20_to_3_49
KUET,EEE,0.875,4,90% or more,Less than 3 hrs,Mostly just before exams,Most of it,7-8 hrs,Almost always,11-15 hrs,Almost every day,Somewhat distracting,Very little support,Completely unmanageable,Very dissatisfied,Mostly different,Mostly,0.312,0.25,0.25,0.333,0.0,-1.0,0.875,C2_3_50_to_3_74,C2_3_50_to_3_74
KUET,LE,0.875,4,60-74%,3-6 hrs,Occasionally when necessary,About half,More than 8 hrs,Rarely,6-10 hrs,Sometimes,Mostly suitable,No support,Very healthy and balanced,Very dissatisfied,Mostly different,Completely,0.312,0.917,0.375,0.417,0.125,-0.25,-0.125,C2_3_50_to_3_74,C3_3_75_plus
KUET,MTE,0.875,4,75-89%,Less than 3 hrs,Consistent throughout the semester,Most of it,5-6 hrs,Often,None,Sometimes,Neither good nor bad,Strong support,Average,Very dissatisfied,Close to what I wanted,Slightly,0.562,0.333,0.75,0.333,0.0,-0.5,0.125,C3_3_75_plus,C3_3_75_plus
KUET,TE,0.875,4,75-89%,3-6 hrs,Regularly but not every day,About half,6-7 hrs,Almost always,None,Almost every day,Very distracting,Strong support,Completely unmanageable,Very dissatisfied,Close to what I wanted,Completely,0.375,0.167,0.5,0.583,0.125,-0.75,0.5,C1_3_20_to_3_49,C3_3_75_plus
KUET,BECM,0.875,4,60-74%,Less than 3 hrs,Mostly just before exams,Most of it,More than 8 hrs,Sometimes,None,Sometimes,Very distracting,Very little support,Completely unmanageable,Neutral,Not at all what I wanted,Slightly,0.312,0.5,0.125,0.25,0.0,-0.5,0.25,C0_below_3_20,C3_3_75_plus
KUET,EEE,0.875,4,90% or more,More than 15 hrs,Occasionally when necessary,Most of it,5-6 hrs,Never,6-10 hrs,Sometimes,Very distracting,Very little support,Mostly manageable,Very dissatisfied,Not at all what I wanted,Mostly,0.625,0.667,0.125,0.25,0.75,0.5,-0.125,C1_3_20_to_3_49,C2_3_50_to_3_74
KUET,CE,0.875,4,60-74%,7-10 hrs,Occasionally when necessary,About half,5-6 hrs,Rarely,11-15 hrs,Sometimes,Very distracting,Strong support,Completely unmanageable,Very dissatisfied,Somewhat different,Completely,0.375,0.333,0.5,0.5,0.25,0.0,0.5,C1_3_20_to_3_49,C2_3_50_to_3_74
KUET,EEE,0.875,4,90% or more,11-15 hrs,Occasionally when necessary,A little,6-7 hrs,Sometimes,More than 15 hrs,Never,Neither good nor bad,No support,Completely unmanageable,Very satisfied,Close to what I wanted,Completely,0.688,0.333,0.25,0.917,0.188,0.75,0.75,C0_below_3_20,C3_3_75_plus
KUET,CE,0.875,4,60-74%,3-6 hrs,Mostly just before exams,A little,7-8 hrs,Often,1-5 hrs,Sometimes,Mostly suitable,Strong support,Mostly manageable,Very dissatisfied,Somewhat different,Somewhat,0.375,0.583,0.875,0.333,0.062,-0.25,0.125,C2_3_50_to_3_74,C2_3_50_to_3_74
KUET,URP,0.875,4,75-89%,3-6 hrs,Consistent throughout the semester,Almost everything,Less than 5 hrs,Sometimes,11-15 hrs,Sometimes,Very distracting,Very little support,Mostly manageable,Neutral,Not at all what I wanted,Slightly,0.625,0.417,0.125,0.25,0.25,-0.25,0.25,C2_3_50_to_3_74,C3_3_75_plus
KUET,ARCH,0.875,4,90% or more,3-6 hrs,Occasionally when necessary,About half,Less than 5 hrs,Almost always,None,Often,Very distracting,Very little support,Mostly manageable,Very satisfied,Mostly different,Somewhat,0.375,0.25,0.125,0.583,0.125,-0.5,0.125,C3_3_75_plus,C1_3_20_to_3_49
KUET,EEE,0.875,4,75-89%,11-15 hrs,Mostly consistent routine,A little,7-8 hrs,Rarely,More than 15 hrs,Almost every day,Neither good nor bad,Good support,Mostly manageable,Neutral,Somewhat different,Completely,0.562,0.75,0.625,0.667,0.188,-0.25,0.25,C1_3_20_to_3_49,C3_3_75_plus
KUET,ME,0.875,4,90% or more,Less than 3 hrs,Mostly just before exams,Almost nothing,Less than 5 hrs,Sometimes,6-10 hrs,Often,Very distracting,Very little support,Difficult to manage,Very dissatisfied,"Yes, exactly what I wanted",Not at all,0.375,0.25,0.125,0.333,0.0,-0.75,0.375,C3_3_75_plus,C0_below_3_20
KUET,EEE,0.875,4,60-74%,Less than 3 hrs,Mostly consistent routine,Almost everything,More than 8 hrs,Never,None,Never,Very distracting,Very little support,Difficult to manage,Very satisfied,"Yes, exactly what I wanted",Somewhat,0.562,0.75,0.125,0.833,0.0,0.0,-0.125,C2_3_50_to_3_74,C3_3_75_plus
KUET,LE,0.875,4,90% or more,11-15 hrs,Occasionally when necessary,Almost nothing,6-7 hrs,Almost always,None,Rarely,Mostly suitable,Good support,Difficult to manage,Very dissatisfied,Close to what I wanted,Slightly,0.625,0.25,0.75,0.333,0.0,0.5,0.375,C3_3_75_plus,C2_3_50_to_3_74
KUET,MTE,0.875,4,75-89%,7-10 hrs,Regularly but not every day,Almost nothing,7-8 hrs,Often,6-10 hrs,Never,Very distracting,Good support,Mostly manageable,Neutral,Close to what I wanted,Slightly,0.688,0.583,0.375,0.5,0.0,0.5,0.25,C3_3_75_plus,C0_below_3_20
KUET,TE,0.875,4,60-74%,3-6 hrs,Mostly consistent routine,A little,7-8 hrs,Sometimes,More than 15 hrs,Sometimes,Somewhat distracting,Some support,Completely unmanageable,Very dissatisfied,"Yes, exactly what I wanted",Mostly,0.5,0.417,0.375,0.583,0.062,-0.25,0.75,C1_3_20_to_3_49,C2_3_50_to_3_74
KUET,BECM,0.875,4,60-74%,7-10 hrs,Occasionally when necessary,Most of it,More than 8 hrs,Sometimes,6-10 hrs,Almost every day,Excellent for focused study,Very little support,Mostly manageable,Very dissatisfied,Not at all what I wanted,Somewhat,0.25,0.75,0.625,0.167,0.375,-0.5,0.125,C2_3_50_to_3_74,C2_3_50_to_3_74
KUET,EEE,0.875,4,75-89%,7-10 hrs,Occasionally when necessary,Almost everything,7-8 hrs,Rarely,6-10 hrs,Almost every day,Mostly suitable,Very little support,Completely unmanageable,Neutral,Not at all what I wanted,Mostly,0.312,0.5,0.5,0.417,0.5,-0.5,0.375,C1_3_20_to_3_49,C2_3_50_to_3_74
KUET,CE,0.875,4,90% or more,More than 15 hrs,Regularly but not every day,Almost nothing,More than 8 hrs,Rarely,11-15 hrs,Sometimes,Mostly suitable,Strong support,Average,Very dissatisfied,"Yes, exactly what I wanted",Slightly,0.75,0.75,0.875,0.417,0.0,0.5,0.25,C1_3_20_to_3_49,C3_3_75_plus
KUET,EEE,0.875,4,75-89%,7-10 hrs,Consistent throughout the semester,About half,6-7 hrs,Sometimes,11-15 hrs,Often,Very distracting,Some support,Completely unmanageable,Neutral,Close to what I wanted,Somewhat,0.625,0.333,0.25,0.583,0.25,-0.25,0.625,C1_3_20_to_3_49,C0_below_3_20
KUET,CE,0.875,4,75-89%,7-10 hrs,Regularly but not every day,A little,More than 8 hrs,Never,1-5 hrs,Rarely,Very distracting,Strong support,Completely unmanageable,Very dissatisfied,"Yes, exactly what I wanted",Not at all,0.625,0.667,0.5,0.333,0.125,0.25,0.125,C0_below_3_20,C1_3_20_to_3_49
KUET,URP,0.875,4,75-89%,Less than 3 hrs,Occasionally when necessary,About half,Less than 5 hrs,Almost always,More than 15 hrs,Sometimes,Mostly suitable,No support,Completely unmanageable,Very dissatisfied,Close to what I wanted,Somewhat,0.312,0.0,0.375,0.417,0.0,-0.5,1.0,C0_below_3_20,C1_3_20_to_3_49
KUET,ARCH,0.875,4,60-74%,3-6 hrs,Consistent throughout the semester,Almost everything,7-8 hrs,Rarely,1-5 hrs,Almost every day,Excellent for focused study,Very little support,Average,Very dissatisfied,"Yes, exactly what I wanted",Completely,0.438,0.667,0.625,0.667,0.25,-0.75,0.0,C1_3_20_to_3_49,C1_3_20_to_3_49
KUET,EEE,0.875,4,90% or more,3-6 hrs,Mostly consistent routine,Most of it,Less than 5 hrs,Often,More than 15 hrs,Sometimes,Excellent for focused study,No support,Difficult to manage,Very dissatisfied,Mostly different,Slightly,0.625,0.167,0.5,0.167,0.188,-0.25,0.75,C3_3_75_plus,C2_3_50_to_3_74
KUET,ME,0.875,4,90% or more,11-15 hrs,Occasionally when necessary,Almost everything,6-7 hrs,Never,6-10 hrs,Rarely,Excellent for focused study,Some support,Very healthy and balanced,Neutral,Not at all what I wanted,Completely,0.625,0.833,0.75,0.5,0.75,0.5,-0.25,C2_3_50_to_3_74,C2_3_50_to_3_74
KUET,EEE,0.875,4,90% or more,11-15 hrs,Mostly consistent routine,Almost everything,5-6 hrs,Never,More than 15 hrs,Never,Very distracting,No support,Mostly manageable,Very satisfied,Close to what I wanted,Mostly,0.875,0.667,0.0,0.833,0.75,0.75,0.125,C0_below_3_20,C3_3_75_plus
KUET,MSE,0.875,4,60-74%,Less than 3 hrs,Occasionally when necessary,A little,5-6 hrs,Almost always,None,Almost every day,Mostly suitable,Good support,Very healthy and balanced,Neutral,"Yes, exactly what I wanted",Mostly,0.125,0.417,0.75,0.75,0.0,-1.0,0.0,C3_3_75_plus,C2_3_50_to_3_74
KUET,MSE,0.875,4,60-74%,3-6 hrs,Mostly just before exams,Most of it,5-6 hrs,Often,6-10 hrs,Often,Mostly suitable,Good support,Mostly manageable,Very satisfied,"Yes, exactly what I wanted",Slightly,0.312,0.417,0.75,0.75,0.188,-0.5,0.25,C1_3_20_to_3_49,C1_3_20_to_3_49
KUET,EEE,0.875,4,75-89%,Less than 3 hrs,Mostly consistent routine,Most of it,5-6 hrs,Almost always,6-10 hrs,Rarely,Neither good nor bad,Good support,Mostly manageable,Very satisfied,"Yes, exactly what I wanted",Mostly,0.562,0.333,0.625,0.917,0.0,-0.25,0.375,C0_below_3_20,C3_3_75_plus
KUET,CE,0.875,4,90% or more,Less than 3 hrs,Regularly but not every day,Almost nothing,7-8 hrs,Sometimes,11-15 hrs,Almost every day,Very distracting,Some support,Average,Very dissatisfied,Mostly different,Not at all,0.375,0.583,0.25,0.083,0.0,-1.0,0.375,C3_3_75_plus,C1_3_20_to_3_49
KUET,MSE,0.875,4,75-89%,Less than 3 hrs,Occasionally when necessary,Most of it,5-6 hrs,Almost always,6-10 hrs,Sometimes,Very distracting,Good support,Very healthy and balanced,Very satisfied,Mostly different,Slightly,0.312,0.417,0.375,0.5,0.0,-0.5,0.25,C1_3_20_to_3_49,C0_below_3_20
KUET,ECE,0.875,4,60-74%,Less than 3 hrs,Occasionally when necessary,Almost nothing,Less than 5 hrs,Sometimes,11-15 hrs,Rarely,Mostly suitable,Some support,Completely unmanageable,Neutral,Mostly different,Not at all,0.312,0.167,0.625,0.25,0.0,-0.25,0.625,C2_3_50_to_3_74,C1_3_20_to_3_49
KUET,ME,0.875,4,75-89%,Less than 3 hrs,Occasionally when necessary,Almost nothing,5-6 hrs,Rarely,None,Never,Neither good nor bad,Some support,Difficult to manage,Very dissatisfied,Somewhat different,Slightly,0.438,0.417,0.5,0.25,0.0,0.0,0.0,C3_3_75_plus,C3_3_75_plus
KUET,ECE,0.875,4,75-89%,11-15 hrs,Mostly just before exams,A little,5-6 hrs,Almost always,1-5 hrs,Sometimes,Neither good nor bad,Some support,Mostly manageable,Very dissatisfied,Mostly different,Somewhat,0.562,0.333,0.5,0.25,0.188,0.25,0.25,C1_3_20_to_3_49,C2_3_50_to_3_74
KUET,IEM,0.875,4,90% or more,More than 15 hrs,Regularly but not every day,About half,Less than 5 hrs,Almost always,11-15 hrs,Rarely,Somewhat distracting,No support,Average,Very dissatisfied,Somewhat different,Completely,0.812,0.167,0.125,0.5,0.5,0.75,0.625,C0_below_3_20,C0_below_3_20
KUET,MSE,0.875,4,90% or more,11-15 hrs,Mostly just before exams,About half,6-7 hrs,Sometimes,1-5 hrs,Often,Excellent for focused study,Good support,Completely unmanageable,Neutral,Close to what I wanted,Somewhat,0.562,0.333,0.875,0.583,0.375,0.0,0.375,C1_3_20_to_3_49,C0_below_3_20
KUET,ECE,0.875,4,75-89%,Less than 3 hrs,Regularly but not every day,Almost nothing,Less than 5 hrs,Sometimes,1-5 hrs,Often,Neither good nor bad,Strong support,Average,Very satisfied,"Yes, exactly what I wanted",Somewhat,0.375,0.333,0.75,0.833,0.0,-0.75,0.125,C0_below_3_20,C1_3_20_to_3_49
KUET,CE,0.875,4,90% or more,7-10 hrs,Regularly but not every day,About half,5-6 hrs,Often,None,Sometimes,Somewhat distracting,Strong support,Mostly manageable,Very satisfied,Somewhat different,Somewhat,0.625,0.417,0.625,0.667,0.25,0.0,0.0,C1_3_20_to_3_49,C3_3_75_plus
KUET,ECE,0.875,4,75-89%,3-6 hrs,Occasionally when necessary,About half,5-6 hrs,Almost always,1-5 hrs,Often,Mostly suitable,Some support,Mostly manageable,Very dissatisfied,Close to what I wanted,Completely,0.312,0.333,0.625,0.583,0.125,-0.5,0.25,C0_below_3_20,C0_below_3_20
KUET,ME,0.875,4,75-89%,11-15 hrs,Mostly consistent routine,A little,5-6 hrs,Rarely,11-15 hrs,Almost every day,Neither good nor bad,No support,Completely unmanageable,Very dissatisfied,Mostly different,Mostly,0.562,0.333,0.25,0.333,0.188,-0.25,0.5,C3_3_75_plus,C0_below_3_20
KUET,EEE,0.875,4,75-89%,More than 15 hrs,Consistent throughout the semester,Most of it,7-8 hrs,Almost always,6-10 hrs,Almost every day,Very distracting,Strong support,Mostly manageable,Very dissatisfied,Close to what I wanted,Not at all,0.688,0.5,0.5,0.25,0.75,0.0,0.375,C2_3_50_to_3_74,C3_3_75_plus
KUET,ECE,0.875,4,60-74%,3-6 hrs,Occasionally when necessary,Most of it,More than 8 hrs,Almost always,None,Often,Neither good nor bad,No support,Average,Neutral,"Yes, exactly what I wanted",Mostly,0.25,0.5,0.25,0.75,0.188,-0.5,0.25,C3_3_75_plus,C2_3_50_to_3_74
KUET,BECM,0.875,4,90% or more,7-10 hrs,Consistent throughout the semester,Most of it,7-8 hrs,Sometimes,More than 15 hrs,Almost every day,Neither good nor bad,Strong support,Very healthy and balanced,Very dissatisfied,Mostly different,Mostly,0.625,0.75,0.75,0.333,0.375,-0.5,0.25,C2_3_50_to_3_74,C3_3_75_plus
KUET,ECE,0.875,4,90% or more,3-6 hrs,Occasionally when necessary,Almost nothing,7-8 hrs,Never,None,Rarely,Mostly suitable,Good support,Difficult to manage,Very satisfied,Close to what I wanted,Slightly,0.5,0.667,0.75,0.667,0.0,0.0,-0.125,C1_3_20_to_3_49,C2_3_50_to_3_74
KUET,EEE,0.125,1,40-59%,Less than 3 hrs,Mostly just before exams,Almost nothing,5-6 hrs,Sometimes,1-5 hrs,Almost every day,Neither good nor bad,Very little support,Difficult to manage,Neutral,"Yes, exactly what I wanted",Not at all,0.125,0.333,0.375,0.5,0.0,-1.0,0.25,C0_below_3_20,C0_below_3_20
KUET,MSE,0.875,4,60-74%,Less than 3 hrs,Occasionally when necessary,Most of it,Less than 5 hrs,Sometimes,6-10 hrs,Sometimes,Neither good nor bad,Good support,Very healthy and balanced,Very dissatisfied,"Yes, exactly what I wanted",Somewhat,0.25,0.5,0.625,0.5,0.0,-0.5,0.0,C3_3_75_plus,C2_3_50_to_3_74
KUET,ME,0.875,4,90% or more,3-6 hrs,Mostly just before exams,Most of it,More than 8 hrs,Almost always,11-15 hrs,Often,Excellent for focused study,No support,Mostly manageable,Very dissatisfied,Mostly different,Mostly,0.438,0.583,0.5,0.333,0.188,-0.5,0.5,C0_below_3_20,C1_3_20_to_3_49
KUET,MSE,0.875,4,60-74%,7-10 hrs,Occasionally when necessary,Most of it,5-6 hrs,Often,1-5 hrs,Rarely,Somewhat distracting,Very little support,Average,Neutral,"Yes, exactly what I wanted",Completely,0.438,0.333,0.25,0.833,0.375,0.25,0.25,C3_3_75_plus,C3_3_75_plus
KUET,EEE,0.875,4,75-89%,3-6 hrs,Occasionally when necessary,A little,6-7 hrs,Almost always,11-15 hrs,Never,Somewhat distracting,Good support,Average,Very satisfied,Not at all what I wanted,Somewhat,0.5,0.333,0.5,0.5,0.062,0.25,0.625,C3_3_75_plus,C1_3_20_to_3_49
KUET,ECE,0.875,4,90% or more,7-10 hrs,Occasionally when necessary,About half,5-6 hrs,Often,6-10 hrs,Almost every day,Mostly suitable,Some support,Difficult to manage,Very dissatisfied,Not at all what I wanted,Mostly,0.375,0.25,0.625,0.25,0.25,-0.5,0.5,C1_3_20_to_3_49,C1_3_20_to_3_49
KUET,MSE,0.875,4,60-74%,3-6 hrs,Mostly just before exams,A little,5-6 hrs,Often,6-10 hrs,Sometimes,Neither good nor bad,Strong support,Average,Very dissatisfied,Mostly different,Mostly,0.375,0.333,0.75,0.333,0.062,-0.25,0.375,C0_below_3_20,C0_below_3_20
KUET,CE,0.875,4,60-74%,More than 15 hrs,Occasionally when necessary,A little,6-7 hrs,Often,1-5 hrs,Sometimes,Excellent for focused study,No support,Difficult to manage,Very dissatisfied,"Yes, exactly what I wanted",Completely,0.5,0.333,0.5,0.667,0.25,0.5,0.375,C0_below_3_20,C0_below_3_20
KUET,CSE,0.875,4,75-89%,7-10 hrs,Mostly just before exams,Almost nothing,5-6 hrs,Never,None,Never,Very distracting,Strong support,Mostly manageable,Neutral,"Yes, exactly what I wanted",Somewhat,0.625,0.667,0.5,0.667,0.0,0.5,-0.375,C0_below_3_20,C2_3_50_to_3_74
KUET,MSE,0.875,4,60-74%,3-6 hrs,Occasionally when necessary,A little,5-6 hrs,Almost always,1-5 hrs,Often,Mostly suitable,Good support,Average,Very dissatisfied,"Yes, exactly what I wanted",Mostly,0.25,0.25,0.75,0.583,0.062,-0.5,0.375,C3_3_75_plus,C3_3_75_plus
KUET,EEE,0.875,4,90% or more,Less than 3 hrs,Mostly consistent routine,Almost everything,7-8 hrs,Often,1-5 hrs,Often,Very distracting,No support,Completely unmanageable,Neutral,Not at all what I wanted,Not at all,0.5,0.333,0.0,0.167,0.0,-0.75,0.5,C2_3_50_to_3_74,C2_3_50_to_3_74
KUET,MSE,0.875,4,90% or more,3-6 hrs,Mostly just before exams,About half,6-7 hrs,Sometimes,11-15 hrs,Rarely,Very distracting,Very little support,Difficult to manage,Very dissatisfied,"Yes, exactly what I wanted",Mostly,0.562,0.417,0.125,0.583,0.125,0.0,0.5,C3_3_75_plus,C2_3_50_to_3_74
KUET,MSE,0.875,4,90% or more,Less than 3 hrs,Occasionally when necessary,About half,5-6 hrs,Sometimes,6-10 hrs,Sometimes,Excellent for focused study,Some support,Completely unmanageable,Very dissatisfied,Mostly different,Somewhat,0.375,0.25,0.75,0.25,0.0,-0.5,0.5,C3_3_75_plus,C2_3_50_to_3_74
KUET,CE,0.875,4,90% or more,Less than 3 hrs,Regularly but not every day,About half,Less than 5 hrs,Never,None,Rarely,Mostly suitable,Good support,Mostly manageable,Very dissatisfied,Not at all what I wanted,Slightly,0.562,0.583,0.75,0.083,0.0,-0.25,-0.375,C2_3_50_to_3_74,C3_3_75_plus
KUET,ECE,0.875,4,60-74%,3-6 hrs,Mostly just before exams,About half,7-8 hrs,Often,None,Almost every day,Mostly suitable,Some support,Very healthy and balanced,Neutral,Close to what I wanted,Slightly,0.25,0.667,0.625,0.5,0.125,-0.75,-0.125,C1_3_20_to_3_49,C1_3_20_to_3_49
KUET,ME,0.875,4,75-89%,Less than 3 hrs,Consistent throughout the semester,About half,5-6 hrs,Rarely,None,Never,Very distracting,Some support,Very healthy and balanced,Very dissatisfied,Mostly different,Not at all,0.688,0.667,0.25,0.083,0.0,0.0,-0.375,C2_3_50_to_3_74,C2_3_50_to_3_74
KUET,IEM,0.875,4,90% or more,11-15 hrs,Consistent throughout the semester,Almost everything,Less than 5 hrs,Sometimes,11-15 hrs,Often,Excellent for focused study,Some support,Mostly manageable,Very dissatisfied,Not at all what I wanted,Mostly,0.75,0.417,0.75,0.25,0.75,0.0,0.25,C1_3_20_to_3_49,C3_3_75_plus
KUET,ECE,0.875,4,75-89%,3-6 hrs,Occasionally when necessary,About half,Less than 5 hrs,Often,1-5 hrs,Never,Mostly suitable,Very little support,Average,Very dissatisfied,Somewhat different,Somewhat,0.5,0.25,0.5,0.333,0.125,0.25,0.25,C1_3_20_to_3_49,C2_3_50_to_3_74
KUET,CE,0.875,4,90% or more,7-10 hrs,Regularly but not every day,A little,More than 8 hrs,Almost always,None,Sometimes,Neither good nor bad,Strong support,Mostly manageable,Very satisfied,Somewhat different,Slightly,0.625,0.583,0.75,0.583,0.125,0.0,0.125,C2_3_50_to_3_74,C0_below_3_20
KUET,ME,0.875,4,90% or more,Less than 3 hrs,Occasionally when necessary,A little,6-7 hrs,Never,None,Often,Somewhat distracting,Good support,Very healthy and balanced,Very dissatisfied,Close to what I wanted,Completely,0.312,0.833,0.5,0.583,0.0,-0.75,-0.5,C1_3_20_to_3_49,C0_below_3_20
KUET,ECE,0.875,4,90% or more,More than 15 hrs,Regularly but not every day,A little,6-7 hrs,Often,None,Sometimes,Somewhat distracting,Some support,Difficult to manage,Very dissatisfied,"Yes, exactly what I wanted",Slightly,0.75,0.333,0.375,0.417,0.25,0.5,0.25,C0_below_3_20,C1_3_20_to_3_49
KUET,EEE,0.875,4,60-74%,More than 15 hrs,Mostly just before exams,Almost nothing,7-8 hrs,Almost always,None,Rarely,Very distracting,Strong support,Difficult to manage,Very satisfied,Close to what I wanted,Mostly,0.625,0.333,0.5,0.833,0.0,0.75,0.375,C1_3_20_to_3_49,C1_3_20_to_3_49
KUET,MSE,0.875,4,60-74%,3-6 hrs,Mostly consistent routine,Almost nothing,7-8 hrs,Almost always,1-5 hrs,Often,Neither good nor bad,Good support,Average,Very dissatisfied,"Yes, exactly what I wanted",Mostly,0.438,0.417,0.625,0.583,0.0,-0.5,0.375,C1_3_20_to_3_49,C1_3_20_to_3_49
KUET,BECM,0.875,4,90% or more,More than 15 hrs,Consistent throughout the semester,A little,7-8 hrs,Sometimes,6-10 hrs,Often,Somewhat distracting,Some support,Difficult to manage,Very dissatisfied,Mostly different,Slightly,0.812,0.5,0.375,0.167,0.25,0.25,0.375,C3_3_75_plus,C3_3_75_plus
KUET,ECE,0.875,4,75-89%,Less than 3 hrs,Occasionally when necessary,Most of it,Less than 5 hrs,Often,11-15 hrs,Almost every day,Neither good nor bad,Good support,Difficult to manage,Very dissatisfied,"Yes, exactly what I wanted",Mostly,0.188,0.167,0.625,0.583,0.0,-1.0,0.625,C0_below_3_20,C1_3_20_to_3_49
KUET,ME,0.875,4,90% or more,11-15 hrs,Occasionally when necessary,Most of it,5-6 hrs,Never,11-15 hrs,Almost every day,Mostly suitable,Very little support,Very healthy and balanced,Very dissatisfied,Close to what I wanted,Slightly,0.438,0.75,0.5,0.333,0.562,-0.25,-0.125,C0_below_3_20,C3_3_75_plus
KUET,ECE,0.875,4,75-89%,3-6 hrs,Mostly just before exams,A little,5-6 hrs,Sometimes,1-5 hrs,Often,Mostly suitable,Some support,Very healthy and balanced,Very dissatisfied,Somewhat different,Mostly,0.375,0.583,0.625,0.417,0.062,-0.5,-0.125,C3_3_75_plus,C2_3_50_to_3_74
KUET,EEE,0.875,4,60-74%,More than 15 hrs,Mostly just before exams,Almost everything,Less than 5 hrs,Never,6-10 hrs,Almost every day,Very distracting,Very little support,Completely unmanageable,Very dissatisfied,Somewhat different,Mostly,0.438,0.333,0.125,0.417,1.0,0.0,0.25,C0_below_3_20,C2_3_50_to_3_74
KUET,MSE,0.875,4,60-74%,3-6 hrs,Mostly just before exams,Most of it,5-6 hrs,Almost always,None,Sometimes,Mostly suitable,Strong support,Average,Very dissatisfied,Mostly different,Completely,0.375,0.25,0.875,0.417,0.188,-0.25,0.25,C0_below_3_20,C0_below_3_20
KUET,CE,0.875,4,60-74%,3-6 hrs,Mostly consistent routine,A little,7-8 hrs,Sometimes,None,Rarely,Very distracting,Good support,Average,Very dissatisfied,Mostly different,Mostly,0.562,0.583,0.375,0.333,0.062,0.0,0.0,C2_3_50_to_3_74,C0_below_3_20
KUET,MSE,0.875,4,90% or more,3-6 hrs,Occasionally when necessary,About half,More than 8 hrs,Often,6-10 hrs,Often,Mostly suitable,Some support,Average,Very dissatisfied,Close to what I wanted,Mostly,0.375,0.583,0.625,0.5,0.125,-0.5,0.375,C2_3_50_to_3_74,C2_3_50_to_3_74
KUET,CSE,0.875,4,75-89%,Less than 3 hrs,Regularly but not every day,Almost everything,7-8 hrs,Sometimes,11-15 hrs,Never,Neither good nor bad,Some support,Average,Very satisfied,Somewhat different,Not at all,0.562,0.583,0.5,0.5,0.0,0.0,0.375,C2_3_50_to_3_74,C0_below_3_20
KUET,EEE,0.875,4,75-89%,7-10 hrs,Regularly but not every day,Most of it,5-6 hrs,Often,1-5 hrs,Sometimes,Somewhat distracting,No support,Difficult to manage,Very satisfied,Not at all what I wanted,Somewhat,0.562,0.25,0.125,0.5,0.375,0.0,0.375,C1_3_20_to_3_49,C1_3_20_to_3_49
KUET,ECE,0.875,4,75-89%,Less than 3 hrs,Mostly just before exams,A little,7-8 hrs,Almost always,More than 15 hrs,Sometimes,Excellent for focused study,Some support,Average,Very dissatisfied,Somewhat different,Mostly,0.375,0.417,0.75,0.417,0.0,-0.5,0.75,C2_3_50_to_3_74,C1_3_20_to_3_49
KUET,CE,0.875,4,75-89%,Less than 3 hrs,Mostly consistent routine,A little,5-6 hrs,Sometimes,None,Rarely,Mostly suitable,Good support,Mostly manageable,Very dissatisfied,Close to what I wanted,Somewhat,0.562,0.5,0.75,0.417,0.0,-0.25,-0.125,C1_3_20_to_3_49,C1_3_20_to_3_49
KUET,ME,0.875,4,90% or more,More than 15 hrs,Occasionally when necessary,Almost nothing,7-8 hrs,Sometimes,More than 15 hrs,Almost every day,Mostly suitable,Some support,Very healthy and balanced,Neutral,Close to what I wanted,Mostly,0.5,0.75,0.625,0.667,0.0,0.0,0.25,C2_3_50_to_3_74,C1_3_20_to_3_49
KUET,MSE,0.875,4,60-74%,3-6 hrs,Regularly but not every day,About half,Less than 5 hrs,Often,None,Often,Very distracting,Some support,Average,Neutral,Somewhat different,Mostly,0.375,0.25,0.25,0.583,0.125,-0.5,0.125,C0_below_3_20,C0_below_3_20
KUET,IEM,0.875,4,90% or more,7-10 hrs,Mostly consistent routine,Almost nothing,7-8 hrs,Sometimes,11-15 hrs,Almost every day,Mostly suitable,Good support,Average,Very dissatisfied,"Yes, exactly what I wanted",Mostly,0.562,0.583,0.75,0.583,0.0,-0.5,0.375,C3_3_75_plus,C0_below_3_20
KUET,MSE,0.875,4,90% or more,7-10 hrs,Regularly but not every day,Almost nothing,6-7 hrs,Sometimes,11-15 hrs,Often,Neither good nor bad,Strong support,Mostly manageable,Neutral,Somewhat different,Somewhat,0.562,0.583,0.75,0.5,0.0,-0.25,0.25,C1_3_20_to_3_49,C1_3_20_to_3_49
KUET,CE,0.875,4,75-89%,3-6 hrs,Occasionally when necessary,Almost everything,Less than 5 hrs,Sometimes,1-5 hrs,Often,Excellent for focused study,Strong support,Very healthy and balanced,Very dissatisfied,"Yes, exactly what I wanted",Mostly,0.312,0.5,1.0,0.583,0.25,-0.5,-0.125,C0_below_3_20,C1_3_20_to_3_49
KUET,ME,0.875,4,90% or more,3-6 hrs,Consistent throughout the semester,A little,5-6 hrs,Never,11-15 hrs,Never,Mostly suitable,Very little support,Average,Very satisfied,Not at all what I wanted,Slightly,0.812,0.583,0.5,0.417,0.062,0.25,0.125,C1_3_20_to_3_49,C0_below_3_20
KUET,ECE,0.875,4,60-74%,3-6 hrs,Mostly just before exams,A little,5-6 hrs,Often,None,Sometimes,Neither good nor bad,Very little support,Mostly manageable,Very dissatisfied,Close to what I wanted,Mostly,0.375,0.417,0.375,0.5,0.062,-0.25,0.0,C2_3_50_to_3_74,C2_3_50_to_3_74
KUET,EEE,0.875,4,60-74%,Less than 3 hrs,Occasionally when necessary,Most of it,More than 8 hrs,Sometimes,6-10 hrs,Often,Very distracting,Some support,Very healthy and balanced,Very dissatisfied,Not at all what I wanted,Not at all,0.188,0.833,0.25,0.0,0.0,-0.75,0.0,C1_3_20_to_3_49,C0_below_3_20
KUET,ECE,0.875,4,60-74%,3-6 hrs,Consistent throughout the semester,Most of it,6-7 hrs,Sometimes,1-5 hrs,Rarely,Neither good nor bad,Good support,Average,Very satisfied,"Yes, exactly what I wanted",Somewhat,0.625,0.5,0.625,0.833,0.188,0.0,0.125,C2_3_50_to_3_74,C2_3_50_to_3_74
KUET,BECM,0.875,4,75-89%,11-15 hrs,Mostly just before exams,A little,5-6 hrs,Never,11-15 hrs,Often,Somewhat distracting,Some support,Very healthy and balanced,Very dissatisfied,Mostly different,Not at all,0.5,0.75,0.375,0.083,0.188,0.0,-0.125,C1_3_20_to_3_49,C3_3_75_plus
KUET,ME,0.875,4,60-74%,3-6 hrs,Regularly but not every day,Almost nothing,Less than 5 hrs,Never,6-10 hrs,Sometimes,Mostly suitable,Very little support,Average,Very dissatisfied,"Yes, exactly what I wanted",Not at all,0.438,0.5,0.5,0.333,0.0,-0.25,0.0,C2_3_50_to_3_74,C2_3_50_to_3_74
KUET,EEE,0.875,4,60-74%,7-10 hrs,Consistent throughout the semester,Almost everything,7-8 hrs,Almost always,More than 15 hrs,Sometimes,Very distracting,Some support,Very healthy and balanced,Neutral,Close to what I wanted,Slightly,0.625,0.583,0.25,0.5,0.5,0.0,0.5,C3_3_75_plus,C1_3_20_to_3_49
KUET,CE,0.875,4,60-74%,7-10 hrs,Regularly but not every day,Most of it,6-7 hrs,Never,1-5 hrs,Never,Somewhat distracting,Strong support,Difficult to manage,Very dissatisfied,Close to what I wanted,Slightly,0.625,0.583,0.625,0.333,0.375,0.5,0.0,C2_3_50_to_3_74,C1_3_20_to_3_49
KUET,CSE,0.875,4,90% or more,7-10 hrs,Mostly just before exams,A little,Less than 5 hrs,Often,More than 15 hrs,Never,Very distracting,Good support,Average,Very dissatisfied,"Yes, exactly what I wanted",Completely,0.688,0.25,0.375,0.667,0.125,0.5,0.625,C3_3_75_plus,C3_3_75_plus
KUET,EEE,0.875,4,75-89%,7-10 hrs,Occasionally when necessary,About half,More than 8 hrs,Never,11-15 hrs,Sometimes,Neither good nor bad,Strong support,Difficult to manage,Very dissatisfied,Not at all what I wanted,Mostly,0.438,0.75,0.75,0.25,0.25,0.0,0.25,C2_3_50_to_3_74,C2_3_50_to_3_74
KUET,CE,0.875,4,75-89%,11-15 hrs,Consistent throughout the semester,Almost nothing,7-8 hrs,Rarely,6-10 hrs,Often,Somewhat distracting,Very little support,Very healthy and balanced,Very satisfied,Close to what I wanted,Not at all,0.688,0.833,0.25,0.583,0.0,0.0,-0.125,C1_3_20_to_3_49,C3_3_75_plus
KUET,ME,0.875,4,60-74%,More than 15 hrs,Mostly consistent routine,A little,5-6 hrs,Rarely,11-15 hrs,Sometimes,Mostly suitable,Strong support,Difficult to manage,Neutral,Close to what I wanted,Mostly,0.688,0.417,0.875,0.667,0.25,0.5,0.375,C2_3_50_to_3_74,C0_below_3_20
KUET,IEM,0.875,4,60-74%,Less than 3 hrs,Mostly just before exams,About half,6-7 hrs,Often,None,Never,Excellent for focused study,Strong support,Very healthy and balanced,Very satisfied,"Yes, exactly what I wanted",Completely,0.438,0.583,1.0,1.0,0.0,0.0,-0.125,C2_3_50_to_3_74,C2_3_50_to_3_74
KUET,CE,0.875,4,60-74%,7-10 hrs,Regularly but not every day,Almost nothing,7-8 hrs,Sometimes,More than 15 hrs,Often,Excellent for focused study,No support,Difficult to manage,Very dissatisfied,Not at all what I wanted,Mostly,0.438,0.5,0.5,0.25,0.0,-0.25,0.625,C3_3_75_plus,C1_3_20_to_3_49
KUET,ME,0.875,4,75-89%,3-6 hrs,Consistent throughout the semester,Almost everything,7-8 hrs,Almost always,1-5 hrs,Almost every day,Neither good nor bad,Very little support,Completely unmanageable,Very dissatisfied,Not at all what I wanted,Not at all,0.5,0.25,0.375,0.0,0.25,-0.75,0.625,C2_3_50_to_3_74,C0_below_3_20
KUET,EEE,0.875,4,75-89%,7-10 hrs,Consistent throughout the semester,About half,5-6 hrs,Almost always,6-10 hrs,Almost every day,Mostly suitable,Good support,Very healthy and balanced,Very dissatisfied,Close to what I wanted,Completely,0.562,0.417,0.75,0.583,0.25,-0.5,0.25,C1_3_20_to_3_49,C0_below_3_20
KUET,BECM,0.875,4,60-74%,7-10 hrs,Mostly just before exams,About half,5-6 hrs,Sometimes,1-5 hrs,Often,Mostly suitable,Very little support,Completely unmanageable,Very satisfied,Mostly different,Somewhat,0.375,0.25,0.5,0.583,0.25,-0.25,0.375,C3_3_75_plus,C2_3_50_to_3_74
KUET,ME,0.875,4,60-74%,3-6 hrs,Occasionally when necessary,About half,7-8 hrs,Almost always,6-10 hrs,Sometimes,Very distracting,No support,Difficult to manage,Very dissatisfied,Close to what I wanted,Completely,0.312,0.333,0.0,0.583,0.125,-0.25,0.625,C3_3_75_plus,C3_3_75_plus
KUET,EEE,0.875,4,75-89%,11-15 hrs,Mostly just before exams,Almost everything,5-6 hrs,Sometimes,More than 15 hrs,Sometimes,Neither good nor bad,Some support,Mostly manageable,Very dissatisfied,Mostly different,Slightly,0.562,0.5,0.5,0.167,0.75,0.25,0.375,C3_3_75_plus,C3_3_75_plus
KUET,CE,0.875,4,75-89%,11-15 hrs,Occasionally when necessary,Almost nothing,Less than 5 hrs,Almost always,More than 15 hrs,Never,Excellent for focused study,No support,Average,Very dissatisfied,Somewhat different,Mostly,0.625,0.167,0.5,0.417,0.0,0.75,0.75,C0_below_3_20,C0_below_3_20
KUET,CSE,0.875,4,75-89%,Less than 3 hrs,Mostly consistent routine,Almost everything,5-6 hrs,Almost always,6-10 hrs,Almost every day,Very distracting,No support,Average,Very satisfied,"Yes, exactly what I wanted",Slightly,0.375,0.25,0.0,0.75,0.0,-1.0,0.5,C3_3_75_plus,C0_below_3_20
KUET,TE,0.875,4,90% or more,11-15 hrs,Occasionally when necessary,Most of it,Less than 5 hrs,Sometimes,None,Sometimes,Mostly suitable,No support,Average,Very dissatisfied,Mostly different,Completely,0.562,0.333,0.375,0.417,0.562,0.25,0.0,C3_3_75_plus,C1_3_20_to_3_49
KUET,URP,0.875,4,90% or more,11-15 hrs,Mostly consistent routine,Almost nothing,6-7 hrs,Never,None,Sometimes,Neither good nor bad,No support,Mostly manageable,Very dissatisfied,Not at all what I wanted,Slightly,0.75,0.75,0.25,0.083,0.0,0.25,-0.375,C0_below_3_20,C0_below_3_20
KUET,CE,0.875,4,60-74%,3-6 hrs,Regularly but not every day,Almost everything,Less than 5 hrs,Often,11-15 hrs,Rarely,Somewhat distracting,Very little support,Mostly manageable,Very satisfied,"Yes, exactly what I wanted",Not at all,0.5,0.333,0.25,0.667,0.25,0.0,0.375,C3_3_75_plus,C0_below_3_20
KUET,IEM,0.875,4,75-89%,3-6 hrs,Mostly just before exams,About half,6-7 hrs,Rarely,11-15 hrs,Almost every day,Excellent for focused study,No support,Very healthy and balanced,Very satisfied,Not at all what I wanted,Slightly,0.312,0.75,0.5,0.417,0.125,-0.75,0.0,C2_3_50_to_3_74,C3_3_75_plus
KUET,MSE,0.875,4,75-89%,7-10 hrs,Occasionally when necessary,About half,More than 8 hrs,Almost always,More than 15 hrs,Almost every day,Mostly suitable,No support,Very healthy and balanced,Neutral,Not at all what I wanted,Mostly,0.312,0.667,0.375,0.417,0.25,-0.5,0.5,C0_below_3_20,C0_below_3_20
KUET,CE,0.875,4,75-89%,7-10 hrs,Mostly consistent routine,Almost nothing,7-8 hrs,Rarely,1-5 hrs,Almost every day,Neither good nor bad,Very little support,Difficult to manage,Very satisfied,Close to what I wanted,Completely,0.5,0.583,0.375,0.917,0.0,-0.5,0.125,C2_3_50_to_3_74,C3_3_75_plus
KUET,TE,0.875,4,90% or more,More than 15 hrs,Regularly but not every day,Almost nothing,More than 8 hrs,Rarely,11-15 hrs,Almost every day,Mostly suitable,Strong support,Mostly manageable,Very dissatisfied,Somewhat different,Completely,0.625,0.833,0.875,0.5,0.0,0.0,0.125,C0_below_3_20,C2_3_50_to_3_74
KUET,ME,0.875,4,60-74%,3-6 hrs,Occasionally when necessary,Almost nothing,More than 8 hrs,Rarely,None,Often,Excellent for focused study,No support,Average,Very satisfied,Close to what I wanted,Mostly,0.25,0.75,0.5,0.833,0.0,-0.5,-0.125,C0_below_3_20,C1_3_20_to_3_49
KUET,BECM,0.875,4,75-89%,Less than 3 hrs,Occasionally when necessary,Almost everything,6-7 hrs,Never,None,Sometimes,Somewhat distracting,Strong support,Difficult to manage,Neutral,Somewhat different,Slightly,0.312,0.583,0.625,0.417,0.0,-0.5,-0.125,C1_3_20_to_3_49,C3_3_75_plus
KUET,ChE,0.875,4,75-89%,3-6 hrs,Occasionally when necessary,About half,6-7 hrs,Almost always,11-15 hrs,Rarely,Neither good nor bad,Some support,Difficult to manage,Very dissatisfied,Close to what I wanted,Slightly,0.438,0.25,0.5,0.333,0.125,0.0,0.75,C0_below_3_20,C3_3_75_plus
KUET,MTE,0.875,4,60-74%,3-6 hrs,Regularly but not every day,About half,6-7 hrs,Never,1-5 hrs,Sometimes,Excellent for focused study,Strong support,Completely unmanageable,Very dissatisfied,Not at all what I wanted,Not at all,0.438,0.5,1.0,0.0,0.125,-0.25,0.125,C1_3_20_to_3_49,C0_below_3_20
KUET,ME,0.875,4,75-89%,Less than 3 hrs,Occasionally when necessary,A little,Less than 5 hrs,Rarely,11-15 hrs,Never,Mostly suitable,No support,Difficult to manage,Very dissatisfied,Close to what I wanted,Not at all,0.438,0.333,0.375,0.25,0.0,0.0,0.375,C3_3_75_plus,C0_below_3_20
KUET,URP,0.875,4,60-74%,More than 15 hrs,Regularly but not every day,About half,More than 8 hrs,Rarely,1-5 hrs,Often,Somewhat distracting,Very little support,Difficult to manage,Very dissatisfied,Somewhat different,Somewhat,0.562,0.667,0.25,0.333,0.5,0.25,0.125,C0_below_3_20,C2_3_50_to_3_74
KUET,ARCH,0.875,4,90% or more,7-10 hrs,Mostly consistent routine,Almost everything,Less than 5 hrs,Rarely,6-10 hrs,Never,Somewhat distracting,Good support,Mostly manageable,Very dissatisfied,"Yes, exactly what I wanted",Somewhat,0.812,0.5,0.5,0.5,0.5,0.5,0.0,C3_3_75_plus,C0_below_3_20
KUET,CE,0.875,4,75-89%,3-6 hrs,Regularly but not every day,A little,Less than 5 hrs,Rarely,None,Often,Very distracting,Some support,Difficult to manage,Very dissatisfied,"Yes, exactly what I wanted",Somewhat,0.438,0.333,0.25,0.5,0.062,-0.5,0.0,C1_3_20_to_3_49,C1_3_20_to_3_49
KUET,EEE,0.875,4,75-89%,More than 15 hrs,Occasionally when necessary,Almost everything,5-6 hrs,Rarely,11-15 hrs,Almost every day,Very distracting,No support,Very healthy and balanced,Very dissatisfied,Mostly different,Not at all,0.438,0.667,0.0,0.083,1.0,0.0,0.0,C3_3_75_plus,C0_below_3_20
KUET,CSE,0.875,4,60-74%,Less than 3 hrs,Regularly but not every day,Most of it,7-8 hrs,Sometimes,11-15 hrs,Rarely,Mostly suitable,Good support,Average,Very dissatisfied,Not at all what I wanted,Slightly,0.438,0.583,0.75,0.083,0.0,-0.25,0.375,C3_3_75_plus,C2_3_50_to_3_74
KUET,MSE,0.875,4,60-74%,More than 15 hrs,Mostly consistent routine,About half,More than 8 hrs,Rarely,More than 15 hrs,Never,Mostly suitable,Good support,Very healthy and balanced,Very satisfied,Somewhat different,Mostly,0.812,0.917,0.75,0.75,0.5,1.0,0.125,C0_below_3_20,C2_3_50_to_3_74
KUET,EEE,0.875,4,90% or more,7-10 hrs,Mostly consistent routine,Almost nothing,6-7 hrs,Almost always,More than 15 hrs,Almost every day,Mostly suitable,Very little support,Mostly manageable,Very satisfied,Close to what I wanted,Not at all,0.562,0.417,0.5,0.583,0.0,-0.5,0.625,C1_3_20_to_3_49,C3_3_75_plus
KUET,BECM,0.875,4,60-74%,Less than 3 hrs,Regularly but not every day,Almost everything,More than 8 hrs,Rarely,11-15 hrs,Often,Somewhat distracting,Strong support,Mostly manageable,Neutral,Close to what I wanted,Somewhat,0.312,0.833,0.625,0.583,0.0,-0.75,0.125,C0_below_3_20,C1_3_20_to_3_49
KUET,LE,0.875,4,75-89%,11-15 hrs,Mostly just before exams,Almost everything,7-8 hrs,Never,6-10 hrs,Never,Somewhat distracting,Very little support,Difficult to manage,Very dissatisfied,Not at all what I wanted,Completely,0.688,0.667,0.25,0.333,0.75,0.75,0.125,C3_3_75_plus,C3_3_75_plus
KUET,EEE,0.875,4,60-74%,11-15 hrs,Mostly consistent routine,About half,7-8 hrs,Almost always,None,Sometimes,Neither good nor bad,Good support,Completely unmanageable,Very satisfied,Somewhat different,Slightly,0.625,0.25,0.625,0.583,0.375,0.25,0.5,C3_3_75_plus,C0_below_3_20
KUET,BME,0.875,4,75-89%,7-10 hrs,Consistent throughout the semester,A little,5-6 hrs,Sometimes,6-10 hrs,Rarely,Mostly suitable,Good support,Difficult to manage,Very dissatisfied,Somewhat different,Slightly,0.75,0.333,0.75,0.25,0.125,0.25,0.375,C2_3_50_to_3_74,C2_3_50_to_3_74
KUET,LE,0.875,4,90% or more,3-6 hrs,Consistent throughout the semester,Almost everything,7-8 hrs,Never,1-5 hrs,Never,Very distracting,No support,Difficult to manage,Very dissatisfied,Mostly different,Somewhat,0.812,0.667,0.0,0.25,0.25,0.25,0.0,C0_below_3_20,C1_3_20_to_3_49
KUET,ESE,0.875,4,60-74%,7-10 hrs,Occasionally when necessary,A little,7-8 hrs,Often,1-5 hrs,Often,Somewhat distracting,Some support,Difficult to manage,Very satisfied,Mostly different,Slightly,0.312,0.417,0.375,0.5,0.125,-0.25,0.375,C2_3_50_to_3_74,C2_3_50_to_3_74
KUET,ME,0.875,4,60-74%,3-6 hrs,Mostly consistent routine,Almost nothing,7-8 hrs,Sometimes,1-5 hrs,Sometimes,Somewhat distracting,Strong support,Difficult to manage,Very dissatisfied,Somewhat different,Mostly,0.5,0.5,0.625,0.417,0.0,-0.25,0.25,C0_below_3_20,C3_3_75_plus
KUET,IEM,0.875,4,90% or more,Less than 3 hrs,Regularly but not every day,Almost everything,6-7 hrs,Never,6-10 hrs,Often,Very distracting,Very little support,Completely unmanageable,Very dissatisfied,Somewhat different,Completely,0.438,0.5,0.125,0.5,0.0,-0.75,0.25,C0_below_3_20,C2_3_50_to_3_74
KUET,URP,0.875,4,75-89%,11-15 hrs,Consistent throughout the semester,A little,More than 8 hrs,Sometimes,11-15 hrs,Often,Somewhat distracting,Good support,Difficult to manage,Very dissatisfied,"Yes, exactly what I wanted",Somewhat,0.688,0.583,0.5,0.5,0.188,0.0,0.5,C0_below_3_20,C2_3_50_to_3_74
KUET,EEE,0.875,4,60-74%,3-6 hrs,Consistent throughout the semester,About half,6-7 hrs,Sometimes,6-10 hrs,Never,Mostly suitable,No support,Average,Very dissatisfied,Somewhat different,Slightly,0.688,0.5,0.375,0.25,0.125,0.25,0.25,C1_3_20_to_3_49,C3_3_75_plus
KUET,CSE,0.875,4,75-89%,Less than 3 hrs,Occasionally when necessary,Almost everything,Less than 5 hrs,Sometimes,More than 15 hrs,Almost every day,Neither good nor bad,No support,Difficult to manage,Very dissatisfied,Mostly different,Completely,0.188,0.25,0.25,0.417,0.0,-1.0,0.625,C3_3_75_plus,C1_3_20_to_3_49
KUET,IEM,0.875,4,90% or more,Less than 3 hrs,Mostly just before exams,Almost everything,5-6 hrs,Sometimes,None,Never,Excellent for focused study,Some support,Mostly manageable,Neutral,Somewhat different,Not at all,0.562,0.5,0.75,0.333,0.0,0.0,-0.125,C1_3_20_to_3_49,C3_3_75_plus
KUET,ESE,0.875,4,60-74%,Less than 3 hrs,Consistent throughout the semester,About half,Less than 5 hrs,Sometimes,More than 15 hrs,Often,Excellent for focused study,Some support,Average,Very satisfied,Mostly different,Slightly,0.438,0.333,0.75,0.5,0.0,-0.75,0.5,C3_3_75_plus,C1_3_20_to_3_49
KUET,BECM,0.875,4,60-74%,Less than 3 hrs,Mostly consistent routine,About half,More than 8 hrs,Almost always,11-15 hrs,Often,Neither good nor bad,Strong support,Average,Neutral,"Yes, exactly what I wanted",Not at all,0.375,0.5,0.75,0.5,0.0,-0.75,0.625,C3_3_75_plus,C2_3_50_to_3_74
KUET,MSE,0.875,4,75-89%,11-15 hrs,Consistent throughout the semester,A little,More than 8 hrs,Often,1-5 hrs,Rarely,Somewhat distracting,No support,Difficult to manage,Very dissatisfied,Not at all what I wanted,Completely,0.812,0.5,0.125,0.333,0.188,0.5,0.375,C3_3_75_plus,C3_3_75_plus
KUET,EEE,0.875,4,90% or more,More than 15 hrs,Mostly consistent routine,Most of it,5-6 hrs,Never,6-10 hrs,Often,Neither good nor bad,Very little support,Mostly manageable,Very dissatisfied,"Yes, exactly what I wanted",Somewhat,0.75,0.667,0.375,0.5,0.75,0.25,-0.125,C1_3_20_to_3_49,C1_3_20_to_3_49
KUET,TE,0.875,4,90% or more,11-15 hrs,Regularly but not every day,About half,5-6 hrs,Rarely,1-5 hrs,Almost every day,Somewhat distracting,Some support,Very healthy and balanced,Very dissatisfied,Close to what I wanted,Slightly,0.562,0.667,0.375,0.333,0.375,-0.25,-0.25,C0_below_3_20,C0_below_3_20
KUET,ME,0.875,4,75-89%,More than 15 hrs,Occasionally when necessary,About half,More than 8 hrs,Often,None,Often,Excellent for focused study,Good support,Average,Neutral,Somewhat different,Not at all,0.5,0.583,0.875,0.333,0.5,0.25,0.125,C1_3_20_to_3_49,C2_3_50_to_3_74
KUET,LE,0.875,4,90% or more,7-10 hrs,Regularly but not every day,Most of it,5-6 hrs,Almost always,More than 15 hrs,Sometimes,Neither good nor bad,Some support,Mostly manageable,Very dissatisfied,Mostly different,Not at all,0.625,0.333,0.5,0.083,0.375,0.0,0.625,C0_below_3_20,C2_3_50_to_3_74
KUET,IEM,0.875,4,60-74%,7-10 hrs,Mostly just before exams,A little,7-8 hrs,Rarely,6-10 hrs,Sometimes,Mostly suitable,Strong support,Very healthy and balanced,Very dissatisfied,Close to what I wanted,Somewhat,0.438,0.833,0.875,0.417,0.125,0.0,-0.125,C1_3_20_to_3_49,C3_3_75_plus
KUET,ARCH,0.875,4,60-74%,More than 15 hrs,Regularly but not every day,About half,More than 8 hrs,Often,None,Rarely,Very distracting,No support,Very healthy and balanced,Very dissatisfied,Not at all what I wanted,Mostly,0.688,0.75,0.0,0.25,0.5,0.75,-0.125,C1_3_20_to_3_49,C2_3_50_to_3_74
KUET,CE,0.875,4,60-74%,More than 15 hrs,Regularly but not every day,About half,5-6 hrs,Never,6-10 hrs,Sometimes,Excellent for focused study,Good support,Completely unmanageable,Very dissatisfied,"Yes, exactly what I wanted",Slightly,0.625,0.417,0.875,0.417,0.5,0.5,0.25,C2_3_50_to_3_74,C0_below_3_20
KUET,ME,0.875,4,75-89%,11-15 hrs,Mostly consistent routine,Most of it,7-8 hrs,Sometimes,6-10 hrs,Often,Somewhat distracting,No support,Very healthy and balanced,Very satisfied,Mostly different,Completely,0.625,0.75,0.125,0.75,0.562,0.0,0.0,C3_3_75_plus,C3_3_75_plus
KUET,ME,0.875,4,75-89%,7-10 hrs,Occasionally when necessary,Almost everything,6-7 hrs,Almost always,11-15 hrs,Sometimes,Mostly suitable,Good support,Completely unmanageable,Very dissatisfied,Mostly different,Slightly,0.438,0.167,0.75,0.167,0.5,0.0,0.875,C0_below_3_20,C0_below_3_20
KUET,LE,0.875,4,60-74%,11-15 hrs,Consistent throughout the semester,Almost nothing,7-8 hrs,Often,11-15 hrs,Rarely,Excellent for focused study,Very little support,Average,Neutral,Not at all what I wanted,Slightly,0.75,0.5,0.625,0.25,0.0,0.5,0.5,C0_below_3_20,C2_3_50_to_3_74
KUET,CE,0.875,4,90% or more,Less than 3 hrs,Mostly just before exams,About half,5-6 hrs,Never,More than 15 hrs,Often,Somewhat distracting,Some support,Completely unmanageable,Neutral,Somewhat different,Slightly,0.375,0.417,0.375,0.417,0.0,-0.75,0.5,C0_below_3_20,C2_3_50_to_3_74
KUET,MTE,0.875,4,60-74%,11-15 hrs,Regularly but not every day,A little,7-8 hrs,Rarely,More than 15 hrs,Almost every day,Excellent for focused study,Good support,Average,Very satisfied,Somewhat different,Somewhat,0.438,0.667,0.875,0.667,0.188,-0.25,0.375,C2_3_50_to_3_74,C3_3_75_plus
KUET,BME,0.875,4,90% or more,11-15 hrs,Consistent throughout the semester,Most of it,5-6 hrs,Rarely,More than 15 hrs,Often,Somewhat distracting,Some support,Difficult to manage,Very dissatisfied,"Yes, exactly what I wanted",Slightly,0.75,0.417,0.375,0.417,0.562,0.0,0.5,C3_3_75_plus,C1_3_20_to_3_49
KUET,CE,0.875,4,60-74%,3-6 hrs,Consistent throughout the semester,A little,More than 8 hrs,Often,1-5 hrs,Never,Excellent for focused study,No support,Completely unmanageable,Very dissatisfied,Mostly different,Somewhat,0.688,0.417,0.5,0.25,0.062,0.25,0.5,C0_below_3_20,C2_3_50_to_3_74
KUET,URP,0.875,4,60-74%,3-6 hrs,Mostly just before exams,A little,More than 8 hrs,Rarely,1-5 hrs,Almost every day,Neither good nor bad,Some support,Mostly manageable,Very dissatisfied,Close to what I wanted,Completely,0.25,0.833,0.5,0.583,0.062,-0.75,-0.125,C3_3_75_plus,C2_3_50_to_3_74
KUET,MSE,0.875,4,90% or more,Less than 3 hrs,Occasionally when necessary,Almost everything,7-8 hrs,Rarely,6-10 hrs,Sometimes,Very distracting,Strong support,Mostly manageable,Very dissatisfied,Not at all what I wanted,Not at all,0.375,0.75,0.5,0.0,0.0,-0.5,0.0,C3_3_75_plus,C1_3_20_to_3_49
KUET,BECM,0.875,4,90% or more,7-10 hrs,Consistent throughout the semester,A little,7-8 hrs,Rarely,1-5 hrs,Rarely,Excellent for focused study,Some support,Mostly manageable,Very dissatisfied,"Yes, exactly what I wanted",Completely,0.812,0.75,0.75,0.667,0.125,0.25,-0.125,C3_3_75_plus,C0_below_3_20
KUET,TE,0.875,4,90% or more,Less than 3 hrs,Regularly but not every day,Almost everything,More than 8 hrs,Sometimes,1-5 hrs,Sometimes,Neither good nor bad,Very little support,Mostly manageable,Very dissatisfied,Somewhat different,Somewhat,0.5,0.75,0.375,0.333,0.0,-0.5,0.0,C2_3_50_to_3_74,C0_below_3_20
KUET,EEE,0.875,4,75-89%,7-10 hrs,Occasionally when necessary,Almost nothing,6-7 hrs,Sometimes,6-10 hrs,Never,Mostly suitable,Very little support,Very healthy and balanced,Neutral,Close to what I wanted,Slightly,0.562,0.667,0.5,0.5,0.0,0.5,0.0,C3_3_75_plus,C2_3_50_to_3_74
KUET,ChE,0.875,4,90% or more,11-15 hrs,Mostly consistent routine,About half,5-6 hrs,Sometimes,11-15 hrs,Never,Excellent for focused study,No support,Average,Very dissatisfied,Close to what I wanted,Somewhat,0.875,0.417,0.5,0.417,0.375,0.75,0.375,C0_below_3_20,C3_3_75_plus
KUET,LE,0.875,4,75-89%,3-6 hrs,Mostly consistent routine,Almost nothing,5-6 hrs,Never,6-10 hrs,Almost every day,Excellent for focused study,Some support,Mostly manageable,Very dissatisfied,Somewhat different,Not at all,0.438,0.667,0.75,0.167,0.0,-0.75,-0.125,C2_3_50_to_3_74,C1_3_20_to_3_49
KUET,ARCH,0.875,4,75-89%,3-6 hrs,Consistent throughout the semester,Most of it,5-6 hrs,Sometimes,More than 15 hrs,Often,Neither good nor bad,Some support,Difficult to manage,Very satisfied,Mostly different,Mostly,0.562,0.333,0.5,0.667,0.188,-0.5,0.625,C1_3_20_to_3_49,C1_3_20_to_3_49
KUET,LE,0.875,4,60-74%,More than 15 hrs,Occasionally when necessary,Almost everything,7-8 hrs,Often,1-5 hrs,Almost every day,Excellent for focused study,Strong support,Mostly manageable,Very dissatisfied,Not at all what I wanted,Not at all,0.375,0.583,1.0,0.0,1.0,0.0,0.125,C1_3_20_to_3_49,C1_3_20_to_3_49
KUET,CE,0.875,4,75-89%,7-10 hrs,Mostly consistent routine,A little,6-7 hrs,Never,6-10 hrs,Never,Somewhat distracting,Some support,Difficult to manage,Very dissatisfied,Mostly different,Somewhat,0.75,0.583,0.375,0.25,0.125,0.5,0.125,C0_below_3_20,C2_3_50_to_3_74
KUET,EEE,0.875,4,90% or more,3-6 hrs,Consistent throughout the semester,Almost everything,6-7 hrs,Never,11-15 hrs,Almost every day,Very distracting,Some support,Very healthy and balanced,Very dissatisfied,"Yes, exactly what I wanted",Slightly,0.562,0.833,0.25,0.417,0.25,-0.75,-0.125,C1_3_20_to_3_49,C2_3_50_to_3_74
KUET,BECM,0.875,4,60-74%,3-6 hrs,Occasionally when necessary,About half,7-8 hrs,Almost always,None,Often,Very distracting,Strong support,Very healthy and balanced,Very dissatisfied,"Yes, exactly what I wanted",Completely,0.25,0.583,0.5,0.667,0.125,-0.5,0.0,C1_3_20_to_3_49,C1_3_20_to_3_49
KUET,IEM,0.875,4,75-89%,11-15 hrs,Mostly consistent routine,Almost everything,5-6 hrs,Never,More than 15 hrs,Often,Neither good nor bad,Strong support,Very healthy and balanced,Very dissatisfied,Close to what I wanted,Not at all,0.625,0.75,0.75,0.25,0.75,0.0,0.0,C0_below_3_20,C1_3_20_to_3_49
KUET,BME,0.875,4,60-74%,Less than 3 hrs,Occasionally when necessary,Most of it,More than 8 hrs,Never,More than 15 hrs,Rarely,Excellent for focused study,Very little support,Completely unmanageable,Very dissatisfied,Not at all what I wanted,Mostly,0.312,0.667,0.625,0.25,0.0,-0.25,0.5,C1_3_20_to_3_49,C0_below_3_20
KUET,ME,0.875,4,60-74%,11-15 hrs,Consistent throughout the semester,Almost everything,5-6 hrs,Almost always,None,Sometimes,Very distracting,Some support,Very healthy and balanced,Very dissatisfied,Close to what I wanted,Not at all,0.688,0.417,0.25,0.25,0.75,0.25,0.0,C0_below_3_20,C2_3_50_to_3_74
KUET,EEE,0.875,4,90% or more,11-15 hrs,Consistent throughout the semester,About half,6-7 hrs,Never,More than 15 hrs,Almost every day,Somewhat distracting,Very little support,Mostly manageable,Neutral,Not at all what I wanted,Somewhat,0.688,0.75,0.25,0.333,0.375,-0.25,0.125,C0_below_3_20,C0_below_3_20
KUET,MSE,0.875,4,60-74%,7-10 hrs,Mostly just before exams,Almost nothing,7-8 hrs,Rarely,More than 15 hrs,Never,Very distracting,Very little support,Difficult to manage,Very dissatisfied,Somewhat different,Somewhat,0.562,0.583,0.125,0.333,0.0,0.5,0.5,C2_3_50_to_3_74,C3_3_75_plus
KUET,CSE,0.875,4,90% or more,Less than 3 hrs,Mostly just before exams,Most of it,6-7 hrs,Sometimes,None,Sometimes,Mostly suitable,Some support,Very healthy and balanced,Very dissatisfied,Somewhat different,Mostly,0.438,0.667,0.625,0.417,0.0,-0.5,-0.25,C0_below_3_20,C2_3_50_to_3_74
KUET,MTE,0.875,4,75-89%,11-15 hrs,Mostly consistent routine,About half,7-8 hrs,Almost always,11-15 hrs,Rarely,Neither good nor bad,Some support,Difficult to manage,Very satisfied,"Yes, exactly what I wanted",Completely,0.75,0.333,0.5,1.0,0.375,0.5,0.75,C3_3_75_plus,C1_3_20_to_3_49
KUET,IEM,0.875,4,75-89%,11-15 hrs,Occasionally when necessary,Almost everything,Less than 5 hrs,Almost always,More than 15 hrs,Often,Excellent for focused study,Very little support,Very healthy and balanced,Neutral,Somewhat different,Completely,0.438,0.333,0.625,0.667,0.75,0.0,0.5,C0_below_3_20,C2_3_50_to_3_74
KUET,TE,0.875,4,90% or more,7-10 hrs,Consistent throughout the semester,Almost nothing,5-6 hrs,Sometimes,11-15 hrs,Often,Very distracting,Good support,Completely unmanageable,Very dissatisfied,Not at all what I wanted,Not at all,0.688,0.25,0.375,0.0,0.0,-0.25,0.625,C3_3_75_plus,C1_3_20_to_3_49
KUET,BECM,0.875,4,75-89%,3-6 hrs,Occasionally when necessary,About half,Less than 5 hrs,Almost always,More than 15 hrs,Never,Somewhat distracting,Strong support,Difficult to manage,Neutral,Mostly different,Mostly,0.5,0.083,0.625,0.5,0.125,0.25,0.875,C3_3_75_plus,C2_3_50_to_3_74
KUET,URP,0.875,4,60-74%,More than 15 hrs,Occasionally when necessary,Almost everything,7-8 hrs,Never,6-10 hrs,Almost every day,Excellent for focused study,No support,Difficult to manage,Very dissatisfied,Mostly different,Completely,0.375,0.667,0.5,0.417,1.0,0.0,0.125,C3_3_75_plus,C3_3_75_plus
KUET,EEE,0.875,4,90% or more,11-15 hrs,Occasionally when necessary,A little,More than 8 hrs,Often,6-10 hrs,Often,Very distracting,Good support,Very healthy and balanced,Very dissatisfied,"Yes, exactly what I wanted",Not at all,0.5,0.75,0.375,0.333,0.188,0.0,0.125,C0_below_3_20,C2_3_50_to_3_74
KUET,MSE,0.875,4,90% or more,11-15 hrs,Mostly consistent routine,Most of it,7-8 hrs,Rarely,None,Never,Excellent for focused study,Very little support,Average,Neutral,"Yes, exactly what I wanted",Somewhat,0.875,0.667,0.625,0.667,0.562,0.75,-0.125,C0_below_3_20,C0_below_3_20
KUET,URP,0.875,4,75-89%,Less than 3 hrs,Occasionally when necessary,A little,5-6 hrs,Sometimes,11-15 hrs,Often,Very distracting,Very little support,Very healthy and balanced,Very satisfied,Mostly different,Slightly,0.25,0.583,0.125,0.5,0.0,-0.75,0.125,C0_below_3_20,C0_below_3_20
KUET,ESE,0.875,4,90% or more,3-6 hrs,Regularly but not every day,Almost everything,Less than 5 hrs,Sometimes,11-15 hrs,Sometimes,Mostly suitable,Very little support,Mostly manageable,Very dissatisfied,Mostly different,Mostly,0.562,0.417,0.5,0.333,0.25,-0.25,0.25,C2_3_50_to_3_74,C0_below_3_20
KUET,ME,0.875,4,90% or more,More than 15 hrs,Consistent throughout the semester,A little,5-6 hrs,Often,6-10 hrs,Never,Mostly suitable,Very little support,Completely unmanageable,Very satisfied,Mostly different,Slightly,1.0,0.167,0.5,0.5,0.25,1.0,0.625,C0_below_3_20,C3_3_75_plus
KUET,TE,0.875,4,90% or more,Less than 3 hrs,Consistent throughout the semester,Almost nothing,7-8 hrs,Almost always,11-15 hrs,Sometimes,Excellent for focused study,Strong support,Completely unmanageable,Very satisfied,Somewhat different,Completely,0.625,0.25,1.0,0.833,0.0,-0.5,0.875,C0_below_3_20,C2_3_50_to_3_74
KUET,ME,0.875,4,90% or more,Less than 3 hrs,Occasionally when necessary,A little,More than 8 hrs,Rarely,1-5 hrs,Never,Somewhat distracting,Some support,Average,Very dissatisfied,Not at all what I wanted,Somewhat,0.5,0.75,0.375,0.167,0.0,0.0,0.0,C2_3_50_to_3_74,C1_3_20_to_3_49
KUET,ChE,0.875,4,75-89%,Less than 3 hrs,Occasionally when necessary,Almost everything,6-7 hrs,Often,6-10 hrs,Often,Somewhat distracting,No support,Average,Very satisfied,Somewhat different,Mostly,0.25,0.417,0.125,0.75,0.0,-0.75,0.375,C0_below_3_20,C0_below_3_20
KUET,CE,0.875,4,90% or more,11-15 hrs,Consistent throughout the semester,Most of it,6-7 hrs,Never,11-15 hrs,Sometimes,Very distracting,Very little support,Completely unmanageable,Very satisfied,Mostly different,Mostly,0.812,0.5,0.125,0.667,0.562,0.25,0.375,C1_3_20_to_3_49,C0_below_3_20
KUET,CE,0.875,4,75-89%,Less than 3 hrs,Consistent throughout the semester,About half,5-6 hrs,Almost always,More than 15 hrs,Sometimes,Excellent for focused study,Some support,Very healthy and balanced,Neutral,Close to what I wanted,Somewhat,0.562,0.417,0.75,0.583,0.0,-0.5,0.5,C1_3_20_to_3_49,C3_3_75_plus
KUET,TE,0.875,4,75-89%,3-6 hrs,Mostly consistent routine,Almost nothing,5-6 hrs,Never,6-10 hrs,Rarely,Very distracting,Good support,Average,Very dissatisfied,Close to what I wanted,Slightly,0.625,0.583,0.375,0.333,0.0,0.0,0.0,C0_below_3_20,C3_3_75_plus
KUET,IEM,0.875,4,90% or more,7-10 hrs,Consistent throughout the semester,Almost nothing,Less than 5 hrs,Never,More than 15 hrs,Rarely,Very distracting,Good support,Difficult to manage,Very dissatisfied,"Yes, exactly what I wanted",Completely,0.812,0.417,0.375,0.667,0.0,0.25,0.375,C3_3_75_plus,C0_below_3_20
KUET,CSE,0.875,4,75-89%,11-15 hrs,Mostly just before exams,A little,7-8 hrs,Almost always,11-15 hrs,Never,Excellent for focused study,Good support,Mostly manageable,Very dissatisfied,Not at all what I wanted,Somewhat,0.688,0.5,0.875,0.167,0.188,0.75,0.5,C1_3_20_to_3_49,C1_3_20_to_3_49
KUET,MTE,0.875,4,60-74%,7-10 hrs,Consistent throughout the semester,A little,6-7 hrs,Often,11-15 hrs,Often,Very distracting,Strong support,Difficult to manage,Neutral,Not at all what I wanted,Slightly,0.562,0.333,0.5,0.25,0.125,-0.25,0.625,C2_3_50_to_3_74,C3_3_75_plus
KUET,ARCH,0.875,4,75-89%,More than 15 hrs,Mostly just before exams,A little,6-7 hrs,Rarely,1-5 hrs,Almost every day,Somewhat distracting,No support,Average,Very dissatisfied,Mostly different,Not at all,0.5,0.583,0.125,0.083,0.25,0.0,0.0,C0_below_3_20,C0_below_3_20
KUET,EEE,0.875,4,60-74%,3-6 hrs,Consistent throughout the semester,Almost everything,Less than 5 hrs,Sometimes,More than 15 hrs,Sometimes,Very distracting,Strong support,Very healthy and balanced,Very dissatisfied,Not at all what I wanted,Completely,0.562,0.5,0.5,0.333,0.25,-0.25,0.25,C0_below_3_20,C3_3_75_plus
KUET,LE,0.875,4,75-89%,11-15 hrs,Mostly consistent routine,A little,5-6 hrs,Rarely,More than 15 hrs,Rarely,Somewhat distracting,Strong support,Average,Very dissatisfied,Close to what I wanted,Slightly,0.75,0.5,0.625,0.333,0.188,0.5,0.375,C1_3_20_to_3_49,C1_3_20_to_3_49
KUET,ME,0.875,4,60-74%,Less than 3 hrs,Mostly just before exams,Most of it,Less than 5 hrs,Sometimes,None,Rarely,Neither good nor bad,Very little support,Mostly manageable,Neutral,"Yes, exactly what I wanted",Not at all,0.375,0.417,0.375,0.5,0.0,-0.25,-0.125,C0_below_3_20,C0_below_3_20
KUET,BME,0.875,4,75-89%,11-15 hrs,Mostly consistent routine,Almost everything,Less than 5 hrs,Sometimes,6-10 hrs,Sometimes,Very distracting,No support,Completely unmanageable,Neutral,Close to what I wanted,Completely,0.688,0.167,0.0,0.75,0.75,0.25,0.5,C1_3_20_to_3_49,C1_3_20_to_3_49
KUET,ECE,0.875,4,75-89%,3-6 hrs,Mostly consistent routine,About half,5-6 hrs,Rarely,None,Never,Mostly suitable,No support,Completely unmanageable,Very dissatisfied,Close to what I wanted,Slightly,0.688,0.333,0.375,0.333,0.125,0.25,0.125,C2_3_50_to_3_74,C3_3_75_plus
KUET,ESE,0.875,4,60-74%,7-10 hrs,Occasionally when necessary,A little,6-7 hrs,Rarely,More than 15 hrs,Rarely,Somewhat distracting,Very little support,Very healthy and balanced,Very dissatisfied,Not at all what I wanted,Mostly,0.438,0.75,0.25,0.25,0.125,0.25,0.125,C2_3_50_to_3_74,C0_below_3_20
KUET,CE,0.875,4,75-89%,More than 15 hrs,Mostly just before exams,Almost everything,5-6 hrs,Never,6-10 hrs,Never,Excellent for focused study,No support,Mostly manageable,Very dissatisfied,Mostly different,Slightly,0.75,0.667,0.5,0.167,1.0,1.0,-0.125,C1_3_20_to_3_49,C0_below_3_20
KUET,IEM,0.875,4,90% or more,3-6 hrs,Mostly just before exams,Almost nothing,7-8 hrs,Never,1-5 hrs,Rarely,Very distracting,No support,Very healthy and balanced,Neutral,Not at all what I wanted,Somewhat,0.562,0.917,0.0,0.333,0.0,0.0,-0.375,C1_3_20_to_3_49,C2_3_50_to_3_74
KUET,BECM,0.875,4,60-74%,3-6 hrs,Occasionally when necessary,A little,5-6 hrs,Rarely,1-5 hrs,Often,Excellent for focused study,No support,Very healthy and balanced,Very dissatisfied,Not at all what I wanted,Mostly,0.25,0.667,0.5,0.25,0.062,-0.5,-0.25,C2_3_50_to_3_74,C0_below_3_20
KUET,BECM,0.875,4,90% or more,Less than 3 hrs,Mostly just before exams,A little,More than 8 hrs,Almost always,1-5 hrs,Almost every day,Very distracting,Strong support,Average,Very dissatisfied,Somewhat different,Somewhat,0.312,0.5,0.5,0.333,0.0,-1.0,0.375,C0_below_3_20,C3_3_75_plus
KUET,URP,0.875,4,90% or more,11-15 hrs,Mostly consistent routine,Most of it,5-6 hrs,Rarely,6-10 hrs,Almost every day,Very distracting,Strong support,Average,Very dissatisfied,Close to what I wanted,Somewhat,0.625,0.5,0.5,0.417,0.562,-0.25,0.125,C3_3_75_plus,C1_3_20_to_3_49
KUET,CE,0.875,4,90% or more,11-15 hrs,Occasionally when necessary,About half,More than 8 hrs,Rarely,6-10 hrs,Often,Mostly suitable,Some support,Completely unmanageable,Neutral,Mostly different,Somewhat,0.5,0.583,0.625,0.417,0.375,0.0,0.375,C3_3_75_plus,C3_3_75_plus
KUET,ChE,0.875,4,90% or more,3-6 hrs,Mostly consistent routine,A little,7-8 hrs,Often,More than 15 hrs,Never,Neither good nor bad,No support,Difficult to manage,Very dissatisfied,Somewhat different,Completely,0.75,0.417,0.25,0.5,0.062,0.25,0.75,C3_3_75_plus,C1_3_20_to_3_49
KUET,LE,0.875,4,75-89%,11-15 hrs,Occasionally when necessary,A little,5-6 hrs,Almost always,6-10 hrs,Sometimes,Somewhat distracting,Good support,Difficult to manage,Neutral,Close to what I wanted,Not at all,0.5,0.167,0.5,0.417,0.188,0.25,0.625,C2_3_50_to_3_74,C3_3_75_plus
KUET,TE,0.875,4,90% or more,11-15 hrs,Mostly consistent routine,About half,6-7 hrs,Often,6-10 hrs,Often,Neither good nor bad,Very little support,Mostly manageable,Very dissatisfied,"Yes, exactly what I wanted",Mostly,0.688,0.5,0.375,0.583,0.375,0.0,0.25,C2_3_50_to_3_74,C1_3_20_to_3_49
KUET,EEE,0.875,4,60-74%,3-6 hrs,Mostly consistent routine,Most of it,7-8 hrs,Never,None,Sometimes,Mostly suitable,Strong support,Completely unmanageable,Very satisfied,Somewhat different,Mostly,0.5,0.583,0.875,0.75,0.188,-0.25,0.0,C2_3_50_to_3_74,C0_below_3_20
KUET,EEE,0.875,4,90% or more,Less than 3 hrs,Occasionally when necessary,About half,7-8 hrs,Never,More than 15 hrs,Never,Neither good nor bad,Good support,Very healthy and balanced,Very dissatisfied,Not at all what I wanted,Slightly,0.5,0.917,0.625,0.083,0.0,0.0,0.0,C2_3_50_to_3_74,C2_3_50_to_3_74
KUET,IEM,0.875,4,75-89%,More than 15 hrs,Regularly but not every day,Almost nothing,Less than 5 hrs,Sometimes,None,Often,Somewhat distracting,Very little support,Mostly manageable,Very satisfied,Not at all what I wanted,Slightly,0.625,0.417,0.25,0.417,0.0,0.25,-0.125,C1_3_20_to_3_49,C1_3_20_to_3_49
KUET,ChE,0.875,4,75-89%,11-15 hrs,Mostly consistent routine,Almost nothing,6-7 hrs,Never,6-10 hrs,Often,Somewhat distracting,Some support,Difficult to manage,Very dissatisfied,Not at all what I wanted,Completely,0.625,0.583,0.375,0.333,0.0,0.0,0.125,C3_3_75_plus,C3_3_75_plus
KUET,MTE,0.875,4,75-89%,More than 15 hrs,Consistent throughout the semester,About half,Less than 5 hrs,Sometimes,More than 15 hrs,Sometimes,Neither good nor bad,Strong support,Difficult to manage,Neutral,Mostly different,Somewhat,0.812,0.25,0.75,0.417,0.5,0.5,0.625,C0_below_3_20,C3_3_75_plus
KUET,CE,0.875,4,60-74%,11-15 hrs,Occasionally when necessary,Almost nothing,Less than 5 hrs,Often,More than 15 hrs,Sometimes,Mostly suitable,Strong support,Difficult to manage,Very satisfied,Somewhat different,Somewhat,0.438,0.167,0.875,0.667,0.0,0.25,0.75,C0_below_3_20,C0_below_3_20
KUET,TE,0.875,4,90% or more,7-10 hrs,Regularly but not every day,A little,5-6 hrs,Often,1-5 hrs,Sometimes,Neither good nor bad,Good support,Mostly manageable,Very dissatisfied,Mostly different,Completely,0.625,0.417,0.625,0.417,0.125,0.0,0.125,C0_below_3_20,C2_3_50_to_3_74
KUET,ME,0.875,4,75-89%,Less than 3 hrs,Mostly consistent routine,Almost everything,More than 8 hrs,Never,1-5 hrs,Almost every day,Excellent for focused study,Some support,Completely unmanageable,Very satisfied,Somewhat different,Slightly,0.375,0.667,0.75,0.583,0.0,-1.0,0.125,C1_3_20_to_3_49,C1_3_20_to_3_49
KUET,ESE,0.875,4,60-74%,Less than 3 hrs,Occasionally when necessary,A little,Less than 5 hrs,Rarely,1-5 hrs,Often,Somewhat distracting,No support,Difficult to manage,Very satisfied,Somewhat different,Slightly,0.188,0.333,0.125,0.583,0.0,-0.75,0.125,C0_below_3_20,C3_3_75_plus
KUET,EEE,0.875,4,60-74%,More than 15 hrs,Consistent throughout the semester,Almost everything,More than 8 hrs,Often,None,Rarely,Excellent for focused study,No support,Difficult to manage,Very dissatisfied,Somewhat different,Somewhat,0.812,0.5,0.5,0.333,1.0,0.75,0.25,C2_3_50_to_3_74,C1_3_20_to_3_49
KUET,CE,0.875,4,75-89%,11-15 hrs,Regularly but not every day,Most of it,Less than 5 hrs,Rarely,More than 15 hrs,Almost every day,Neither good nor bad,Some support,Difficult to manage,Very dissatisfied,Somewhat different,Slightly,0.5,0.333,0.5,0.25,0.562,-0.25,0.5,C2_3_50_to_3_74,C1_3_20_to_3_49
KUET,MSE,0.875,4,60-74%,7-10 hrs,Mostly just before exams,Most of it,6-7 hrs,Often,More than 15 hrs,Rarely,Mostly suitable,No support,Average,Very satisfied,Mostly different,Not at all,0.5,0.417,0.375,0.417,0.375,0.25,0.625,C0_below_3_20,C2_3_50_to_3_74
KUET,IEM,0.875,4,90% or more,11-15 hrs,Mostly just before exams,About half,More than 8 hrs,Almost always,11-15 hrs,Never,Neither good nor bad,Some support,Average,Very dissatisfied,Not at all what I wanted,Not at all,0.75,0.5,0.5,0.0,0.375,0.75,0.625,C1_3_20_to_3_49,C3_3_75_plus
KUET,BME,0.875,4,90% or more,3-6 hrs,Mostly consistent routine,A little,5-6 hrs,Often,1-5 hrs,Often,Somewhat distracting,No support,Completely unmanageable,Neutral,"Yes, exactly what I wanted",Not at all,0.562,0.167,0.125,0.5,0.062,-0.5,0.5,C1_3_20_to_3_49,C3_3_75_plus
KUET,ARCH,0.875,4,60-74%,3-6 hrs,Occasionally when necessary,Almost nothing,More than 8 hrs,Rarely,1-5 hrs,Never,Neither good nor bad,Very little support,Mostly manageable,Very dissatisfied,Not at all what I wanted,Mostly,0.438,0.833,0.375,0.25,0.0,0.25,-0.125,C1_3_20_to_3_49,C3_3_75_plus
KUET,BECM,0.875,4,90% or more,Less than 3 hrs,Mostly consistent routine,About half,More than 8 hrs,Never,11-15 hrs,Often,Excellent for focused study,No support,Difficult to manage,Very dissatisfied,"Yes, exactly what I wanted",Mostly,0.5,0.75,0.5,0.583,0.0,-0.75,0.25,C2_3_50_to_3_74,C2_3_50_to_3_74
KUET,CSE,0.875,4,75-89%,3-6 hrs,Consistent throughout the semester,A little,7-8 hrs,Never,11-15 hrs,Often,Excellent for focused study,Strong support,Completely unmanageable,Very dissatisfied,Mostly different,Completely,0.562,0.583,1.0,0.417,0.062,-0.5,0.375,C3_3_75_plus,C0_below_3_20
KUET,ME,0.875,4,60-74%,3-6 hrs,Mostly consistent routine,Almost nothing,More than 8 hrs,Never,None,Almost every day,Mostly suitable,No support,Difficult to manage,Very dissatisfied,Close to what I wanted,Mostly,0.375,0.75,0.375,0.5,0.0,-0.75,-0.125,C3_3_75_plus,C1_3_20_to_3_49
KUET,TE,0.875,4,90% or more,More than 15 hrs,Regularly but not every day,Almost everything,Less than 5 hrs,Never,More than 15 hrs,Often,Excellent for focused study,No support,Completely unmanageable,Very dissatisfied,Somewhat different,Not at all,0.688,0.333,0.5,0.167,1.0,0.25,0.5,C1_3_20_to_3_49,C1_3_20_to_3_49
KUET,ME,0.875,4,75-89%,More than 15 hrs,Regularly but not every day,A little,7-8 hrs,Sometimes,None,Rarely,Somewhat distracting,Strong support,Mostly manageable,Very dissatisfied,Close to what I wanted,Somewhat,0.75,0.667,0.625,0.417,0.25,0.75,-0.125,C2_3_50_to_3_74,C1_3_20_to_3_49
KUET,LE,0.875,4,60-74%,11-15 hrs,Mostly consistent routine,A little,5-6 hrs,Rarely,More than 15 hrs,Sometimes,Excellent for focused study,No support,Difficult to manage,Very dissatisfied,Not at all what I wanted,Slightly,0.625,0.417,0.5,0.083,0.188,0.25,0.5,C2_3_50_to_3_74,C0_below_3_20
KUET,URP,0.875,4,90% or more,3-6 hrs,Occasionally when necessary,Almost everything,6-7 hrs,Sometimes,11-15 hrs,Rarely,Mostly suitable,Some support,Completely unmanageable,Very dissatisfied,"Yes, exactly what I wanted",Somewhat,0.5,0.333,0.625,0.5,0.25,0.0,0.625,C1_3_20_to_3_49,C1_3_20_to_3_49
KUET,CE,0.875,4,75-89%,More than 15 hrs,Consistent throughout the semester,Most of it,More than 8 hrs,Never,11-15 hrs,Rarely,Excellent for focused study,Very little support,Completely unmanageable,Neutral,"Yes, exactly what I wanted",Not at all,0.875,0.667,0.625,0.5,0.75,0.75,0.375,C1_3_20_to_3_49,C1_3_20_to_3_49
KUET,BECM,0.875,4,60-74%,Less than 3 hrs,Regularly but not every day,About half,More than 8 hrs,Never,None,Never,Somewhat distracting,Good support,Completely unmanageable,Very dissatisfied,Not at all what I wanted,Not at all,0.5,0.667,0.5,0.0,0.0,0.0,0.0,C1_3_20_to_3_49,C0_below_3_20
KUET,MSE,0.875,4,60-74%,7-10 hrs,Regularly but not every day,About half,6-7 hrs,Never,1-5 hrs,Often,Mostly suitable,Some support,Difficult to manage,Very dissatisfied,Somewhat different,Somewhat,0.438,0.583,0.625,0.333,0.25,-0.25,0.0,C0_below_3_20,C0_below_3_20
KUET,EEE,0.875,4,75-89%,3-6 hrs,Mostly just before exams,Most of it,Less than 5 hrs,Sometimes,11-15 hrs,Sometimes,Somewhat distracting,Good support,Difficult to manage,Very satisfied,Mostly different,Completely,0.438,0.25,0.5,0.75,0.188,-0.25,0.5,C3_3_75_plus,C1_3_20_to_3_49
KUET,LE,0.875,4,75-89%,7-10 hrs,Mostly just before exams,About half,More than 8 hrs,Sometimes,1-5 hrs,Almost every day,Somewhat distracting,Very little support,Difficult to manage,Very dissatisfied,"Yes, exactly what I wanted",Not at all,0.375,0.583,0.25,0.333,0.25,-0.5,0.25,C3_3_75_plus,C0_below_3_20
KUET,URP,0.875,4,75-89%,7-10 hrs,Occasionally when necessary,Almost everything,More than 8 hrs,Sometimes,1-5 hrs,Often,Mostly suitable,Very little support,Completely unmanageable,Neutral,"Yes, exactly what I wanted",Slightly,0.375,0.5,0.5,0.583,0.5,-0.25,0.375,C0_below_3_20,C3_3_75_plus
KUET,EEE,0.875,4,75-89%,Less than 3 hrs,Regularly but not every day,About half,6-7 hrs,Often,6-10 hrs,Almost every day,Neither good nor bad,Strong support,Very healthy and balanced,Very dissatisfied,Somewhat different,Not at all,0.312,0.583,0.75,0.167,0.0,-1.0,0.125,C3_3_75_plus,C1_3_20_to_3_49
KUET,URP,0.875,4,75-89%,7-10 hrs,Mostly consistent routine,A little,6-7 hrs,Never,6-10 hrs,Never,Somewhat distracting,No support,Average,Very dissatisfied,Somewhat different,Mostly,0.75,0.667,0.125,0.417,0.125,0.5,0.0,C3_3_75_plus,C3_3_75_plus
KUET,CE,0.875,4,90% or more,More than 15 hrs,Mostly consistent routine,A little,More than 8 hrs,Never,None,Sometimes,Somewhat distracting,Very little support,Difficult to manage,Very dissatisfied,Mostly different,Slightly,0.812,0.75,0.25,0.167,0.25,0.5,-0.125,C0_below_3_20,C0_below_3_20
KUET,ChE,0.875,4,75-89%,7-10 hrs,Mostly just before exams,Almost everything,Less than 5 hrs,Never,None,Never,Excellent for focused study,Good support,Mostly manageable,Very dissatisfied,"Yes, exactly what I wanted",Slightly,0.625,0.583,0.875,0.417,0.5,0.5,-0.375,C2_3_50_to_3_74,C3_3_75_plus
KUET,IEM,0.875,4,75-89%,Less than 3 hrs,Regularly but not every day,Almost nothing,7-8 hrs,Never,11-15 hrs,Almost every day,Very distracting,Strong support,Completely unmanageable,Very dissatisfied,Not at all what I wanted,Slightly,0.312,0.583,0.5,0.083,0.0,-1.0,0.375,C0_below_3_20,C1_3_20_to_3_49
KUET,LE,0.875,4,75-89%,3-6 hrs,Mostly consistent routine,Almost nothing,6-7 hrs,Often,None,Often,Very distracting,Good support,Average,Very dissatisfied,Close to what I wanted,Completely,0.5,0.417,0.375,0.583,0.0,-0.5,0.125,C2_3_50_to_3_74,C3_3_75_plus
KUET,ME,0.875,4,90% or more,11-15 hrs,Mostly just before exams,A little,Less than 5 hrs,Almost always,1-5 hrs,Never,Excellent for focused study,Very little support,Mostly manageable,Very dissatisfied,Somewhat different,Mostly,0.75,0.25,0.625,0.417,0.188,0.75,0.25,C3_3_75_plus,C2_3_50_to_3_74
KUET,TE,0.875,4,60-74%,7-10 hrs,Mostly just before exams,A little,7-8 hrs,Almost always,6-10 hrs,Often,Neither good nor bad,Some support,Average,Very dissatisfied,"Yes, exactly what I wanted",Completely,0.375,0.417,0.5,0.667,0.125,-0.25,0.5,C0_below_3_20,C3_3_75_plus
KUET,CE,0.875,4,60-74%,More than 15 hrs,Mostly consistent routine,About half,Less than 5 hrs,Often,More than 15 hrs,Sometimes,Very distracting,Very little support,Very healthy and balanced,Very dissatisfied,Close to what I wanted,Somewhat,0.688,0.417,0.125,0.417,0.5,0.5,0.375,C0_below_3_20,C1_3_20_to_3_49
KUET,EEE,0.875,4,75-89%,11-15 hrs,Regularly but not every day,Almost everything,More than 8 hrs,Rarely,1-5 hrs,Rarely,Mostly suitable,Good support,Very healthy and balanced,Very satisfied,Mostly different,Mostly,0.688,0.917,0.75,0.667,0.75,0.5,-0.25,C1_3_20_to_3_49,C3_3_75_plus
KUET,LE,0.875,4,90% or more,Less than 3 hrs,Occasionally when necessary,Almost everything,Less than 5 hrs,Sometimes,None,Often,Somewhat distracting,No support,Mostly manageable,Neutral,Somewhat different,Not at all,0.312,0.417,0.125,0.333,0.0,-0.75,-0.125,C2_3_50_to_3_74,C3_3_75_plus
KUET,URP,0.875,4,60-74%,3-6 hrs,Regularly but not every day,About half,More than 8 hrs,Never,6-10 hrs,Often,Somewhat distracting,No support,Average,Very dissatisfied,Somewhat different,Slightly,0.375,0.833,0.125,0.25,0.125,-0.5,0.0,C2_3_50_to_3_74,C1_3_20_to_3_49
KUET,ME,0.875,4,60-74%,7-10 hrs,Mostly just before exams,About half,More than 8 hrs,Almost always,6-10 hrs,Rarely,Neither good nor bad,Some support,Mostly manageable,Very satisfied,Somewhat different,Mostly,0.5,0.583,0.5,0.75,0.25,0.25,0.375,C1_3_20_to_3_49,C2_3_50_to_3_74
KUET,CSE,0.875,4,60-74%,3-6 hrs,Regularly but not every day,Almost nothing,7-8 hrs,Sometimes,11-15 hrs,Never,Mostly suitable,Strong support,Average,Very dissatisfied,Somewhat different,Somewhat,0.562,0.583,0.875,0.333,0.0,0.25,0.375,C0_below_3_20,C1_3_20_to_3_49
KUET,TE,0.875,4,75-89%,More than 15 hrs,Regularly but not every day,Almost everything,5-6 hrs,Rarely,6-10 hrs,Never,Neither good nor bad,Very little support,Completely unmanageable,Very dissatisfied,Somewhat different,Slightly,0.812,0.333,0.375,0.25,1.0,1.0,0.375,C3_3_75_plus,C1_3_20_to_3_49
KUET,IEM,0.875,4,90% or more,7-10 hrs,Occasionally when necessary,About half,7-8 hrs,Rarely,None,Never,Somewhat distracting,Good support,Mostly manageable,Very dissatisfied,"Yes, exactly what I wanted",Completely,0.625,0.75,0.5,0.667,0.25,0.5,-0.25,C0_below_3_20,C2_3_50_to_3_74
KUET,MTE,0.875,4,60-74%,Less than 3 hrs,Occasionally when necessary,Most of it,6-7 hrs,Often,None,Sometimes,Mostly suitable,Some support,Completely unmanageable,Neutral,"Yes, exactly what I wanted",Somewhat,0.25,0.25,0.625,0.667,0.0,-0.5,0.375,C0_below_3_20,C1_3_20_to_3_49
KUET,BECM,0.875,4,90% or more,Less than 3 hrs,Mostly just before exams,A little,Less than 5 hrs,Sometimes,1-5 hrs,Never,Somewhat distracting,Strong support,Completely unmanageable,Very satisfied,"Yes, exactly what I wanted",Somewhat,0.562,0.167,0.625,0.833,0.0,0.0,0.375,C2_3_50_to_3_74,C1_3_20_to_3_49
KUET,ESE,0.875,4,90% or more,More than 15 hrs,Occasionally when necessary,About half,More than 8 hrs,Often,None,Sometimes,Very distracting,No support,Completely unmanageable,Very dissatisfied,"Yes, exactly what I wanted",Completely,0.625,0.417,0.0,0.667,0.5,0.5,0.375,C0_below_3_20,C0_below_3_20
KUET,BME,0.875,4,90% or more,More than 15 hrs,Consistent throughout the semester,A little,Less than 5 hrs,Never,6-10 hrs,Almost every day,Very distracting,Good support,Completely unmanageable,Very dissatisfied,"Yes, exactly what I wanted",Slightly,0.75,0.333,0.375,0.417,0.25,0.0,0.25,C1_3_20_to_3_49,C1_3_20_to_3_49
KUET,MSE,0.875,4,90% or more,3-6 hrs,Occasionally when necessary,Most of it,5-6 hrs,Often,1-5 hrs,Rarely,Mostly suitable,Strong support,Completely unmanageable,Very dissatisfied,Somewhat different,Not at all,0.5,0.167,0.875,0.167,0.188,0.0,0.5,C0_below_3_20,C2_3_50_to_3_74
KUET,BECM,0.875,4,60-74%,3-6 hrs,Consistent throughout the semester,About half,5-6 hrs,Rarely,None,Almost every day,Mostly suitable,Some support,Average,Very dissatisfied,Somewhat different,Somewhat,0.438,0.5,0.625,0.333,0.125,-0.75,-0.125,C1_3_20_to_3_49,C2_3_50_to_3_74
KUET,EEE,0.875,4,75-89%,11-15 hrs,Occasionally when necessary,Almost everything,7-8 hrs,Often,None,Sometimes,Very distracting,Very little support,Average,Very satisfied,Somewhat different,Not at all,0.5,0.5,0.125,0.5,0.75,0.25,0.125,C0_below_3_20,C3_3_75_plus
KUET,CE,0.875,4,75-89%,11-15 hrs,Regularly but not every day,Almost nothing,Less than 5 hrs,Rarely,None,Sometimes,Very distracting,Very little support,Average,Very dissatisfied,Mostly different,Slightly,0.625,0.417,0.125,0.167,0.0,0.25,-0.125,C0_below_3_20,C1_3_20_to_3_49
KUET,ARCH,0.875,4,90% or more,3-6 hrs,Mostly consistent routine,About half,5-6 hrs,Rarely,More than 15 hrs,Rarely,Excellent for focused study,Some support,Mostly manageable,Very dissatisfied,Somewhat different,Not at all,0.688,0.583,0.75,0.167,0.125,0.0,0.25,C0_below_3_20,C2_3_50_to_3_74
KUET,ECE,0.875,4,90% or more,Less than 3 hrs,Mostly consistent routine,About half,5-6 hrs,Rarely,1-5 hrs,Rarely,Excellent for focused study,Good support,Completely unmanageable,Very dissatisfied,Somewhat different,Completely,0.625,0.333,0.875,0.5,0.0,-0.25,0.25,C0_below_3_20,C0_below_3_20
KUET,MSE,0.875,4,90% or more,7-10 hrs,Mostly just before exams,About half,6-7 hrs,Almost always,11-15 hrs,Sometimes,Mostly suitable,No support,Mostly manageable,Very satisfied,Somewhat different,Somewhat,0.562,0.417,0.375,0.667,0.25,0.0,0.5,C3_3_75_plus,C2_3_50_to_3_74
KUET,EEE,0.875,4,75-89%,Less than 3 hrs,Mostly just before exams,Almost everything,More than 8 hrs,Often,More than 15 hrs,Often,Neither good nor bad,Strong support,Difficult to manage,Very dissatisfied,Not at all what I wanted,Slightly,0.312,0.5,0.75,0.083,0.0,-0.75,0.75,C3_3_75_plus,C0_below_3_20
KUET,ME,0.875,4,60-74%,Less than 3 hrs,Mostly just before exams,Almost nothing,Less than 5 hrs,Rarely,11-15 hrs,Often,Somewhat distracting,Some support,Completely unmanageable,Very dissatisfied,Somewhat different,Not at all,0.25,0.25,0.375,0.167,0.0,-0.75,0.5,C1_3_20_to_3_49,C2_3_50_to_3_74
KUET,IEM,0.875,4,60-74%,Less than 3 hrs,Occasionally when necessary,About half,7-8 hrs,Rarely,None,Never,Excellent for focused study,Some support,Mostly manageable,Very dissatisfied,Mostly different,Completely,0.375,0.75,0.75,0.417,0.0,0.0,-0.25,C1_3_20_to_3_49,C2_3_50_to_3_74
KUET,EEE,0.875,4,60-74%,11-15 hrs,Regularly but not every day,Almost everything,Less than 5 hrs,Almost always,1-5 hrs,Rarely,Very distracting,Some support,Completely unmanageable,Very dissatisfied,"Yes, exactly what I wanted",Completely,0.625,0.0,0.25,0.667,0.75,0.5,0.625,C0_below_3_20,C2_3_50_to_3_74
KUET,ECE,0.875,4,90% or more,Less than 3 hrs,Consistent throughout the semester,Most of it,More than 8 hrs,Never,6-10 hrs,Never,Somewhat distracting,Strong support,Mostly manageable,Very dissatisfied,Close to what I wanted,Completely,0.75,0.917,0.625,0.583,0.0,0.0,-0.125,C2_3_50_to_3_74,C1_3_20_to_3_49
KUET,ME,0.875,4,60-74%,7-10 hrs,Occasionally when necessary,Almost nothing,5-6 hrs,Almost always,1-5 hrs,Almost every day,Somewhat distracting,Some support,Very healthy and balanced,Very dissatisfied,"Yes, exactly what I wanted",Completely,0.25,0.417,0.375,0.667,0.0,-0.5,0.125,C2_3_50_to_3_74,C1_3_20_to_3_49
KUET,MTE,0.875,4,75-89%,11-15 hrs,Mostly just before exams,Almost everything,More than 8 hrs,Almost always,More than 15 hrs,Often,Neither good nor bad,Good support,Completely unmanageable,Neutral,"Yes, exactly what I wanted",Completely,0.5,0.333,0.625,0.833,0.75,0.0,1.0,C2_3_50_to_3_74,C0_below_3_20
KUET,LE,0.875,4,60-74%,Less than 3 hrs,Regularly but not every day,Almost nothing,Less than 5 hrs,Almost always,11-15 hrs,Never,Somewhat distracting,Some support,Very healthy and balanced,Very dissatisfied,Mostly different,Completely,0.5,0.333,0.375,0.417,0.0,0.0,0.375,C3_3_75_plus,C2_3_50_to_3_74
KUET,MSE,0.875,4,75-89%,More than 15 hrs,Mostly consistent routine,Almost everything,6-7 hrs,Never,1-5 hrs,Often,Excellent for focused study,Strong support,Mostly manageable,Very dissatisfied,Close to what I wanted,Completely,0.688,0.75,1.0,0.583,1.0,0.25,-0.25,C1_3_20_to_3_49,C0_below_3_20
KUET,MSE,0.875,4,60-74%,Less than 3 hrs,Consistent throughout the semester,Almost nothing,Less than 5 hrs,Rarely,6-10 hrs,Often,Very distracting,No support,Very healthy and balanced,Very dissatisfied,"Yes, exactly what I wanted",Mostly,0.438,0.583,0.0,0.583,0.0,-0.75,-0.125,C3_3_75_plus,C0_below_3_20
KUET,TE,0.875,4,90% or more,More than 15 hrs,Mostly just before exams,Almost everything,5-6 hrs,Almost always,6-10 hrs,Often,Mostly suitable,Strong support,Very healthy and balanced,Very satisfied,Close to what I wanted,Somewhat,0.625,0.417,0.875,0.75,1.0,0.25,0.25,C0_below_3_20,C1_3_20_to_3_49
KUET,TE,0.875,4,90% or more,3-6 hrs,Regularly but not every day,A little,More than 8 hrs,Rarely,11-15 hrs,Sometimes,Excellent for focused study,Strong support,Mostly manageable,Neutral,Close to what I wanted,Completely,0.562,0.833,1.0,0.75,0.062,-0.25,0.125,C3_3_75_plus,C3_3_75_plus
KUET,ESE,0.875,4,75-89%,11-15 hrs,Consistent throughout the semester,About half,Less than 5 hrs,Never,1-5 hrs,Rarely,Mostly suitable,Some support,Average,Very dissatisfied,"Yes, exactly what I wanted",Completely,0.812,0.5,0.625,0.667,0.375,0.5,-0.125,C3_3_75_plus,C3_3_75_plus
KUET,ChE,0.875,4,75-89%,3-6 hrs,Regularly but not every day,Most of it,5-6 hrs,Often,11-15 hrs,Almost every day,Very distracting,Strong support,Mostly manageable,Neutral,Not at all what I wanted,Slightly,0.375,0.417,0.5,0.25,0.188,-0.75,0.375,C0_below_3_20,C0_below_3_20
KUET,ARCH,0.875,4,60-74%,7-10 hrs,Occasionally when necessary,About half,7-8 hrs,Never,6-10 hrs,Almost every day,Very distracting,Some support,Average,Very dissatisfied,"Yes, exactly what I wanted",Not at all,0.25,0.75,0.25,0.333,0.25,-0.5,0.0,C0_below_3_20,C0_below_3_20
KUET,BME,0.875,4,90% or more,11-15 hrs,Mostly consistent routine,Most of it,More than 8 hrs,Sometimes,6-10 hrs,Often,Neither good nor bad,Good support,Completely unmanageable,Very dissatisfied,Somewhat different,Somewhat,0.688,0.5,0.625,0.333,0.562,0.0,0.5,C0_below_3_20,C2_3_50_to_3_74
KUET,CE,0.875,4,90% or more,7-10 hrs,Occasionally when necessary,A little,7-8 hrs,Sometimes,1-5 hrs,Rarely,Neither good nor bad,Strong support,Very healthy and balanced,Neutral,Mostly different,Somewhat,0.562,0.75,0.75,0.417,0.125,0.25,-0.125,C1_3_20_to_3_49,C2_3_50_to_3_74
KUET,URP,0.875,4,90% or more,More than 15 hrs,Occasionally when necessary,Almost nothing,6-7 hrs,Sometimes,1-5 hrs,Sometimes,Somewhat distracting,No support,Very healthy and balanced,Very dissatisfied,Close to what I wanted,Mostly,0.625,0.667,0.125,0.5,0.0,0.5,-0.125,C3_3_75_plus,C3_3_75_plus
KUET,ME,0.875,4,60-74%,11-15 hrs,Mostly just before exams,A little,More than 8 hrs,Rarely,6-10 hrs,Rarely,Excellent for focused study,Strong support,Completely unmanageable,Very satisfied,Close to what I wanted,Mostly,0.562,0.583,1.0,0.833,0.188,0.5,0.375,C0_below_3_20,C0_below_3_20
KUET,LE,0.875,4,60-74%,11-15 hrs,Mostly consistent routine,Almost everything,7-8 hrs,Rarely,11-15 hrs,Rarely,Somewhat distracting,Good support,Completely unmanageable,Very satisfied,Somewhat different,Not at all,0.688,0.5,0.5,0.5,0.75,0.5,0.5,C0_below_3_20,C1_3_20_to_3_49
KUET,CE,0.875,4,60-74%,Less than 3 hrs,Mostly consistent routine,Most of it,5-6 hrs,Rarely,None,Almost every day,Very distracting,Very little support,Average,Very satisfied,Not at all what I wanted,Somewhat,0.312,0.5,0.125,0.5,0.0,-1.0,-0.125,C0_below_3_20,C2_3_50_to_3_74
KUET,ME,0.875,4,75-89%,Less than 3 hrs,Mostly consistent routine,Almost nothing,5-6 hrs,Sometimes,1-5 hrs,Almost every day,Somewhat distracting,No support,Very healthy and balanced,Very dissatisfied,Somewhat different,Somewhat,0.375,0.583,0.125,0.333,0.0,-1.0,-0.125,C1_3_20_to_3_49,C2_3_50_to_3_74
KUET,BECM,0.875,4,60-74%,More than 15 hrs,Mostly just before exams,About half,6-7 hrs,Sometimes,More than 15 hrs,Rarely,Somewhat distracting,Good support,Difficult to manage,Very dissatisfied,Close to what I wanted,Completely,0.625,0.417,0.5,0.583,0.5,0.75,0.625,C1_3_20_to_3_49,C3_3_75_plus
KUET,BECM,0.875,4,90% or more,3-6 hrs,Mostly consistent routine,A little,More than 8 hrs,Rarely,More than 15 hrs,Almost every day,Excellent for focused study,Good support,Average,Very dissatisfied,Mostly different,Mostly,0.5,0.75,0.875,0.333,0.062,-0.75,0.375,C2_3_50_to_3_74,C0_below_3_20
KUET,CSE,0.875,4,90% or more,3-6 hrs,Consistent throughout the semester,Almost everything,6-7 hrs,Rarely,More than 15 hrs,Never,Mostly suitable,Strong support,Completely unmanageable,Very dissatisfied,Mostly different,Somewhat,0.812,0.417,0.875,0.25,0.25,0.25,0.625,C3_3_75_plus,C2_3_50_to_3_74
KUET,ECE,0.875,4,75-89%,7-10 hrs,Occasionally when necessary,Almost everything,6-7 hrs,Rarely,More than 15 hrs,Never,Very distracting,Strong support,Mostly manageable,Neutral,"Yes, exactly what I wanted",Mostly,0.562,0.667,0.5,0.75,0.5,0.5,0.25,C2_3_50_to_3_74,C2_3_50_to_3_74
KUET,CE,0.875,4,90% or more,Less than 3 hrs,Consistent throughout the semester,Almost everything,5-6 hrs,Rarely,None,Almost every day,Excellent for focused study,No support,Completely unmanageable,Very dissatisfied,Not at all what I wanted,Somewhat,0.5,0.333,0.5,0.167,0.0,-1.0,0.125,C1_3_20_to_3_49,C0_below_3_20
KUET,EEE,0.875,4,90% or more,3-6 hrs,Consistent throughout the semester,About half,5-6 hrs,Never,1-5 hrs,Often,Neither good nor bad,No support,Average,Very dissatisfied,Close to what I wanted,Completely,0.625,0.583,0.25,0.583,0.125,-0.5,-0.125,C2_3_50_to_3_74,C2_3_50_to_3_74
KUET,EEE,0.875,4,90% or more,Less than 3 hrs,Regularly but not every day,About half,5-6 hrs,Almost always,None,Rarely,Neither good nor bad,Very little support,Average,Very dissatisfied,Close to what I wanted,Not at all,0.562,0.25,0.375,0.25,0.0,-0.25,0.25,C3_3_75_plus,C3_3_75_plus
KUET,IEM,0.875,4,90% or more,More than 15 hrs,Regularly but not every day,Almost everything,More than 8 hrs,Often,None,Often,Neither good nor bad,Some support,Average,Very dissatisfied,Mostly different,Slightly,0.688,0.583,0.5,0.167,1.0,0.25,0.125,C0_below_3_20,C2_3_50_to_3_74
KUET,URP,0.875,4,75-89%,More than 15 hrs,Regularly but not every day,Most of it,6-7 hrs,Almost always,None,Almost every day,Mostly suitable,Very little support,Difficult to manage,Very dissatisfied,"Yes, exactly what I wanted",Mostly,0.562,0.25,0.5,0.583,0.75,0.0,0.375,C0_below_3_20,C3_3_75_plus
KUET,MTE,0.875,4,75-89%,More than 15 hrs,Occasionally when necessary,About half,More than 8 hrs,Rarely,More than 15 hrs,Never,Mostly suitable,No support,Very healthy and balanced,Very satisfied,Somewhat different,Completely,0.688,0.917,0.375,0.833,0.5,1.0,0.125,C2_3_50_to_3_74,C1_3_20_to_3_49
KUET,LE,0.875,4,90% or more,3-6 hrs,Mostly consistent routine,About half,7-8 hrs,Sometimes,More than 15 hrs,Rarely,Very distracting,Some support,Very healthy and balanced,Very dissatisfied,Mostly different,Not at all,0.688,0.75,0.25,0.083,0.125,0.0,0.25,C3_3_75_plus,C1_3_20_to_3_49
KUET,URP,0.875,4,75-89%,3-6 hrs,Consistent throughout the semester,About half,More than 8 hrs,Never,1-5 hrs,Almost every day,Neither good nor bad,Strong support,Average,Neutral,Not at all what I wanted,Completely,0.5,0.833,0.75,0.5,0.125,-0.75,-0.125,C3_3_75_plus,C0_below_3_20
KUET,ME,0.875,4,60-74%,3-6 hrs,Mostly just before exams,Almost nothing,7-8 hrs,Almost always,6-10 hrs,Rarely,Mostly suitable,Strong support,Average,Very dissatisfied,Close to what I wanted,Not at all,0.438,0.417,0.875,0.25,0.0,0.0,0.5,C1_3_20_to_3_49,C2_3_50_to_3_74
KUET,ChE,0.875,4,60-74%,More than 15 hrs,Regularly but not every day,A little,Less than 5 hrs,Sometimes,6-10 hrs,Almost every day,Mostly suitable,Very little support,Difficult to manage,Very satisfied,Somewhat different,Not at all,0.5,0.25,0.5,0.5,0.25,0.0,0.375,C2_3_50_to_3_74,C3_3_75_plus
KUET,TE,0.875,4,75-89%,3-6 hrs,Consistent throughout the semester,A little,6-7 hrs,Almost always,None,Rarely,Excellent for focused study,No support,Very healthy and balanced,Very dissatisfied,"Yes, exactly what I wanted",Mostly,0.688,0.5,0.5,0.583,0.062,0.0,0.0,C3_3_75_plus,C1_3_20_to_3_49
KUET,ESE,0.875,4,90% or more,Less than 3 hrs,Regularly but not every day,A little,6-7 hrs,Sometimes,1-5 hrs,Never,Excellent for focused study,No support,Average,Very satisfied,Not at all what I wanted,Slightly,0.625,0.5,0.5,0.417,0.0,0.0,0.125,C3_3_75_plus,C0_below_3_20
KUET,TE,0.875,4,90% or more,7-10 hrs,Mostly just before exams,A little,6-7 hrs,Rarely,11-15 hrs,Often,Mostly suitable,No support,Completely unmanageable,Very dissatisfied,Close to what I wanted,Somewhat,0.5,0.417,0.375,0.417,0.125,-0.25,0.5,C2_3_50_to_3_74,C2_3_50_to_3_74
KUET,BME,0.875,4,90% or more,11-15 hrs,Consistent throughout the semester,About half,6-7 hrs,Never,11-15 hrs,Often,Neither good nor bad,Very little support,Very healthy and balanced,Neutral,"Yes, exactly what I wanted",Slightly,0.75,0.833,0.375,0.583,0.375,0.0,-0.125,C2_3_50_to_3_74,C0_below_3_20
KUET,ARCH,0.875,4,75-89%,7-10 hrs,Mostly consistent routine,About half,7-8 hrs,Almost always,None,Almost every day,Excellent for focused study,No support,Completely unmanageable,Very dissatisfied,Close to what I wanted,Slightly,0.5,0.25,0.5,0.333,0.25,-0.5,0.5,C2_3_50_to_3_74,C1_3_20_to_3_49
KUET,ME,0.875,4,90% or more,11-15 hrs,Mostly just before exams,Almost nothing,Less than 5 hrs,Often,More than 15 hrs,Rarely,Very distracting,Strong support,Completely unmanageable,Very dissatisfied,Somewhat different,Not at all,0.688,0.083,0.5,0.167,0.0,0.5,0.875,C1_3_20_to_3_49,C1_3_20_to_3_49
KUET,BECM,0.875,4,60-74%,Less than 3 hrs,Occasionally when necessary,Almost everything,5-6 hrs,Rarely,None,Sometimes,Very distracting,Some support,Completely unmanageable,Very dissatisfied,Mostly different,Completely,0.25,0.333,0.25,0.417,0.0,-0.5,0.125,C2_3_50_to_3_74,C2_3_50_to_3_74
KUET,MSE,0.875,4,90% or more,More than 15 hrs,Mostly just before exams,Almost nothing,6-7 hrs,Sometimes,6-10 hrs,Never,Mostly suitable,Some support,Completely unmanageable,Very dissatisfied,Mostly different,Completely,0.812,0.333,0.625,0.417,0.0,1.0,0.5,C2_3_50_to_3_74,C1_3_20_to_3_49
KUET,BECM,0.875,4,75-89%,7-10 hrs,Mostly consistent routine,Most of it,More than 8 hrs,Rarely,11-15 hrs,Never,Very distracting,Very little support,Very healthy and balanced,Very dissatisfied,Somewhat different,Somewhat,0.75,0.917,0.125,0.333,0.375,0.5,0.0,C1_3_20_to_3_49,C3_3_75_plus
KUET,EEE,0.875,4,60-74%,3-6 hrs,Mostly consistent routine,A little,5-6 hrs,Never,6-10 hrs,Often,Neither good nor bad,Good support,Mostly manageable,Very dissatisfied,Not at all what I wanted,Slightly,0.438,0.667,0.625,0.083,0.062,-0.5,-0.125,C2_3_50_to_3_74,C0_below_3_20
KUET,CE,0.875,4,60-74%,3-6 hrs,Occasionally when necessary,Almost everything,6-7 hrs,Often,None,Rarely,Neither good nor bad,Good support,Difficult to manage,Neutral,Mostly different,Not at all,0.375,0.333,0.625,0.25,0.25,0.0,0.25,C2_3_50_to_3_74,C3_3_75_plus
KUET,IEM,0.875,4,90% or more,Less than 3 hrs,Mostly just before exams,Almost everything,Less than 5 hrs,Sometimes,11-15 hrs,Often,Mostly suitable,Some support,Completely unmanageable,Very satisfied,Close to what I wanted,Somewhat,0.375,0.167,0.625,0.75,0.0,-0.75,0.625,C3_3_75_plus,C1_3_20_to_3_49
KUET,ECE,0.875,4,60-74%,11-15 hrs,Consistent throughout the semester,Most of it,5-6 hrs,Sometimes,1-5 hrs,Never,Neither good nor bad,Good support,Difficult to manage,Very dissatisfied,Close to what I wanted,Mostly,0.812,0.333,0.625,0.5,0.562,0.75,0.25,C2_3_50_to_3_74,C2_3_50_to_3_74
KUET,CE,0.875,4,90% or more,Less than 3 hrs,Consistent throughout the semester,About half,6-7 hrs,Rarely,None,Sometimes,Very distracting,No support,Difficult to manage,Very dissatisfied,Not at all what I wanted,Mostly,0.625,0.5,0.0,0.25,0.0,-0.5,0.0,C1_3_20_to_3_49,C3_3_75_plus
KUET,MSE,0.875,4,75-89%,7-10 hrs,Occasionally when necessary,Most of it,More than 8 hrs,Sometimes,6-10 hrs,Sometimes,Very distracting,Good support,Difficult to manage,Very dissatisfied,Close to what I wanted,Not at all,0.438,0.583,0.375,0.25,0.375,0.0,0.375,C3_3_75_plus,C3_3_75_plus
KUET,ME,0.875,4,90% or more,11-15 hrs,Occasionally when necessary,Almost nothing,More than 8 hrs,Almost always,None,Never,Very distracting,Some support,Difficult to manage,Very dissatisfied,Not at all what I wanted,Not at all,0.688,0.417,0.25,0.0,0.0,0.75,0.375,C3_3_75_plus,C3_3_75_plus
KUET,CSE,0.875,4,75-89%,7-10 hrs,Consistent throughout the semester,A little,More than 8 hrs,Almost always,More than 15 hrs,Never,Mostly suitable,Very little support,Very healthy and balanced,Neutral,Close to what I wanted,Mostly,0.812,0.667,0.5,0.667,0.125,0.5,0.5,C1_3_20_to_3_49,C0_below_3_20
KUET,LE,0.875,4,75-89%,11-15 hrs,Consistent throughout the semester,Almost nothing,Less than 5 hrs,Almost always,11-15 hrs,Often,Mostly suitable,Some support,Very healthy and balanced,Very dissatisfied,Not at all what I wanted,Completely,0.688,0.333,0.625,0.333,0.0,0.0,0.375,C2_3_50_to_3_74,C0_below_3_20
KUET,EEE,0.875,4,75-89%,Less than 3 hrs,Mostly just before exams,A little,6-7 hrs,Never,More than 15 hrs,Rarely,Mostly suitable,Some support,Completely unmanageable,Very satisfied,Close to what I wanted,Completely,0.438,0.5,0.625,0.917,0.0,-0.25,0.5,C2_3_50_to_3_74,C1_3_20_to_3_49
KUET,EEE,0.875,4,75-89%,Less than 3 hrs,Mostly consistent routine,About half,7-8 hrs,Rarely,6-10 hrs,Never,Very distracting,Strong support,Difficult to manage,Very dissatisfied,"Yes, exactly what I wanted",Slightly,0.625,0.583,0.5,0.417,0.0,0.0,0.25,C0_below_3_20,C1_3_20_to_3_49
KUET,URP,0.875,4,60-74%,Less than 3 hrs,Mostly consistent routine,A little,7-8 hrs,Almost always,11-15 hrs,Never,Very distracting,Good support,Mostly manageable,Very satisfied,"Yes, exactly what I wanted",Not at all,0.562,0.5,0.375,0.667,0.0,0.0,0.5,C0_below_3_20,C2_3_50_to_3_74
KUET,IEM,0.875,4,60-74%,More than 15 hrs,Regularly but not every day,Almost nothing,Less than 5 hrs,Almost always,More than 15 hrs,Sometimes,Excellent for focused study,No support,Mostly manageable,Very satisfied,Mostly different,Completely,0.625,0.25,0.5,0.75,0.0,0.5,0.625,C1_3_20_to_3_49,C0_below_3_20
KUET,CE,0.875,4,75-89%,Less than 3 hrs,Consistent throughout the semester,Almost nothing,5-6 hrs,Almost always,11-15 hrs,Never,Neither good nor bad,Good support,Completely unmanageable,Very dissatisfied,Not at all what I wanted,Somewhat,0.688,0.083,0.625,0.167,0.0,0.0,0.875,C3_3_75_plus,C2_3_50_to_3_74
KUET,EEE,0.875,4,75-89%,11-15 hrs,Consistent throughout the semester,Almost nothing,More than 8 hrs,Never,1-5 hrs,Often,Very distracting,Strong support,Completely unmanageable,Very dissatisfied,Somewhat different,Not at all,0.688,0.667,0.5,0.167,0.0,0.0,0.125,C1_3_20_to_3_49,C2_3_50_to_3_74
KUET,LE,0.875,4,90% or more,More than 15 hrs,Regularly but not every day,Most of it,Less than 5 hrs,Often,None,Often,Neither good nor bad,Some support,Mostly manageable,Very satisfied,Somewhat different,Slightly,0.688,0.333,0.5,0.583,0.75,0.25,0.0,C3_3_75_plus,C0_below_3_20
KUET,ME,0.875,4,90% or more,7-10 hrs,Mostly just before exams,Most of it,Less than 5 hrs,Sometimes,More than 15 hrs,Never,Very distracting,Strong support,Completely unmanageable,Very dissatisfied,Close to what I wanted,Somewhat,0.688,0.167,0.5,0.417,0.375,0.5,0.75,C1_3_20_to_3_49,C1_3_20_to_3_49
KUET,BME,0.875,4,60-74%,Less than 3 hrs,Regularly but not every day,About half,More than 8 hrs,Never,6-10 hrs,Almost every day,Mostly suitable,Some support,Completely unmanageable,Very dissatisfied,Somewhat different,Mostly,0.25,0.667,0.625,0.417,0.0,-1.0,0.25,C3_3_75_plus,C0_below_3_20
KUET,CE,0.875,4,60-74%,11-15 hrs,Mostly just before exams,Most of it,5-6 hrs,Sometimes,6-10 hrs,Never,Excellent for focused study,Some support,Difficult to manage,Very dissatisfied,Close to what I wanted,Mostly,0.625,0.333,0.75,0.5,0.562,0.75,0.375,C3_3_75_plus,C1_3_20_to_3_49
KUET,CSE,0.5,2,90% or more,Less than 3 hrs,Occasionally when necessary,About half,6-7 hrs,Rarely,1-5 hrs,Often,Excellent for focused study,Strong support,Average,Neutral,Close to what I wanted,Mostly,0.312,0.583,1.0,0.667,0.0,-0.75,0.0,C3_3_75_plus,C2_3_50_to_3_74
KUET,CSE,0.875,4,60-74%,Less than 3 hrs,Mostly just before exams,Almost nothing,7-8 hrs,Rarely,More than 15 hrs,Sometimes,Neither good nor bad,Some support,Difficult to manage,Neutral,Close to what I wanted,Somewhat,0.312,0.583,0.5,0.583,0.0,-0.5,0.5,C0_below_3_20,C1_3_20_to_3_49
KUET,CSE,0.875,4,75-89%,7-10 hrs,Occasionally when necessary,About half,6-7 hrs,Often,11-15 hrs,Rarely,Mostly suitable,Strong support,Average,Satisfied,"Yes, exactly what I wanted",Somewhat,0.5,0.417,0.875,0.75,0.25,0.25,0.5,C1_3_20_to_3_49,C2_3_50_to_3_74
KUET,CSE,0.875,4,75-89%,7-10 hrs,Occasionally when necessary,About half,7-8 hrs,Never,None,Rarely,Somewhat distracting,Good support,Mostly manageable,Satisfied,Close to what I wanted,Somewhat,0.5,0.833,0.5,0.667,0.25,0.25,-0.375,C1_3_20_to_3_49,C2_3_50_to_3_74
KUET,CSE,0.5,2,90% or more,7-10 hrs,Regularly but not every day,Most of it,7-8 hrs,Rarely,None,Never,Mostly suitable,Strong support,Average,Neutral,"Yes, exactly what I wanted",Mostly,0.75,0.667,0.875,0.75,0.375,0.5,-0.125,C2_3_50_to_3_74,C2_3_50_to_3_74
KUET,MSE,0.875,4,90% or more,7-10 hrs,Occasionally when necessary,A little,Less than 5 hrs,Often,None,Almost every day,Mostly suitable,Good support,Mostly manageable,Satisfied,Somewhat different,Mostly,0.375,0.333,0.75,0.667,0.125,-0.5,0.0,C3_3_75_plus,C3_3_75_plus
KUET,MSE,0.875,4,40-59%,3-6 hrs,Mostly just before exams,A little,Less than 5 hrs,Often,1-5 hrs,Almost every day,Neither good nor bad,Good support,Average,Dissatisfied,Not at all what I wanted,Slightly,0.188,0.25,0.625,0.167,0.062,-0.75,0.25,C2_3_50_to_3_74,C2_3_50_to_3_74
KUET,MSE,0.875,4,90% or more,7-10 hrs,Mostly consistent routine,Most of it,6-7 hrs,Often,6-10 hrs,Sometimes,Somewhat distracting,Very little support,Average,Satisfied,Mostly different,Slightly,0.688,0.417,0.25,0.417,0.375,0.0,0.375,C1_3_20_to_3_49,C1_3_20_to_3_49
KUET,MSE,0.875,4,60-74%,7-10 hrs,Mostly just before exams,Almost nothing,Less than 5 hrs,Almost always,1-5 hrs,Almost every day,Excellent for focused study,No support,Average,Dissatisfied,Close to what I wanted,Slightly,0.312,0.167,0.5,0.417,0.0,-0.5,0.375,C2_3_50_to_3_74,C2_3_50_to_3_74
KUET,CSE,0.375,2,75-89%,Less than 3 hrs,Occasionally when necessary,Most of it,5-6 hrs,Sometimes,6-10 hrs,Sometimes,Excellent for focused study,Some support,Completely unmanageable,Neutral,"Yes, exactly what I wanted",Somewhat,0.312,0.25,0.75,0.667,0.0,-0.5,0.5,C1_3_20_to_3_49,C1_3_20_to_3_49
KUET,CSE,0.375,2,90% or more,7-10 hrs,Regularly but not every day,A little,6-7 hrs,Sometimes,None,Sometimes,Neither good nor bad,No support,Average,Neutral,"Yes, exactly what I wanted",Not at all,0.625,0.5,0.25,0.5,0.125,0.0,0.0,C0_below_3_20,C0_below_3_20
KUET,CSE,0.375,2,75-89%,Less than 3 hrs,Occasionally when necessary,About half,5-6 hrs,Rarely,6-10 hrs,Almost every day,Somewhat distracting,Good support,Average,Satisfied,"Yes, exactly what I wanted",Somewhat,0.188,0.5,0.5,0.75,0.0,-1.0,0.125,C1_3_20_to_3_49,C1_3_20_to_3_49
KUET,CSE,0.375,2,90% or more,Less than 3 hrs,Mostly just before exams,Almost nothing,6-7 hrs,Never,1-5 hrs,Almost every day,Mostly suitable,Very little support,Average,Neutral,Not at all what I wanted,Not at all,0.312,0.667,0.5,0.167,0.0,-1.0,-0.125,C1_3_20_to_3_49,C1_3_20_to_3_49
KUET,CSE,0.375,2,75-89%,7-10 hrs,Mostly consistent routine,A little,5-6 hrs,Sometimes,6-10 hrs,Sometimes,Somewhat distracting,No support,Difficult to manage,Neutral,"Yes, exactly what I wanted",Not at all,0.625,0.333,0.125,0.5,0.125,0.0,0.375,C0_below_3_20,C0_below_3_20
KUET,CSE,0.375,2,90% or more,11-15 hrs,Regularly but not every day,About half,5-6 hrs,Sometimes,11-15 hrs,Sometimes,Neither good nor bad,Strong support,Average,Neutral,"Yes, exactly what I wanted",Mostly,0.688,0.417,0.75,0.75,0.375,0.25,0.375,C1_3_20_to_3_49,C1_3_20_to_3_49
KUET,CSE,0.125,1,90% or more,11-15 hrs,Regularly but not every day,Most of it,7-8 hrs,Sometimes,11-15 hrs,Rarely,Mostly suitable,Strong support,Mostly manageable,Satisfied,"Yes, exactly what I wanted",Mostly,0.75,0.667,0.875,0.833,0.562,0.5,0.25,C2_3_50_to_3_74,C2_3_50_to_3_74
KUET,CSE,0.125,1,90% or more,Less than 3 hrs,Occasionally when necessary,About half,6-7 hrs,Sometimes,More than 15 hrs,Sometimes,Mostly suitable,Good support,Average,Satisfied,"Yes, exactly what I wanted",Slightly,0.375,0.5,0.75,0.667,0.0,-0.5,0.5,C1_3_20_to_3_49,C1_3_20_to_3_49
KUET,CSE,0.125,1,75-89%,7-10 hrs,Mostly just before exams,About half,Less than 5 hrs,Often,6-10 hrs,Often,Neither good nor bad,Some support,Average,Neutral,"Yes, exactly what I wanted",Somewhat,0.438,0.25,0.5,0.667,0.25,-0.25,0.375,C2_3_50_to_3_74,C2_3_50_to_3_74
KUET,CSE,0.125,1,75-89%,3-6 hrs,Mostly just before exams,A little,Less than 5 hrs,Rarely,1-5 hrs,Sometimes,Very distracting,Some support,Average,Neutral,Close to what I wanted,Somewhat,0.438,0.417,0.25,0.583,0.062,-0.25,0.0,C0_below_3_20,C0_below_3_20
KUET,CSE,0.125,1,90% or more,7-10 hrs,Mostly just before exams,A little,5-6 hrs,Sometimes,1-5 hrs,Often,Mostly suitable,Some support,Average,Neutral,"Yes, exactly what I wanted",Somewhat,0.5,0.417,0.625,0.667,0.125,-0.25,0.125,C3_3_75_plus,C3_3_75_plus
KUET,CSE,0.125,1,75-89%,3-6 hrs,Regularly but not every day,About half,6-7 hrs,Often,1-5 hrs,Sometimes,Somewhat distracting,Some support,Mostly manageable,Neutral,Close to what I wanted,Mostly,0.5,0.5,0.375,0.667,0.125,-0.25,0.125,C1_3_20_to_3_49,C1_3_20_to_3_49
KUET,CSE,0.125,1,90% or more,3-6 hrs,Mostly consistent routine,A little,7-8 hrs,Often,11-15 hrs,Almost every day,Somewhat distracting,Good support,Average,Satisfied,"Yes, exactly what I wanted",Somewhat,0.5,0.5,0.5,0.75,0.062,-0.75,0.5,C3_3_75_plus,C3_3_75_plus
KUET,CSE,0.375,2,60-74%,3-6 hrs,Regularly but not every day,About half,5-6 hrs,Often,1-5 hrs,Sometimes,Mostly suitable,Strong support,Mostly manageable,Satisfied,"Yes, exactly what I wanted",Mostly,0.438,0.417,0.875,0.833,0.125,-0.25,0.125,C0_below_3_20,C0_below_3_20
KUET,CSE,0.375,2,60-74%,7-10 hrs,Occasionally when necessary,A little,6-7 hrs,Often,6-10 hrs,Often,Excellent for focused study,No support,Completely unmanageable,Satisfied,"Yes, exactly what I wanted",Mostly,0.312,0.25,0.5,0.833,0.125,-0.25,0.625,C0_below_3_20,C0_below_3_20
KUET,CSE,0.875,4,90% or more,3-6 hrs,Mostly just before exams,Most of it,5-6 hrs,Often,1-5 hrs,Sometimes,Mostly suitable,Good support,Difficult to manage,Satisfied,"Yes, exactly what I wanted",Completely,0.5,0.25,0.75,0.917,0.188,-0.25,0.375,C2_3_50_to_3_74,C2_3_50_to_3_74
KUET,CSE,0.875,4,75-89%,3-6 hrs,Occasionally when necessary,About half,7-8 hrs,Often,None,Sometimes,Somewhat distracting,Some support,Difficult to manage,Neutral,Close to what I wanted,Somewhat,0.375,0.417,0.375,0.583,0.125,-0.25,0.25,C0_below_3_20,C0_below_3_20
KUET,CSE,0.375,2,75-89%,11-15 hrs,Mostly just before exams,A little,5-6 hrs,Rarely,6-10 hrs,Often,Neither good nor bad,Good support,Completely unmanageable,Satisfied,"Yes, exactly what I wanted",Somewhat,0.5,0.333,0.625,0.75,0.188,0.0,0.375,C1_3_20_to_3_49,C1_3_20_to_3_49
KUET,CSE,0.875,4,90% or more,3-6 hrs,Mostly just before exams,Almost nothing,7-8 hrs,Often,1-5 hrs,Sometimes,Mostly suitable,Good support,Completely unmanageable,Neutral,Close to what I wanted,Slightly,0.5,0.333,0.75,0.5,0.0,-0.25,0.5,C1_3_20_to_3_49,C1_3_20_to_3_49
KUET,CSE,0.375,2,75-89%,3-6 hrs,Mostly just before exams,About half,5-6 hrs,Sometimes,1-5 hrs,Almost every day,Neither good nor bad,Good support,Average,Neutral,"Yes, exactly what I wanted",Slightly,0.312,0.417,0.625,0.583,0.125,-0.75,0.125,C2_3_50_to_3_74,C2_3_50_to_3_74
KUET,CSE,0.375,2,90% or more,3-6 hrs,Mostly just before exams,About half,6-7 hrs,Often,None,Often,Neither good nor bad,Good support,Mostly manageable,Satisfied,"Yes, exactly what I wanted",Somewhat,0.438,0.5,0.625,0.75,0.125,-0.5,0.0,C2_3_50_to_3_74,C2_3_50_to_3_74
KUET,Unknown,0.125,1,75-89%,7-10 hrs,Regularly but not every day,About half,6-7 hrs,Often,6-10 hrs,Sometimes,Mostly suitable,Some support,Average,Dissatisfied,Not at all what I wanted,Somewhat,0.562,0.417,0.625,0.25,0.25,0.0,0.375,C1_3_20_to_3_49,C1_3_20_to_3_49
KUET,CSE,0.125,1,60-74%,Less than 3 hrs,Mostly just before exams,Almost nothing,More than 8 hrs,Often,None,Almost every day,Mostly suitable,Very little support,Completely unmanageable,Dissatisfied,Close to what I wanted,Slightly,0.188,0.417,0.5,0.417,0.0,-1.0,0.375,C0_below_3_20,C0_below_3_20
KUET,CSE,0.375,2,40-59%,3-6 hrs,Occasionally when necessary,Almost nothing,7-8 hrs,Often,None,Often,Mostly suitable,No support,Completely unmanageable,Very dissatisfied,Not at all what I wanted,Not at all,0.188,0.333,0.375,0.0,0.0,-0.5,0.375,C1_3_20_to_3_49,C1_3_20_to_3_49
KUET,CSE,0.125,1,90% or more,Less than 3 hrs,Mostly just before exams,A little,5-6 hrs,Almost always,None,Sometimes,Neither good nor bad,Very little support,Average,Dissatisfied,Somewhat different,Not at all,0.438,0.25,0.375,0.25,0.0,-0.5,0.25,C2_3_50_to_3_74,C2_3_50_to_3_74
KUET,CSE,0.375,2,90% or more,7-10 hrs,Regularly but not every day,A little,5-6 hrs,Often,None,Often,Very distracting,Good support,Average,Neutral,Close to what I wanted,Slightly,0.562,0.333,0.375,0.5,0.125,-0.25,0.125,C3_3_75_plus,C3_3_75_plus
KUET,CSE,0.25,1,90% or more,7-10 hrs,Regularly but not every day,About half,Less than 5 hrs,Sometimes,1-5 hrs,Often,Somewhat distracting,Good support,Average,Neutral,"Yes, exactly what I wanted",Mostly,0.562,0.333,0.5,0.75,0.25,-0.25,0.125,C3_3_75_plus,C3_3_75_plus
KUET,CSE,0.125,1,90% or more,More than 15 hrs,Mostly consistent routine,A little,Less than 5 hrs,Often,None,Sometimes,Excellent for focused study,Some support,Average,Satisfied,"Yes, exactly what I wanted",Somewhat,0.812,0.25,0.75,0.75,0.25,0.5,0.125,C3_3_75_plus,C3_3_75_plus
KUET,MSE,0.875,4,75-89%,7-10 hrs,Mostly just before exams,About half,5-6 hrs,Sometimes,1-5 hrs,Often,Neither good nor bad,Some support,Average,Satisfied,Close to what I wanted,Slightly,0.438,0.417,0.5,0.583,0.25,-0.25,0.125,C1_3_20_to_3_49,C1_3_20_to_3_49
KUET,CSE,0.125,1,90% or more,3-6 hrs,Consistent throughout the semester,About half,6-7 hrs,Sometimes,None,Sometimes,Neither good nor bad,Good support,Average,Satisfied,"Yes, exactly what I wanted",Somewhat,0.688,0.5,0.625,0.75,0.125,-0.25,0.0,C3_3_75_plus,C3_3_75_plus
KUET,CSE,0.125,1,90% or more,3-6 hrs,Regularly but not every day,A little,5-6 hrs,Often,1-5 hrs,Sometimes,Neither good nor bad,Good support,Average,Neutral,"Yes, exactly what I wanted",Somewhat,0.562,0.333,0.625,0.667,0.062,-0.25,0.25,C1_3_20_to_3_49,C1_3_20_to_3_49
KUET,CSE,0.125,1,75-89%,7-10 hrs,Occasionally when necessary,About half,7-8 hrs,Often,1-5 hrs,Sometimes,Excellent for focused study,Strong support,Average,Very satisfied,"Yes, exactly what I wanted",Mostly,0.438,0.5,1.0,0.917,0.25,0.0,0.25,C1_3_20_to_3_49,C1_3_20_to_3_49
KUET,CSE,0.125,1,75-89%,11-15 hrs,Regularly but not every day,About half,7-8 hrs,Often,1-5 hrs,Often,Mostly suitable,Some support,Average,Satisfied,Close to what I wanted,Somewhat,0.562,0.5,0.625,0.667,0.375,0.0,0.25,C2_3_50_to_3_74,C2_3_50_to_3_74
KUET,CSE,0.125,1,90% or more,3-6 hrs,Consistent throughout the semester,A little,5-6 hrs,Never,None,Often,Neither good nor bad,Very little support,Average,Very satisfied,Somewhat different,Mostly,0.625,0.583,0.375,0.75,0.062,-0.5,-0.25,C0_below_3_20,C0_below_3_20
KUET,CSE,0.875,4,75-89%,3-6 hrs,Occasionally when necessary,About half,More than 8 hrs,Rarely,1-5 hrs,Sometimes,Mostly suitable,Good support,Completely unmanageable,Very dissatisfied,Somewhat different,Completely,0.375,0.583,0.75,0.5,0.125,-0.25,0.25,C2_3_50_to_3_74,C2_3_50_to_3_74
KUET,CSE,0.125,1,75-89%,More than 15 hrs,Regularly but not every day,About half,5-6 hrs,Often,1-5 hrs,Almost every day,Mostly suitable,Good support,Mostly manageable,Satisfied,"Yes, exactly what I wanted",Somewhat,0.562,0.417,0.75,0.75,0.5,0.0,0.125,C2_3_50_to_3_74,C2_3_50_to_3_74
KUET,CSE,0.125,1,90% or more,11-15 hrs,Mostly consistent routine,About half,5-6 hrs,Often,1-5 hrs,Sometimes,Mostly suitable,Good support,Average,Satisfied,"Yes, exactly what I wanted",Somewhat,0.75,0.333,0.75,0.75,0.375,0.25,0.25,C2_3_50_to_3_74,C3_3_75_plus
KUET,ME,0.875,4,60-74%,7-10 hrs,Mostly consistent routine,Almost nothing,Less than 5 hrs,Rarely,More than 15 hrs,Often,Mostly suitable,Good support,Mostly manageable,Neutral,"Yes, exactly what I wanted",Completely,0.5,0.5,0.75,0.833,0.0,-0.25,0.25,C0_below_3_20,C2_3_50_to_3_74
KUET,CSE,0.125,1,75-89%,11-15 hrs,Regularly but not every day,A little,Less than 5 hrs,Often,None,Almost every day,Neither good nor bad,Strong support,Completely unmanageable,Dissatisfied,"Yes, exactly what I wanted",Not at all,0.5,0.083,0.75,0.417,0.188,-0.25,0.375,C3_3_75_plus,C3_3_75_plus
KUET,CSE,0.125,1,90% or more,11-15 hrs,Occasionally when necessary,A little,6-7 hrs,Often,6-10 hrs,Sometimes,Mostly suitable,Good support,Average,Satisfied,Close to what I wanted,Mostly,0.562,0.417,0.75,0.75,0.188,0.25,0.375,C1_3_20_to_3_49,C2_3_50_to_3_74
KUET,CE,0.875,4,60-74%,11-15 hrs,Mostly just before exams,Almost nothing,More than 8 hrs,Often,6-10 hrs,Never,Excellent for focused study,Strong support,Very healthy and balanced,Very dissatisfied,"Yes, exactly what I wanted",Completely,0.625,0.75,1.0,0.667,0.0,0.75,0.125,C2_3_50_to_3_74,C3_3_75_plus
KUET,CSE,0.125,1,90% or more,3-6 hrs,Regularly but not every day,Most of it,6-7 hrs,Almost always,1-5 hrs,Almost every day,Somewhat distracting,Good support,Completely unmanageable,Neutral,Somewhat different,Mostly,0.438,0.167,0.5,0.583,0.188,-0.75,0.625,C2_3_50_to_3_74,C2_3_50_to_3_74
KUET,TE,0.875,4,60-74%,3-6 hrs,Occasionally when necessary,Almost nothing,More than 8 hrs,Almost always,11-15 hrs,Often,Excellent for focused study,Strong support,Average,Very dissatisfied,Mostly different,Completely,0.25,0.5,1.0,0.417,0.0,-0.5,0.625,C3_3_75_plus,C2_3_50_to_3_74
KUET,CSE,0.875,4,75-89%,3-6 hrs,Mostly just before exams,Almost nothing,5-6 hrs,Rarely,1-5 hrs,Rarely,Somewhat distracting,No support,Completely unmanageable,Neutral,Somewhat different,Somewhat,0.5,0.333,0.125,0.5,0.0,0.0,0.25,C2_3_50_to_3_74,C0_below_3_20
KUET,CSE,0.125,1,90% or more,7-10 hrs,Consistent throughout the semester,Most of it,5-6 hrs,Sometimes,None,Often,Excellent for focused study,Good support,Average,Very satisfied,"Yes, exactly what I wanted",Mostly,0.688,0.417,0.875,0.917,0.375,-0.25,0.0,C2_3_50_to_3_74,C2_3_50_to_3_74
KUET,CSE,0.125,1,90% or more,7-10 hrs,Occasionally when necessary,A little,5-6 hrs,Often,More than 15 hrs,Sometimes,Mostly suitable,No support,Difficult to manage,Dissatisfied,"Yes, exactly what I wanted",Somewhat,0.5,0.25,0.375,0.583,0.125,0.0,0.75,C3_3_75_plus,C3_3_75_plus
KUET,CSE,0.125,1,60-74%,Less than 3 hrs,Occasionally when necessary,Almost nothing,6-7 hrs,Sometimes,None,Almost every day,Mostly suitable,Some support,Difficult to manage,Neutral,"Yes, exactly what I wanted",Somewhat,0.125,0.417,0.625,0.667,0.0,-1.0,0.125,C3_3_75_plus,C3_3_75_plus
KUET,IEM,0.875,4,90% or more,7-10 hrs,Consistent throughout the semester,Almost nothing,7-8 hrs,Sometimes,6-10 hrs,Almost every day,Somewhat distracting,Good support,Difficult to manage,Very dissatisfied,Somewhat different,Somewhat,0.625,0.5,0.5,0.333,0.0,-0.5,0.375,C1_3_20_to_3_49,C2_3_50_to_3_74
KUET,ME,0.875,4,90% or more,11-15 hrs,Mostly just before exams,Almost everything,More than 8 hrs,Rarely,6-10 hrs,Never,Excellent for focused study,Good support,Average,Very dissatisfied,"Yes, exactly what I wanted",Somewhat,0.75,0.75,0.875,0.5,0.75,0.75,0.125,C2_3_50_to_3_74,C0_below_3_20
KUET,CSE,0.125,1,90% or more,7-10 hrs,Occasionally when necessary,Most of it,5-6 hrs,Sometimes,1-5 hrs,Almost every day,Mostly suitable,Some support,Mostly manageable,Satisfied,"Yes, exactly what I wanted",Mostly,0.375,0.5,0.625,0.833,0.375,-0.5,0.0,C3_3_75_plus,C3_3_75_plus
KUET,IEM,0.875,4,75-89%,3-6 hrs,Occasionally when necessary,About half,7-8 hrs,Sometimes,None,Never,Neither good nor bad,No support,Average,Very dissatisfied,Not at all what I wanted,Not at all,0.5,0.583,0.25,0.0,0.125,0.25,0.0,C1_3_20_to_3_49,C1_3_20_to_3_49
KUET,ChE,0.875,4,75-89%,11-15 hrs,Regularly but not every day,Almost nothing,6-7 hrs,Rarely,1-5 hrs,Sometimes,Somewhat distracting,Good support,Very healthy and balanced,Very dissatisfied,Somewhat different,Slightly,0.625,0.75,0.5,0.25,0.0,0.25,-0.25,C2_3_50_to_3_74,C3_3_75_plus
KUET,ME,0.875,4,75-89%,7-10 hrs,Mostly consistent routine,Most of it,5-6 hrs,Never,1-5 hrs,Never,Very distracting,No support,Difficult to manage,Neutral,Mostly different,Completely,0.75,0.5,0.0,0.583,0.375,0.5,0.0,C2_3_50_to_3_74,C2_3_50_to_3_74
KUET,CSE,0.875,4,60-74%,More than 15 hrs,Mostly just before exams,Almost nothing,More than 8 hrs,Never,6-10 hrs,Almost every day,Very distracting,No support,Average,Very dissatisfied,Mostly different,Mostly,0.438,0.833,0.0,0.333,0.0,0.0,0.0,C2_3_50_to_3_74,C1_3_20_to_3_49
KUET,TE,0.875,4,90% or more,More than 15 hrs,Occasionally when necessary,Almost nothing,7-8 hrs,Rarely,1-5 hrs,Rarely,Very distracting,Strong support,Completely unmanageable,Very satisfied,Mostly different,Slightly,0.688,0.5,0.5,0.5,0.0,0.75,0.25,C1_3_20_to_3_49,C2_3_50_to_3_74
KUET,CE,0.875,4,75-89%,7-10 hrs,Mostly consistent routine,About half,More than 8 hrs,Rarely,More than 15 hrs,Rarely,Mostly suitable,Very little support,Completely unmanageable,Very dissatisfied,Not at all what I wanted,Completely,0.688,0.583,0.5,0.333,0.25,0.25,0.625,C0_below_3_20,C0_below_3_20
KUET,CSE,0.875,4,60-74%,Less than 3 hrs,Mostly just before exams,Almost everything,7-8 hrs,Sometimes,1-5 hrs,Sometimes,Excellent for focused study,Strong support,Average,Very dissatisfied,Close to what I wanted,Not at all,0.312,0.583,1.0,0.25,0.0,-0.5,0.125,C0_below_3_20,C2_3_50_to_3_74
KUET,CSE,0.125,1,75-89%,11-15 hrs,Consistent throughout the semester,About half,5-6 hrs,Sometimes,None,Sometimes,Mostly suitable,Some support,Average,Satisfied,Close to what I wanted,Mostly,0.75,0.417,0.625,0.75,0.375,0.25,0.0,C2_3_50_to_3_74,C2_3_50_to_3_74
KUET,BME,0.875,4,60-74%,7-10 hrs,Occasionally when necessary,Almost nothing,5-6 hrs,Often,More than 15 hrs,Sometimes,Excellent for focused study,Good support,Average,Neutral,Mostly different,Mostly,0.375,0.333,0.875,0.5,0.0,0.0,0.625,C0_below_3_20,C2_3_50_to_3_74
KUET,CSE,0.875,4,75-89%,Less than 3 hrs,Occasionally when necessary,Almost nothing,More than 8 hrs,Rarely,1-5 hrs,Often,Very distracting,Good support,Average,Very satisfied,Not at all what I wanted,Somewhat,0.25,0.75,0.375,0.5,0.0,-0.75,0.0,C2_3_50_to_3_74,C0_below_3_20
KUET,BME,0.875,4,90% or more,7-10 hrs,Regularly but not every day,Most of it,5-6 hrs,Sometimes,More than 15 hrs,Sometimes,Somewhat distracting,Some support,Average,Very dissatisfied,Mostly different,Completely,0.625,0.417,0.375,0.417,0.375,0.0,0.5,C1_3_20_to_3_49,C1_3_20_to_3_49
KUET,ChE,0.875,4,90% or more,Less than 3 hrs,Occasionally when necessary,About half,5-6 hrs,Rarely,None,Rarely,Mostly suitable,Very little support,Very healthy and balanced,Very satisfied,Not at all what I wanted,Completely,0.438,0.667,0.5,0.667,0.0,-0.25,-0.375,C3_3_75_plus,C2_3_50_to_3_74
KUET,CSE,0.125,1,60-74%,7-10 hrs,Mostly just before exams,Almost nothing,6-7 hrs,Sometimes,1-5 hrs,Almost every day,Mostly suitable,Strong support,Difficult to manage,Satisfied,"Yes, exactly what I wanted",Somewhat,0.312,0.417,0.875,0.75,0.0,-0.5,0.25,C1_3_20_to_3_49,C1_3_20_to_3_49
KUET,CE,0.875,4,60-74%,Less than 3 hrs,Consistent throughout the semester,About half,More than 8 hrs,Almost always,More than 15 hrs,Almost every day,Very distracting,Good support,Completely unmanageable,Very dissatisfied,Close to what I wanted,Somewhat,0.375,0.333,0.375,0.417,0.0,-1.0,1.0,C3_3_75_plus,C2_3_50_to_3_74
KUET,IEM,0.875,4,60-74%,11-15 hrs,Mostly consistent routine,Almost nothing,6-7 hrs,Often,6-10 hrs,Rarely,Somewhat distracting,Some support,Average,Very dissatisfied,Not at all what I wanted,Completely,0.688,0.417,0.375,0.333,0.0,0.5,0.375,C1_3_20_to_3_49,C1_3_20_to_3_49
KUET,CSE,0.875,4,75-89%,3-6 hrs,Occasionally when necessary,Almost nothing,7-8 hrs,Never,More than 15 hrs,Sometimes,Neither good nor bad,Strong support,Difficult to manage,Very dissatisfied,Mostly different,Not at all,0.375,0.667,0.75,0.083,0.0,-0.25,0.375,C0_below_3_20,C3_3_75_plus
KUET,ME,0.875,4,90% or more,More than 15 hrs,Consistent throughout the semester,A little,5-6 hrs,Never,More than 15 hrs,Often,Neither good nor bad,Good support,Average,Very dissatisfied,Mostly different,Somewhat,0.812,0.583,0.625,0.25,0.25,0.25,0.25,C2_3_50_to_3_74,C1_3_20_to_3_49
KUET,TE,0.875,4,60-74%,Less than 3 hrs,Occasionally when necessary,Almost everything,6-7 hrs,Rarely,6-10 hrs,Never,Very distracting,Strong support,Average,Very dissatisfied,Close to what I wanted,Slightly,0.375,0.583,0.5,0.333,0.0,0.0,0.125,C2_3_50_to_3_74,C0_below_3_20
KUET,IEM,0.875,4,60-74%,More than 15 hrs,Regularly but not every day,Almost nothing,6-7 hrs,Rarely,6-10 hrs,Rarely,Very distracting,Strong support,Very healthy and balanced,Very dissatisfied,"Yes, exactly what I wanted",Mostly,0.688,0.75,0.5,0.583,0.0,0.75,-0.125,C3_3_75_plus,C0_below_3_20
KUET,CSE,0.875,4,90% or more,11-15 hrs,Mostly just before exams,Almost nothing,6-7 hrs,Sometimes,11-15 hrs,Often,Mostly suitable,Some support,Average,Very dissatisfied,Somewhat different,Completely,0.562,0.5,0.625,0.5,0.0,0.0,0.375,C1_3_20_to_3_49,C0_below_3_20
KUET,CSE,0.375,2,75-89%,3-6 hrs,Occasionally when necessary,About half,Less than 5 hrs,Often,None,Often,Excellent for focused study,Very little support,Difficult to manage,Satisfied,"Yes, exactly what I wanted",Not at all,0.312,0.167,0.625,0.583,0.125,-0.5,0.25,C0_below_3_20,C0_below_3_20
KUET,Unknown,0.125,1,90% or more,3-6 hrs,Mostly just before exams,About half,7-8 hrs,Often,None,Sometimes,Neither good nor bad,Strong support,Average,Neutral,"Yes, exactly what I wanted",Slightly,0.5,0.5,0.75,0.583,0.125,-0.25,0.125,C1_3_20_to_3_49,C1_3_20_to_3_49
KUET,CSE,0.125,1,90% or more,7-10 hrs,Regularly but not every day,Almost nothing,5-6 hrs,Often,1-5 hrs,Sometimes,Mostly suitable,Good support,Average,Neutral,"Yes, exactly what I wanted",Somewhat,0.625,0.333,0.75,0.667,0.0,0.0,0.25,C1_3_20_to_3_49,C1_3_20_to_3_49
KUET,CSE,0.125,1,75-89%,More than 15 hrs,Mostly just before exams,About half,Less than 5 hrs,Almost always,6-10 hrs,Almost every day,Mostly suitable,Very little support,Difficult to manage,Neutral,"Yes, exactly what I wanted",Slightly,0.5,0.083,0.5,0.583,0.5,0.0,0.625,C2_3_50_to_3_74,C2_3_50_to_3_74
KUET,CSE,0.125,1,90% or more,Less than 3 hrs,Mostly just before exams,A little,Less than 5 hrs,Almost always,More than 15 hrs,Often,Mostly suitable,No support,Completely unmanageable,Neutral,"Yes, exactly what I wanted",Mostly,0.375,0.0,0.375,0.75,0.0,-0.75,1.0,C3_3_75_plus,C3_3_75_plus
KUET,CSE,0.25,1,75-89%,Less than 3 hrs,Mostly just before exams,Almost nothing,Less than 5 hrs,Almost always,11-15 hrs,Almost every day,Mostly suitable,No support,Completely unmanageable,Very dissatisfied,"Yes, exactly what I wanted",Somewhat,0.25,0.0,0.375,0.5,0.0,-1.0,0.875,C3_3_75_plus,C3_3_75_plus
KUET,CSE,0.125,1,75-89%,3-6 hrs,Mostly consistent routine,Most of it,Less than 5 hrs,Sometimes,1-5 hrs,Sometimes,Excellent for focused study,Good support,Average,Satisfied,"Yes, exactly what I wanted",Mostly,0.562,0.333,0.875,0.833,0.188,-0.25,0.125,C0_below_3_20,C0_below_3_20
KUET,CSE,0.125,1,75-89%,7-10 hrs,Regularly but not every day,Almost nothing,7-8 hrs,Sometimes,None,Almost every day,Mostly suitable,No support,Average,Satisfied,Not at all what I wanted,Somewhat,0.438,0.583,0.375,0.417,0.0,-0.5,0.0,C1_3_20_to_3_49,C1_3_20_to_3_49
KUET,CSE,0.125,1,60-74%,More than 15 hrs,Mostly just before exams,A little,5-6 hrs,Almost always,1-5 hrs,Sometimes,Mostly suitable,Very little support,Difficult to manage,Neutral,"Yes, exactly what I wanted",Not at all,0.562,0.167,0.5,0.5,0.25,0.5,0.5,C2_3_50_to_3_74,C2_3_50_to_3_74
KUET,CSE,0.125,1,90% or more,7-10 hrs,Regularly but not every day,Most of it,6-7 hrs,Sometimes,None,Rarely,Excellent for focused study,Strong support,Mostly manageable,Satisfied,"Yes, exactly what I wanted",Slightly,0.688,0.583,1.0,0.667,0.375,0.25,-0.125,C1_3_20_to_3_49,C1_3_20_to_3_49
KUET,Unknown,0.875,4,75-89%,7-10 hrs,Occasionally when necessary,About half,5-6 hrs,Rarely,11-15 hrs,Never,Excellent for focused study,No support,Mostly manageable,Very satisfied,"Yes, exactly what I wanted",Completely,0.562,0.583,0.5,1.0,0.25,0.5,0.125,C3_3_75_plus,C2_3_50_to_3_74
KUET,CSE,0.125,1,90% or more,Less than 3 hrs,Regularly but not every day,About half,6-7 hrs,Rarely,1-5 hrs,Often,Somewhat distracting,Very little support,Difficult to manage,Satisfied,"Yes, exactly what I wanted",Mostly,0.438,0.5,0.25,0.833,0.0,-0.75,0.125,C1_3_20_to_3_49,C1_3_20_to_3_49
KUET,CSE,0.125,1,75-89%,Less than 3 hrs,Mostly just before exams,About half,6-7 hrs,Sometimes,11-15 hrs,Almost every day,Mostly suitable,Strong support,Completely unmanageable,Satisfied,Mostly different,Somewhat,0.25,0.333,0.875,0.5,0.0,-1.0,0.625,C0_below_3_20,C0_below_3_20
KUET,CSE,0.875,4,75-89%,3-6 hrs,Occasionally when necessary,About half,5-6 hrs,Rarely,1-5 hrs,Often,Neither good nor bad,Good support,Difficult to manage,Satisfied,"Yes, exactly what I wanted",Mostly,0.312,0.417,0.625,0.833,0.125,-0.5,0.125,C2_3_50_to_3_74,C1_3_20_to_3_49
KUET,CSE,0.625,3,90% or more,11-15 hrs,Regularly but not every day,Most of it,6-7 hrs,Rarely,6-10 hrs,Rarely,Neither good nor bad,Good support,Average,Satisfied,"Yes, exactly what I wanted",Mostly,0.75,0.583,0.625,0.833,0.562,0.5,0.125,C3_3_75_plus,C2_3_50_to_3_74
KUET,CSE,0.875,4,60-74%,3-6 hrs,Mostly just before exams,About half,5-6 hrs,Sometimes,6-10 hrs,Often,Mostly suitable,Very little support,Difficult to manage,Neutral,"Yes, exactly what I wanted",Slightly,0.312,0.333,0.5,0.583,0.125,-0.5,0.375,C0_below_3_20,C0_below_3_20
KUET,CSE,0.125,1,90% or more,3-6 hrs,Regularly but not every day,Almost nothing,6-7 hrs,Sometimes,None,Often,Neither good nor bad,Some support,Average,Very dissatisfied,"Yes, exactly what I wanted",Slightly,0.5,0.5,0.5,0.417,0.0,-0.5,0.0,C2_3_50_to_3_74,C2_3_50_to_3_74
KUET,EEE,0.375,2,90% or more,More than 15 hrs,Mostly consistent routine,Most of it,7-8 hrs,Sometimes,1-5 hrs,Rarely,Mostly suitable,Good support,Mostly manageable,Very satisfied,"Yes, exactly what I wanted",Completely,0.875,0.667,0.75,1.0,0.75,0.75,0.0,C3_3_75_plus,C3_3_75_plus
KUET,EEE,0.625,3,60-74%,3-6 hrs,Occasionally when necessary,Most of it,Less than 5 hrs,Never,6-10 hrs,Sometimes,Neither good nor bad,Some support,Average,Neutral,Close to what I wanted,Somewhat,0.312,0.5,0.5,0.583,0.188,-0.25,0.0,C3_3_75_plus,C2_3_50_to_3_74
KUET,CSE,0.25,1,90% or more,7-10 hrs,Regularly but not every day,About half,7-8 hrs,Never,None,Sometimes,Mostly suitable,Some support,Average,Neutral,Somewhat different,Somewhat,0.625,0.75,0.625,0.5,0.25,0.0,-0.25,C1_3_20_to_3_49,C1_3_20_to_3_49
KUET,CSE,0.125,1,75-89%,3-6 hrs,Consistent throughout the semester,About half,5-6 hrs,Sometimes,1-5 hrs,Sometimes,Mostly suitable,Some support,Average,Satisfied,"Yes, exactly what I wanted",Somewhat,0.625,0.417,0.625,0.75,0.125,-0.25,0.125,C3_3_75_plus,C3_3_75_plus
KUET,CSE,0.125,1,90% or more,11-15 hrs,Mostly consistent routine,Most of it,5-6 hrs,Sometimes,1-5 hrs,Rarely,Mostly suitable,Strong support,Mostly manageable,Very satisfied,"Yes, exactly what I wanted",Mostly,0.812,0.5,0.875,0.917,0.562,0.5,0.0,C3_3_75_plus,C3_3_75_plus
KUET,CSE,0.875,4,75-89%,Less than 3 hrs,Mostly just before exams,A little,5-6 hrs,Almost always,1-5 hrs,Almost every day,Mostly suitable,Good support,Completely unmanageable,Satisfied,Close to what I wanted,Mostly,0.25,0.083,0.75,0.75,0.0,-1.0,0.625,C2_3_50_to_3_74,C2_3_50_to_3_74
KUET,CSE,0.5,2,60-74%,3-6 hrs,Mostly just before exams,Most of it,6-7 hrs,Rarely,6-10 hrs,Rarely,Neither good nor bad,Strong support,Mostly manageable,Satisfied,"Yes, exactly what I wanted",Completely,0.438,0.667,0.75,0.917,0.188,0.0,0.0,C3_3_75_plus,C2_3_50_to_3_74
KUET,CSE,0.625,3,60-74%,Less than 3 hrs,Mostly just before exams,About half,5-6 hrs,Often,None,Often,Somewhat distracting,Some support,Completely unmanageable,Neutral,Somewhat different,Slightly,0.25,0.167,0.375,0.417,0.0,-0.75,0.375,C1_3_20_to_3_49,C0_below_3_20
KUET,EEE,0.625,3,60-74%,Less than 3 hrs,Mostly just before exams,About half,7-8 hrs,Rarely,11-15 hrs,Almost every day,Neither good nor bad,Very little support,Difficult to manage,Neutral,Not at all what I wanted,Somewhat,0.188,0.583,0.375,0.333,0.0,-1.0,0.375,C0_below_3_20,C0_below_3_20
KUET,BME,0.625,3,60-74%,7-10 hrs,Regularly but not every day,About half,6-7 hrs,Sometimes,6-10 hrs,Sometimes,Neither good nor bad,Some support,Average,Neutral,Somewhat different,Somewhat,0.5,0.5,0.5,0.5,0.25,0.0,0.25,C1_3_20_to_3_49,C1_3_20_to_3_49
KUET,EEE,0.375,2,60-74%,7-10 hrs,Regularly but not every day,About half,6-7 hrs,Sometimes,6-10 hrs,Sometimes,Neither good nor bad,Some support,Average,Neutral,Somewhat different,Somewhat,0.5,0.5,0.5,0.5,0.25,0.0,0.25,C1_3_20_to_3_49,C1_3_20_to_3_49
KUET,CE,0.625,3,75-89%,7-10 hrs,Mostly consistent routine,Most of it,7-8 hrs,Rarely,11-15 hrs,Sometimes,Somewhat distracting,Some support,Average,Satisfied,Close to what I wanted,Mostly,0.625,0.667,0.375,0.75,0.375,0.0,0.25,C2_3_50_to_3_74,C1_3_20_to_3_49
KUET,IEM,0.25,1,90% or more,Less than 3 hrs,Occasionally when necessary,About half,Less than 5 hrs,Never,None,Sometimes,Mostly suitable,Good support,Mostly manageable,Satisfied,Somewhat different,Somewhat,0.375,0.583,0.75,0.583,0.0,-0.5,-0.375,C1_3_20_to_3_49,C1_3_20_to_3_49
KUET,TE,0.625,3,75-89%,7-10 hrs,Regularly but not every day,About half,5-6 hrs,Often,6-10 hrs,Sometimes,Mostly suitable,Some support,Average,Neutral,Not at all what I wanted,Slightly,0.562,0.333,0.625,0.25,0.25,0.0,0.375,C1_3_20_to_3_49,C1_3_20_to_3_49
KUET,EEE,0.5,2,90% or more,More than 15 hrs,Consistent throughout the semester,Almost everything,7-8 hrs,Rarely,None,Never,Excellent for focused study,Good support,Very healthy and balanced,Very satisfied,"Yes, exactly what I wanted",Completely,1.0,0.833,0.875,1.0,1.0,1.0,-0.375,C3_3_75_plus,C3_3_75_plus
KUET,MTE,0.375,2,60-74%,Less than 3 hrs,Mostly just before exams,Almost everything,6-7 hrs,Sometimes,6-10 hrs,Often,Neither good nor bad,Some support,Average,Neutral,Close to what I wanted,Somewhat,0.25,0.5,0.5,0.583,0.0,-0.75,0.25,C1_3_20_to_3_49,C1_3_20_to_3_49
KUET,EEE,0.375,2,90% or more,3-6 hrs,Mostly just before exams,Almost nothing,5-6 hrs,Often,None,Almost every day,Neither good nor bad,Good support,Completely unmanageable,Dissatisfied,Mostly different,Slightly,0.375,0.167,0.625,0.25,0.0,-0.75,0.375,C1_3_20_to_3_49,C1_3_20_to_3_49
KUET,EEE,0.375,2,90% or more,Less than 3 hrs,Regularly but not every day,Almost nothing,5-6 hrs,Rarely,None,Almost every day,Neither good nor bad,Some support,Average,Very dissatisfied,"Yes, exactly what I wanted",Mostly,0.375,0.5,0.5,0.583,0.0,-1.0,-0.125,C2_3_50_to_3_74,C2_3_50_to_3_74
KUET,EEE,0.375,2,75-89%,3-6 hrs,Mostly just before exams,About half,5-6 hrs,Sometimes,1-5 hrs,Almost every day,Mostly suitable,Some support,Average,Very satisfied,"Yes, exactly what I wanted",Slightly,0.312,0.417,0.625,0.75,0.125,-0.75,0.125,C3_3_75_plus,C3_3_75_plus
KUET,EEE,0.25,1,60-74%,Less than 3 hrs,Occasionally when necessary,A little,5-6 hrs,Sometimes,1-5 hrs,Sometimes,Somewhat distracting,Some support,Difficult to manage,Very dissatisfied,Not at all what I wanted,Not at all,0.25,0.333,0.375,0.0,0.0,-0.5,0.25,C2_3_50_to_3_74,C2_3_50_to_3_74
KUET,EEE,0.375,2,90% or more,More than 15 hrs,Occasionally when necessary,Almost nothing,7-8 hrs,Rarely,None,Almost every day,Mostly suitable,Some support,Average,Neutral,"Yes, exactly what I wanted",Somewhat,0.5,0.667,0.625,0.667,0.0,0.0,-0.125,C3_3_75_plus,C3_3_75_plus
KUET,EEE,0.375,2,90% or more,11-15 hrs,Consistent throughout the semester,Most of it,5-6 hrs,Rarely,6-10 hrs,Sometimes,Mostly suitable,Strong support,Mostly manageable,Very satisfied,Close to what I wanted,Mostly,0.812,0.583,0.875,0.833,0.562,0.25,0.0,C3_3_75_plus,C3_3_75_plus
KUET,EEE,0.25,1,90% or more,More than 15 hrs,Mostly consistent routine,Most of it,5-6 hrs,Sometimes,11-15 hrs,Sometimes,Neither good nor bad,Some support,Mostly manageable,Satisfied,"Yes, exactly what I wanted",Mostly,0.812,0.5,0.5,0.833,0.75,0.5,0.25,C3_3_75_plus,C3_3_75_plus
KUET,EEE,0.375,2,40-59%,Less than 3 hrs,Mostly just before exams,Almost nothing,7-8 hrs,Sometimes,None,Almost every day,Mostly suitable,Good support,Completely unmanageable,Dissatisfied,"Yes, exactly what I wanted",Somewhat,0.125,0.417,0.75,0.583,0.0,-1.0,0.25,C3_3_75_plus,C3_3_75_plus
KUET,EEE,0.375,2,75-89%,11-15 hrs,Mostly just before exams,Almost nothing,6-7 hrs,Almost always,None,Almost every day,Neither good nor bad,Very little support,Difficult to manage,Satisfied,"Yes, exactly what I wanted",Slightly,0.438,0.25,0.375,0.667,0.0,-0.25,0.375,C3_3_75_plus,C3_3_75_plus
KUET,ChE,0.875,4,90% or more,11-15 hrs,Regularly but not every day,Almost everything,5-6 hrs,Rarely,6-10 hrs,Rarely,Mostly suitable,Good support,Average,Neutral,Somewhat different,Mostly,0.75,0.5,0.75,0.583,0.75,0.5,0.125,C2_3_50_to_3_74,C2_3_50_to_3_74
KUET,EEE,0.375,2,90% or more,3-6 hrs,Regularly but not every day,About half,6-7 hrs,Rarely,None,Often,Mostly suitable,Good support,Mostly manageable,Very satisfied,"Yes, exactly what I wanted",Mostly,0.5,0.667,0.75,0.917,0.125,-0.5,-0.25,C2_3_50_to_3_74,C2_3_50_to_3_74
KUET,EEE,0.375,2,90% or more,3-6 hrs,Mostly just before exams,About half,6-7 hrs,Rarely,None,Often,Mostly suitable,Some support,Average,Satisfied,"Yes, exactly what I wanted",Somewhat,0.438,0.583,0.625,0.75,0.125,-0.5,-0.125,C2_3_50_to_3_74,C2_3_50_to_3_74
KUET,EEE,0.375,2,90% or more,11-15 hrs,Regularly but not every day,A little,5-6 hrs,Sometimes,None,Almost every day,Excellent for focused study,Good support,Difficult to manage,Satisfied,"Yes, exactly what I wanted",Mostly,0.562,0.333,0.875,0.833,0.188,-0.25,0.125,C3_3_75_plus,C3_3_75_plus
KUET,ChE,0.875,4,75-89%,More than 15 hrs,Mostly consistent routine,About half,6-7 hrs,Rarely,6-10 hrs,Often,Mostly suitable,Some support,Mostly manageable,Neutral,Close to what I wanted,Somewhat,0.688,0.667,0.625,0.583,0.5,0.25,0.0,C1_3_20_to_3_49,C2_3_50_to_3_74
KUET,ME,0.875,4,90% or more,More than 15 hrs,Consistent throughout the semester,About half,5-6 hrs,Rarely,6-10 hrs,Sometimes,Neither good nor bad,Good support,Average,Satisfied,"Yes, exactly what I wanted",Mostly,0.875,0.5,0.625,0.833,0.5,0.5,0.125,C2_3_50_to_3_74,C2_3_50_to_3_74
KUET,CSE,0.5,2,40-59%,Less than 3 hrs,Mostly just before exams,A little,More than 8 hrs,Often,1-5 hrs,Often,Neither good nor bad,Some support,Difficult to manage,Satisfied,"Yes, exactly what I wanted",Somewhat,0.188,0.5,0.5,0.75,0.0,-0.75,0.375,C0_below_3_20,C0_below_3_20
KUET,ME,0.875,4,90% or more,More than 15 hrs,Consistent throughout the semester,Most of it,6-7 hrs,Rarely,6-10 hrs,Sometimes,Mostly suitable,Some support,Mostly manageable,Satisfied,"Yes, exactly what I wanted",Mostly,0.875,0.667,0.625,0.833,0.75,0.5,0.0,C3_3_75_plus,C2_3_50_to_3_74
KUET,CSE,0.875,4,90% or more,7-10 hrs,Mostly just before exams,Most of it,Less than 5 hrs,Often,1-5 hrs,Almost every day,Mostly suitable,Some support,Difficult to manage,Neutral,"Yes, exactly what I wanted",Not at all,0.438,0.167,0.625,0.5,0.375,-0.5,0.375,C1_3_20_to_3_49,C0_below_3_20
KUET,ME,0.875,4,90% or more,11-15 hrs,Occasionally when necessary,A little,6-7 hrs,Rarely,6-10 hrs,Sometimes,Mostly suitable,Good support,Average,Neutral,"Yes, exactly what I wanted",Slightly,0.562,0.583,0.75,0.583,0.188,0.25,0.125,C2_3_50_to_3_74,C1_3_20_to_3_49
KUET,EEE,0.375,2,90% or more,Less than 3 hrs,Mostly just before exams,Almost nothing,6-7 hrs,Almost always,None,Almost every day,Excellent for focused study,No support,Completely unmanageable,Neutral,"Yes, exactly what I wanted",Somewhat,0.312,0.167,0.5,0.667,0.0,-1.0,0.5,C2_3_50_to_3_74,C2_3_50_to_3_74
KUET,EEE,0.375,2,75-89%,Less than 3 hrs,Mostly just before exams,Almost nothing,5-6 hrs,Often,11-15 hrs,Often,Somewhat distracting,Very little support,Difficult to manage,Very dissatisfied,"Yes, exactly what I wanted",Not at all,0.312,0.25,0.25,0.333,0.0,-0.75,0.625,C2_3_50_to_3_74,C2_3_50_to_3_74
KUET,EEE,0.375,2,90% or more,More than 15 hrs,Regularly but not every day,A little,More than 8 hrs,Sometimes,1-5 hrs,Sometimes,Neither good nor bad,No support,Mostly manageable,Dissatisfied,Not at all what I wanted,Somewhat,0.75,0.75,0.25,0.25,0.25,0.5,0.0,C3_3_75_plus,C3_3_75_plus
KUET,IEM,0.875,4,75-89%,3-6 hrs,Mostly just before exams,Almost nothing,5-6 hrs,Sometimes,More than 15 hrs,Often,Neither good nor bad,Very little support,Average,Satisfied,Close to what I wanted,Somewhat,0.375,0.417,0.375,0.667,0.0,-0.5,0.5,C1_3_20_to_3_49,C2_3_50_to_3_74
KUET,IEM,0.875,4,75-89%,3-6 hrs,Mostly just before exams,A little,5-6 hrs,Sometimes,1-5 hrs,Rarely,Somewhat distracting,Good support,Mostly manageable,Very dissatisfied,Close to what I wanted,Somewhat,0.5,0.5,0.5,0.417,0.062,0.0,0.0,C1_3_20_to_3_49,C1_3_20_to_3_49
KUET,IEM,0.875,4,90% or more,Less than 3 hrs,Mostly just before exams,Almost nothing,5-6 hrs,Often,1-5 hrs,Almost every day,Somewhat distracting,Good support,Difficult to manage,Neutral,Somewhat different,Slightly,0.312,0.25,0.5,0.417,0.0,-1.0,0.375,C2_3_50_to_3_74,C1_3_20_to_3_49
KUET,IEM,0.5,2,90% or more,3-6 hrs,Occasionally when necessary,A little,5-6 hrs,Rarely,None,Sometimes,Neither good nor bad,Strong support,Average,Satisfied,Close to what I wanted,Completely,0.438,0.5,0.75,0.833,0.062,-0.25,-0.125,C3_3_75_plus,C1_3_20_to_3_49
KUET,CSE,0.625,3,75-89%,11-15 hrs,Regularly but not every day,About half,Less than 5 hrs,Often,11-15 hrs,Sometimes,Neither good nor bad,Good support,Average,Satisfied,"Yes, exactly what I wanted",Mostly,0.625,0.25,0.625,0.833,0.375,0.25,0.5,C1_3_20_to_3_49,C1_3_20_to_3_49
KUET,EEE,0.625,3,75-89%,11-15 hrs,Regularly but not every day,About half,5-6 hrs,Sometimes,6-10 hrs,Sometimes,Neither good nor bad,Good support,Mostly manageable,Satisfied,"Yes, exactly what I wanted",Mostly,0.625,0.5,0.625,0.833,0.375,0.25,0.125,C1_3_20_to_3_49,C1_3_20_to_3_49
KUET,CSE,0.75,3,60-74%,3-6 hrs,Occasionally when necessary,A little,Less than 5 hrs,Often,1-5 hrs,Often,Neither good nor bad,Some support,Average,Neutral,Close to what I wanted,Somewhat,0.25,0.25,0.5,0.583,0.062,-0.5,0.25,C0_below_3_20,C0_below_3_20
KUET,ECE,0.5,2,90% or more,11-15 hrs,Mostly consistent routine,Most of it,6-7 hrs,Sometimes,6-10 hrs,Rarely,Mostly suitable,Good support,Mostly manageable,Satisfied,"Yes, exactly what I wanted",Mostly,0.812,0.583,0.75,0.833,0.562,0.5,0.125,C2_3_50_to_3_74,C2_3_50_to_3_74
KUET,MTE,0.625,3,90% or more,11-15 hrs,Mostly consistent routine,Most of it,6-7 hrs,Sometimes,6-10 hrs,Sometimes,Mostly suitable,Good support,Mostly manageable,Satisfied,Close to what I wanted,Mostly,0.75,0.583,0.75,0.75,0.562,0.25,0.125,C2_3_50_to_3_74,C2_3_50_to_3_74
KUET,IEM,0.875,4,75-89%,Less than 3 hrs,Mostly just before exams,Almost nothing,Less than 5 hrs,Almost always,1-5 hrs,Sometimes,Very distracting,No support,Difficult to manage,Very dissatisfied,Mostly different,Not at all,0.375,0.083,0.0,0.083,0.0,-0.5,0.5,C0_below_3_20,C0_below_3_20
KUET,ESE,0.75,3,75-89%,7-10 hrs,Regularly but not every day,About half,Less than 5 hrs,Often,6-10 hrs,Often,Neither good nor bad,Good support,Average,Satisfied,Somewhat different,Somewhat,0.5,0.25,0.625,0.583,0.25,-0.25,0.375,C1_3_20_to_3_49,C1_3_20_to_3_49
KUET,MTE,0.875,4,75-89%,11-15 hrs,Mostly consistent routine,Most of it,5-6 hrs,Sometimes,6-10 hrs,Sometimes,Neither good nor bad,Some support,Average,Satisfied,Close to what I wanted,Somewhat,0.688,0.417,0.5,0.667,0.562,0.25,0.25,C1_3_20_to_3_49,C1_3_20_to_3_49
KUET,ARCH,0.5,2,90% or more,More than 15 hrs,Mostly consistent routine,Most of it,7-8 hrs,Sometimes,1-5 hrs,Sometimes,Mostly suitable,Good support,Mostly manageable,Very satisfied,"Yes, exactly what I wanted",Mostly,0.812,0.667,0.75,0.917,0.75,0.5,0.0,C3_3_75_plus,C3_3_75_plus
KUET,CSE,0.5,2,90% or more,7-10 hrs,Occasionally when necessary,A little,5-6 hrs,Often,1-5 hrs,Sometimes,Neither good nor bad,Good support,Difficult to manage,Dissatisfied,"Yes, exactly what I wanted",Not at all,0.5,0.25,0.625,0.417,0.125,0.0,0.375,C0_below_3_20,C0_below_3_20
KUET,CSE,0.75,3,75-89%,7-10 hrs,Regularly but not every day,About half,6-7 hrs,Sometimes,None,Sometimes,Mostly suitable,Some support,Very healthy and balanced,Satisfied,"Yes, exactly what I wanted",Somewhat,0.562,0.667,0.625,0.75,0.25,0.0,-0.25,C1_3_20_to_3_49,C1_3_20_to_3_49
KUET,CSE,0.875,4,75-89%,7-10 hrs,Mostly consistent routine,Most of it,5-6 hrs,Sometimes,1-5 hrs,Sometimes,Neither good nor bad,Some support,Mostly manageable,Satisfied,Close to what I wanted,Mostly,0.625,0.5,0.5,0.75,0.375,0.0,0.0,C2_3_50_to_3_74,C1_3_20_to_3_49
KUET,EEE,0.375,2,90% or more,7-10 hrs,Mostly just before exams,Most of it,5-6 hrs,Never,None,Almost every day,Neither good nor bad,Strong support,Difficult to manage,Very satisfied,"Yes, exactly what I wanted",Mostly,0.438,0.5,0.75,0.917,0.375,-0.5,-0.125,C3_3_75_plus,C3_3_75_plus
KUET,CSE,0.5,2,40-59%,Less than 3 hrs,Mostly just before exams,Almost nothing,5-6 hrs,Almost always,None,Almost every day,Neither good nor bad,Very little support,Difficult to manage,Very dissatisfied,Somewhat different,Not at all,0.125,0.167,0.375,0.167,0.0,-1.0,0.375,C0_below_3_20,C0_below_3_20
KUET,CSE,0.375,2,90% or more,More than 15 hrs,Consistent throughout the semester,A little,7-8 hrs,Sometimes,None,Sometimes,Excellent for focused study,Strong support,Very healthy and balanced,Very dissatisfied,"Yes, exactly what I wanted",Not at all,0.875,0.75,1.0,0.333,0.25,0.5,-0.25,C2_3_50_to_3_74,C3_3_75_plus
KUET,EEE,0.625,3,75-89%,7-10 hrs,Regularly but not every day,About half,6-7 hrs,Sometimes,None,Sometimes,Mostly suitable,Some support,Very healthy and balanced,Neutral,"Yes, exactly what I wanted",Mostly,0.562,0.667,0.625,0.75,0.25,0.0,-0.25,C1_3_20_to_3_49,C1_3_20_to_3_49
KUET,ChE,0.875,4,75-89%,7-10 hrs,Occasionally when necessary,About half,7-8 hrs,Often,1-5 hrs,Sometimes,Mostly suitable,Good support,Average,Very satisfied,"Yes, exactly what I wanted",Mostly,0.438,0.5,0.75,0.917,0.25,0.0,0.25,C1_3_20_to_3_49,C1_3_20_to_3_49
KUET,EEE,0.375,2,90% or more,Less than 3 hrs,Occasionally when necessary,Most of it,5-6 hrs,Sometimes,None,Often,Somewhat distracting,Strong support,Average,Satisfied,Close to what I wanted,Somewhat,0.312,0.417,0.625,0.667,0.0,-0.75,0.0,C3_3_75_plus,C3_3_75_plus
KUET,EEE,0.375,2,90% or more,3-6 hrs,Mostly just before exams,Almost nothing,5-6 hrs,Almost always,None,Almost every day,Neither good nor bad,Strong support,Completely unmanageable,Neutral,"Yes, exactly what I wanted",Slightly,0.375,0.083,0.75,0.583,0.0,-0.75,0.5,C2_3_50_to_3_74,C2_3_50_to_3_74
KUET,BME,0.875,4,90% or more,7-10 hrs,Regularly but not every day,About half,6-7 hrs,Sometimes,None,Sometimes,Mostly suitable,Some support,Mostly manageable,Satisfied,Mostly different,Somewhat,0.625,0.583,0.625,0.5,0.25,0.0,-0.125,C2_3_50_to_3_74,C1_3_20_to_3_49
KUET,ESE,0.875,4,60-74%,7-10 hrs,Regularly but not every day,About half,6-7 hrs,Often,11-15 hrs,Sometimes,Neither good nor bad,Some support,Average,Neutral,Somewhat different,Somewhat,0.5,0.417,0.5,0.5,0.25,0.0,0.5,C1_3_20_to_3_49,C1_3_20_to_3_49
KUET,CSE,0.5,2,90% or more,3-6 hrs,Occasionally when necessary,About half,5-6 hrs,Often,1-5 hrs,Almost every day,Neither good nor bad,Some support,Difficult to manage,Satisfied,"Yes, exactly what I wanted",Somewhat,0.312,0.25,0.5,0.75,0.125,-0.75,0.375,C3_3_75_plus,C3_3_75_plus
KUET,EEE,0.375,2,90% or more,7-10 hrs,Mostly just before exams,About half,5-6 hrs,Rarely,None,Often,Somewhat distracting,Some support,Average,Neutral,"Yes, exactly what I wanted",Mostly,0.5,0.5,0.375,0.75,0.25,-0.25,-0.125,C0_below_3_20,C1_3_20_to_3_49
KUET,Unknown,0.875,4,90% or more,3-6 hrs,Mostly just before exams,A little,6-7 hrs,Sometimes,None,Sometimes,Mostly suitable,Strong support,Mostly manageable,Dissatisfied,Close to what I wanted,Mostly,0.5,0.583,0.875,0.583,0.062,-0.25,-0.125,C2_3_50_to_3_74,C0_below_3_20
KUET,ME,0.875,4,75-89%,More than 15 hrs,Regularly but not every day,About half,6-7 hrs,Rarely,None,Sometimes,Neither good nor bad,Very little support,Mostly manageable,Neutral,"Yes, exactly what I wanted",Slightly,0.688,0.667,0.375,0.583,0.5,0.5,-0.25,C3_3_75_plus,C1_3_20_to_3_49
KUET,ME,0.875,4,75-89%,7-10 hrs,Occasionally when necessary,A little,6-7 hrs,Sometimes,6-10 hrs,Sometimes,Mostly suitable,Good support,Average,Satisfied,"Yes, exactly what I wanted",Somewhat,0.438,0.5,0.75,0.75,0.125,0.0,0.25,C2_3_50_to_3_74,C1_3_20_to_3_49
KUET,EEE,0.375,2,90% or more,Less than 3 hrs,Occasionally when necessary,A little,5-6 hrs,Sometimes,1-5 hrs,Almost every day,Neither good nor bad,Good support,Average,Neutral,"Yes, exactly what I wanted",Somewhat,0.25,0.417,0.625,0.667,0.0,-1.0,0.125,C3_3_75_plus,C3_3_75_plus
KUET,EEE,0.375,2,90% or more,Less than 3 hrs,Mostly just before exams,A little,Less than 5 hrs,Almost always,None,Often,Neither good nor bad,Very little support,Completely unmanageable,Neutral,"Yes, exactly what I wanted",Not at all,0.375,0.0,0.375,0.5,0.0,-0.75,0.5,C1_3_20_to_3_49,C1_3_20_to_3_49
KUET,CSE,0.875,4,75-89%,Less than 3 hrs,Mostly just before exams,Almost nothing,6-7 hrs,Sometimes,None,Sometimes,Somewhat distracting,Strong support,Average,Satisfied,"Yes, exactly what I wanted",Mostly,0.375,0.5,0.625,0.833,0.0,-0.5,0.0,C1_3_20_to_3_49,C2_3_50_to_3_74
KUET,CSE,0.875,4,75-89%,3-6 hrs,Mostly just before exams,About half,6-7 hrs,Often,None,Sometimes,Neither good nor bad,Some support,Mostly manageable,Satisfied,"Yes, exactly what I wanted",Somewhat,0.438,0.5,0.5,0.75,0.125,-0.25,0.0,C2_3_50_to_3_74,C2_3_50_to_3_74
KUET,ME,0.875,4,75-89%,11-15 hrs,Occasionally when necessary,Most of it,5-6 hrs,Often,6-10 hrs,Sometimes,Mostly suitable,Some support,Average,Neutral,"Yes, exactly what I wanted",Somewhat,0.5,0.333,0.625,0.667,0.562,0.25,0.375,C2_3_50_to_3_74,C1_3_20_to_3_49
KUET,ME,0.875,4,90% or more,More than 15 hrs,Consistent throughout the semester,About half,5-6 hrs,Never,None,Sometimes,Mostly suitable,Strong support,Mostly manageable,Neutral,"Yes, exactly what I wanted",Somewhat,0.875,0.667,0.875,0.667,0.5,0.5,-0.375,C3_3_75_plus,C3_3_75_plus
KUET,ME,0.875,4,90% or more,More than 15 hrs,Regularly but not every day,Most of it,6-7 hrs,Rarely,6-10 hrs,Rarely,Neither good nor bad,Good support,Average,Neutral,"Yes, exactly what I wanted",Somewhat,0.812,0.583,0.625,0.667,0.75,0.75,0.125,C1_3_20_to_3_49,C2_3_50_to_3_74
KUET,ME,0.875,4,75-89%,More than 15 hrs,Regularly but not every day,About half,5-6 hrs,Often,None,Sometimes,Mostly suitable,Good support,Average,Dissatisfied,Somewhat different,Not at all,0.688,0.333,0.75,0.25,0.5,0.5,0.125,C1_3_20_to_3_49,C0_below_3_20
KUET,CSE,0.5,2,90% or more,3-6 hrs,Occasionally when necessary,About half,Less than 5 hrs,Sometimes,None,Sometimes,Mostly suitable,Good support,Average,Neutral,Close to what I wanted,Slightly,0.438,0.333,0.75,0.5,0.125,-0.25,0.0,C2_3_50_to_3_74,C2_3_50_to_3_74
KUET,CSE,0.5,2,60-74%,3-6 hrs,Mostly just before exams,About half,5-6 hrs,Sometimes,More than 15 hrs,Often,Neither good nor bad,Very little support,Average,Neutral,Somewhat different,Slightly,0.312,0.417,0.375,0.417,0.125,-0.5,0.5,C0_below_3_20,C0_below_3_20
KUET,Unknown,0.5,2,90% or more,3-6 hrs,Regularly but not every day,A little,5-6 hrs,Often,1-5 hrs,Sometimes,Mostly suitable,Some support,Difficult to manage,Neutral,Somewhat different,Somewhat,0.562,0.25,0.625,0.5,0.062,-0.25,0.375,C2_3_50_to_3_74,C2_3_50_to_3_74
KUET,CSE,0.5,2,75-89%,Less than 3 hrs,Mostly just before exams,A little,6-7 hrs,Rarely,None,Rarely,Neither good nor bad,Good support,Average,Neutral,Close to what I wanted,Somewhat,0.438,0.583,0.625,0.583,0.0,-0.25,-0.125,C3_3_75_plus,C2_3_50_to_3_74
KUET,CSE,0.5,2,90% or more,11-15 hrs,Regularly but not every day,About half,6-7 hrs,Sometimes,6-10 hrs,Often,Mostly suitable,Good support,Average,Satisfied,"Yes, exactly what I wanted",Completely,0.625,0.5,0.75,0.917,0.375,0.0,0.25,C2_3_50_to_3_74,C1_3_20_to_3_49
KUET,CSE,0.5,2,90% or more,7-10 hrs,Occasionally when necessary,A little,5-6 hrs,Often,1-5 hrs,Sometimes,Mostly suitable,Strong support,Difficult to manage,Neutral,"Yes, exactly what I wanted",Mostly,0.5,0.25,0.875,0.75,0.125,0.0,0.375,C3_3_75_plus,C3_3_75_plus
KUET,CSE,0.5,2,90% or more,3-6 hrs,Regularly but not every day,About half,7-8 hrs,Sometimes,1-5 hrs,Sometimes,Mostly suitable,Strong support,Average,Satisfied,"Yes, exactly what I wanted",Somewhat,0.562,0.583,0.875,0.75,0.125,-0.25,0.125,C3_3_75_plus,C3_3_75_plus
KUET,CSE,0.5,2,90% or more,7-10 hrs,Occasionally when necessary,A little,6-7 hrs,Sometimes,None,Sometimes,Somewhat distracting,Good support,Difficult to manage,Dissatisfied,Mostly different,Slightly,0.5,0.417,0.5,0.25,0.125,0.0,0.125,C3_3_75_plus,C3_3_75_plus
KUET,CSE,0.5,2,90% or more,More than 15 hrs,Regularly but not every day,Most of it,6-7 hrs,Often,1-5 hrs,Rarely,Excellent for focused study,Good support,Difficult to manage,Satisfied,"Yes, exactly what I wanted",Not at all,0.812,0.333,0.875,0.583,0.75,0.75,0.375,C3_3_75_plus,C3_3_75_plus
KUET,CSE,0.5,2,75-89%,7-10 hrs,Mostly just before exams,Most of it,5-6 hrs,Almost always,None,Often,Mostly suitable,Good support,Average,Neutral,Close to what I wanted,Somewhat,0.438,0.25,0.75,0.583,0.375,-0.25,0.25,C2_3_50_to_3_74,C2_3_50_to_3_74
KUET,CSE,0.5,2,60-74%,Less than 3 hrs,Occasionally when necessary,A little,5-6 hrs,Sometimes,None,Often,Mostly suitable,Some support,Difficult to manage,Satisfied,Close to what I wanted,Somewhat,0.188,0.333,0.625,0.667,0.0,-0.75,0.125,C1_3_20_to_3_49,C1_3_20_to_3_49
KUET,CSE,0.5,2,90% or more,3-6 hrs,Regularly but not every day,A little,6-7 hrs,Almost always,None,Almost every day,Neither good nor bad,Good support,Completely unmanageable,Neutral,Mostly different,Slightly,0.438,0.167,0.625,0.333,0.062,-0.75,0.5,C0_below_3_20,C0_below_3_20
KUET,CSE,0.5,2,75-89%,11-15 hrs,Regularly but not every day,About half,5-6 hrs,Often,1-5 hrs,Almost every day,Mostly suitable,Good support,Average,Neutral,Somewhat different,Mostly,0.5,0.333,0.75,0.583,0.375,-0.25,0.25,C3_3_75_plus,C3_3_75_plus
KUET,CSE,0.375,2,75-89%,11-15 hrs,Regularly but not every day,About half,Less than 5 hrs,Sometimes,None,Often,Neither good nor bad,Very little support,Difficult to manage,Neutral,Somewhat different,Slightly,0.562,0.25,0.375,0.417,0.375,0.0,0.125,C1_3_20_to_3_49,C1_3_20_to_3_49
KUET,ME,0.875,4,90% or more,11-15 hrs,Mostly consistent routine,About half,6-7 hrs,Almost always,None,Often,Neither good nor bad,Some support,Difficult to manage,Neutral,Not at all what I wanted,Somewhat,0.688,0.25,0.5,0.333,0.375,0.0,0.375,C2_3_50_to_3_74,C2_3_50_to_3_74
KUET,CSE,0.5,2,90% or more,3-6 hrs,Occasionally when necessary,A little,5-6 hrs,Sometimes,1-5 hrs,Sometimes,Excellent for focused study,Good support,Difficult to manage,Dissatisfied,"Yes, exactly what I wanted",Not at all,0.438,0.333,0.875,0.417,0.062,-0.25,0.25,C3_3_75_plus,C3_3_75_plus
KUET,EEE,0.375,2,75-89%,3-6 hrs,Mostly just before exams,A little,Less than 5 hrs,Often,1-5 hrs,Often,Neither good nor bad,Very little support,Difficult to manage,Neutral,"Yes, exactly what I wanted",Somewhat,0.375,0.167,0.375,0.667,0.062,-0.5,0.375,C3_3_75_plus,C3_3_75_plus
KUET,ME,0.875,4,75-89%,11-15 hrs,Regularly but not every day,Almost nothing,6-7 hrs,Rarely,None,Often,Mostly suitable,Very little support,Very healthy and balanced,Satisfied,"Yes, exactly what I wanted",Mostly,0.562,0.75,0.5,0.833,0.0,0.0,-0.375,C3_3_75_plus,C2_3_50_to_3_74
KUET,CSE,0.25,1,75-89%,Less than 3 hrs,Mostly just before exams,A little,6-7 hrs,Sometimes,None,Often,Neither good nor bad,No support,Difficult to manage,Neutral,"Yes, exactly what I wanted",Somewhat,0.312,0.417,0.25,0.667,0.0,-0.75,0.125,C0_below_3_20,C0_below_3_20
KUET,ME,0.875,4,75-89%,3-6 hrs,Mostly just before exams,About half,5-6 hrs,Sometimes,None,Often,Mostly suitable,Strong support,Average,Satisfied,"Yes, exactly what I wanted",Mostly,0.375,0.417,0.875,0.833,0.125,-0.5,0.0,C3_3_75_plus,C2_3_50_to_3_74
KUET,ME,0.875,4,90% or more,11-15 hrs,Consistent throughout the semester,A little,6-7 hrs,Almost always,1-5 hrs,Sometimes,Mostly suitable,Strong support,Very healthy and balanced,Satisfied,"Yes, exactly what I wanted",Completely,0.812,0.5,0.875,0.917,0.188,0.25,0.125,C2_3_50_to_3_74,C1_3_20_to_3_49
KUET,ME,0.875,4,75-89%,3-6 hrs,Mostly just before exams,Almost nothing,5-6 hrs,Often,6-10 hrs,Often,Neither good nor bad,Very little support,Difficult to manage,Very dissatisfied,Not at all what I wanted,Not at all,0.375,0.25,0.375,0.0,0.0,-0.5,0.5,C0_below_3_20,C0_below_3_20
KUET,ME,0.875,4,90% or more,7-10 hrs,Regularly but not every day,A little,5-6 hrs,Sometimes,1-5 hrs,Sometimes,Neither good nor bad,Very little support,Average,Dissatisfied,"Yes, exactly what I wanted",Slightly,0.625,0.417,0.375,0.5,0.125,0.0,0.125,C2_3_50_to_3_74,C1_3_20_to_3_49
KUET,ME,0.875,4,75-89%,3-6 hrs,Occasionally when necessary,Almost nothing,6-7 hrs,Sometimes,1-5 hrs,Sometimes,Mostly suitable,Strong support,Mostly manageable,Satisfied,"Yes, exactly what I wanted",Completely,0.375,0.583,0.875,0.917,0.0,-0.25,0.0,C2_3_50_to_3_74,C0_below_3_20
KUET,ME,0.875,4,90% or more,7-10 hrs,Regularly but not every day,A little,Less than 5 hrs,Rarely,None,Sometimes,Neither good nor bad,Good support,Average,Satisfied,"Yes, exactly what I wanted",Somewhat,0.625,0.417,0.625,0.75,0.125,0.0,-0.125,C3_3_75_plus,C3_3_75_plus
KUET,CSE,0.5,2,75-89%,7-10 hrs,Regularly but not every day,Most of it,Less than 5 hrs,Sometimes,6-10 hrs,Sometimes,Mostly suitable,Good support,Average,Neutral,Somewhat different,Somewhat,0.562,0.333,0.75,0.5,0.375,0.0,0.25,C0_below_3_20,C1_3_20_to_3_49
KUET,CSE,0.5,2,90% or more,7-10 hrs,Regularly but not every day,Most of it,7-8 hrs,Often,None,Sometimes,Neither good nor bad,Strong support,Completely unmanageable,Neutral,"Yes, exactly what I wanted",Somewhat,0.625,0.333,0.75,0.667,0.375,0.0,0.375,C2_3_50_to_3_74,C2_3_50_to_3_74
KUET,ME,0.875,4,75-89%,7-10 hrs,Occasionally when necessary,Almost nothing,Less than 5 hrs,Almost always,11-15 hrs,Often,Very distracting,No support,Completely unmanageable,Very dissatisfied,Close to what I wanted,Not at all,0.375,0.0,0.0,0.25,0.0,-0.25,0.875,C3_3_75_plus,C1_3_20_to_3_49
KUET,ME,0.875,4,75-89%,More than 15 hrs,Mostly just before exams,Most of it,5-6 hrs,Almost always,None,Never,Somewhat distracting,No support,Difficult to manage,Very dissatisfied,"Yes, exactly what I wanted",Somewhat,0.75,0.167,0.125,0.5,0.75,1.0,0.375,C3_3_75_plus,C2_3_50_to_3_74
KUET,ME,0.875,4,60-74%,3-6 hrs,Occasionally when necessary,About half,Less than 5 hrs,Sometimes,6-10 hrs,Sometimes,Mostly suitable,Good support,Mostly manageable,Satisfied,Close to what I wanted,Mostly,0.312,0.417,0.75,0.75,0.125,-0.25,0.125,C3_3_75_plus,C1_3_20_to_3_49
KUET,CSE,0.5,2,90% or more,11-15 hrs,Regularly but not every day,Most of it,5-6 hrs,Sometimes,11-15 hrs,Sometimes,Neither good nor bad,Very little support,Average,Very dissatisfied,Close to what I wanted,Not at all,0.688,0.417,0.375,0.25,0.562,0.25,0.375,C2_3_50_to_3_74,C2_3_50_to_3_74
KUET,ME,0.875,4,90% or more,Less than 3 hrs,Mostly just before exams,A little,6-7 hrs,Almost always,6-10 hrs,Almost every day,Mostly suitable,Very little support,Difficult to manage,Satisfied,"Yes, exactly what I wanted",Mostly,0.312,0.25,0.5,0.833,0.0,-1.0,0.625,C0_below_3_20,C1_3_20_to_3_49
KUET,ME,0.875,4,90% or more,7-10 hrs,Mostly consistent routine,A little,7-8 hrs,Often,1-5 hrs,Never,Mostly suitable,Very little support,Average,Neutral,Close to what I wanted,Slightly,0.812,0.5,0.5,0.5,0.125,0.5,0.25,C1_3_20_to_3_49,C1_3_20_to_3_49
KUET,CSE,0.5,2,90% or more,3-6 hrs,Mostly just before exams,About half,5-6 hrs,Sometimes,11-15 hrs,Often,Mostly suitable,Some support,Average,Neutral,"Yes, exactly what I wanted",Somewhat,0.438,0.417,0.625,0.667,0.125,-0.5,0.375,C2_3_50_to_3_74,C2_3_50_to_3_74
KUET,Unknown,0.875,4,75-89%,11-15 hrs,Regularly but not every day,A little,Less than 5 hrs,Sometimes,None,Sometimes,Somewhat distracting,Good support,Average,Neutral,Close to what I wanted,Somewhat,0.625,0.333,0.5,0.583,0.188,0.25,0.0,C1_3_20_to_3_49,C0_below_3_20
KUET,ESE,0.875,4,90% or more,7-10 hrs,Regularly but not every day,About half,6-7 hrs,Never,11-15 hrs,Often,Somewhat distracting,Good support,Mostly manageable,Satisfied,"Yes, exactly what I wanted",Mostly,0.562,0.75,0.5,0.833,0.25,-0.25,0.0,C2_3_50_to_3_74,C1_3_20_to_3_49
KUET,ME,0.875,4,60-74%,More than 15 hrs,Regularly but not every day,About half,6-7 hrs,Sometimes,1-5 hrs,Sometimes,Mostly suitable,No support,Completely unmanageable,Neutral,"Yes, exactly what I wanted",Slightly,0.625,0.333,0.375,0.583,0.5,0.5,0.375,C3_3_75_plus,C2_3_50_to_3_74
KUET,CSE,0.5,2,60-74%,Less than 3 hrs,Mostly just before exams,A little,Less than 5 hrs,Sometimes,None,Almost every day,Mostly suitable,Some support,Completely unmanageable,Dissatisfied,"Yes, exactly what I wanted",Somewhat,0.188,0.167,0.625,0.583,0.0,-1.0,0.25,C3_3_75_plus,C2_3_50_to_3_74
KUET,IEM,0.875,4,90% or more,More than 15 hrs,Consistent throughout the semester,Most of it,7-8 hrs,Sometimes,None,Sometimes,Mostly suitable,Good support,Mostly manageable,Very satisfied,"Yes, exactly what I wanted",Mostly,0.875,0.667,0.75,0.917,0.75,0.5,-0.125,C3_3_75_plus,C3_3_75_plus
KUET,IEM,0.875,4,75-89%,7-10 hrs,Regularly but not every day,About half,7-8 hrs,Often,1-5 hrs,Often,Neither good nor bad,Good support,Average,Satisfied,"Yes, exactly what I wanted",Completely,0.5,0.5,0.625,0.917,0.25,-0.25,0.25,C2_3_50_to_3_74,C1_3_20_to_3_49
KUET,ME,0.875,4,90% or more,7-10 hrs,Regularly but not every day,Most of it,6-7 hrs,Sometimes,6-10 hrs,Often,Excellent for focused study,Strong support,Average,Neutral,Somewhat different,Somewhat,0.562,0.5,1.0,0.5,0.375,-0.25,0.25,C3_3_75_plus,C1_3_20_to_3_49
KUET,ME,0.875,4,90% or more,More than 15 hrs,Regularly but not every day,A little,5-6 hrs,Sometimes,1-5 hrs,Often,Neither good nor bad,Some support,Mostly manageable,Neutral,Close to what I wanted,Mostly,0.688,0.5,0.5,0.667,0.25,0.25,0.0,C1_3_20_to_3_49,C1_3_20_to_3_49
KUET,IEM,0.75,3,75-89%,7-10 hrs,Occasionally when necessary,About half,7-8 hrs,Rarely,1-5 hrs,Sometimes,Mostly suitable,Good support,Average,Satisfied,"Yes, exactly what I wanted",Mostly,0.438,0.667,0.75,0.833,0.25,0.0,0.0,C1_3_20_to_3_49,C1_3_20_to_3_49
KUET,MSE,0.75,3,75-89%,3-6 hrs,Occasionally when necessary,About half,Less than 5 hrs,Often,More than 15 hrs,Sometimes,Mostly suitable,Very little support,Completely unmanageable,Satisfied,Close to what I wanted,Somewhat,0.375,0.083,0.5,0.667,0.125,-0.25,0.875,C1_3_20_to_3_49,C2_3_50_to_3_74
KUET,MSE,0.75,3,90% or more,More than 15 hrs,Mostly consistent routine,Most of it,6-7 hrs,Rarely,6-10 hrs,Sometimes,Excellent for focused study,Strong support,Mostly manageable,Very satisfied,Somewhat different,Mostly,0.812,0.667,1.0,0.75,0.75,0.5,0.0,C3_3_75_plus,C3_3_75_plus
KUET,Unknown,0.875,4,90% or more,3-6 hrs,Mostly just before exams,About half,7-8 hrs,Often,6-10 hrs,Often,Mostly suitable,Good support,Average,Satisfied,"Yes, exactly what I wanted",Mostly,0.438,0.5,0.75,0.833,0.125,-0.5,0.375,C1_3_20_to_3_49,C1_3_20_to_3_49
KUET,MSE,0.625,3,75-89%,Less than 3 hrs,Mostly just before exams,About half,7-8 hrs,Almost always,11-15 hrs,Rarely,Neither good nor bad,Some support,Difficult to manage,Satisfied,Somewhat different,Somewhat,0.438,0.333,0.5,0.583,0.0,-0.25,0.75,C1_3_20_to_3_49,C0_below_3_20
KUET,Unknown,0.75,3,75-89%,3-6 hrs,Regularly but not every day,About half,More than 8 hrs,Rarely,1-5 hrs,Never,Somewhat distracting,Strong support,Difficult to manage,Very satisfied,"Yes, exactly what I wanted",Completely,0.625,0.667,0.625,1.0,0.125,0.25,0.125,C2_3_50_to_3_74,C2_3_50_to_3_74
KUET,CSE,0.5,2,75-89%,3-6 hrs,Mostly just before exams,A little,5-6 hrs,Almost always,None,Often,Very distracting,No support,Completely unmanageable,Neutral,Mostly different,Somewhat,0.375,0.083,0.0,0.417,0.062,-0.5,0.5,C0_below_3_20,C0_below_3_20
KUET,CSE,0.875,4,75-89%,7-10 hrs,Mostly just before exams,About half,5-6 hrs,Often,6-10 hrs,Often,Neither good nor bad,Some support,Difficult to manage,Satisfied,"Yes, exactly what I wanted",Somewhat,0.438,0.25,0.5,0.75,0.25,-0.25,0.5,C2_3_50_to_3_74,C1_3_20_to_3_49
KUET,CSE,0.5,2,90% or more,7-10 hrs,Regularly but not every day,Most of it,5-6 hrs,Often,None,Almost every day,Mostly suitable,Good support,Difficult to manage,Neutral,"Yes, exactly what I wanted",Mostly,0.5,0.25,0.75,0.75,0.375,-0.5,0.25,C3_3_75_plus,C3_3_75_plus
KUET,ME,0.875,4,75-89%,11-15 hrs,Regularly but not every day,A little,5-6 hrs,Often,11-15 hrs,Sometimes,Somewhat distracting,Very little support,Mostly manageable,Satisfied,"Yes, exactly what I wanted",Somewhat,0.625,0.417,0.25,0.75,0.188,0.25,0.375,C1_3_20_to_3_49,C0_below_3_20
KUET,CSE,0.875,4,60-74%,3-6 hrs,Mostly just before exams,A little,7-8 hrs,Sometimes,More than 15 hrs,Sometimes,Somewhat distracting,Good support,Difficult to manage,Neutral,"Yes, exactly what I wanted",Somewhat,0.375,0.5,0.5,0.667,0.062,-0.25,0.625,C1_3_20_to_3_49,C1_3_20_to_3_49
KUET,Unknown,0.875,4,90% or more,More than 15 hrs,Regularly but not every day,A little,5-6 hrs,Never,More than 15 hrs,Rarely,Neither good nor bad,Strong support,Average,Neutral,Not at all what I wanted,Somewhat,0.812,0.583,0.75,0.333,0.25,0.75,0.25,C2_3_50_to_3_74,C1_3_20_to_3_49
KUET,EEE,0.375,2,75-89%,7-10 hrs,Regularly but not every day,Almost nothing,5-6 hrs,Almost always,11-15 hrs,Often,Mostly suitable,Some support,Mostly manageable,Very dissatisfied,"Yes, exactly what I wanted",Not at all,0.5,0.333,0.625,0.333,0.0,-0.25,0.5,C2_3_50_to_3_74,C2_3_50_to_3_74
KUET,CSE,0.5,2,60-74%,More than 15 hrs,Occasionally when necessary,A little,5-6 hrs,Often,6-10 hrs,Often,Neither good nor bad,No support,Difficult to manage,Dissatisfied,"Yes, exactly what I wanted",Not at all,0.438,0.25,0.25,0.417,0.25,0.25,0.5,C0_below_3_20,C0_below_3_20
KUET,CSE,0.625,3,75-89%,Less than 3 hrs,Mostly just before exams,About half,6-7 hrs,Often,6-10 hrs,Almost every day,Mostly suitable,Strong support,Average,Satisfied,"Yes, exactly what I wanted",Slightly,0.25,0.417,0.875,0.667,0.0,-1.0,0.375,C2_3_50_to_3_74,C1_3_20_to_3_49
KUET,CSE,0.625,3,75-89%,7-10 hrs,Occasionally when necessary,About half,5-6 hrs,Sometimes,None,Almost every day,Mostly suitable,Good support,Average,Very dissatisfied,"Yes, exactly what I wanted",Not at all,0.312,0.417,0.75,0.333,0.25,-0.5,0.0,C1_3_20_to_3_49,C1_3_20_to_3_49
KUET,CSE,0.625,3,75-89%,3-6 hrs,Mostly consistent routine,Most of it,7-8 hrs,Sometimes,6-10 hrs,Almost every day,Mostly suitable,Some support,Mostly manageable,Neutral,"Yes, exactly what I wanted",Mostly,0.438,0.667,0.625,0.75,0.188,-0.75,0.125,C2_3_50_to_3_74,C1_3_20_to_3_49
KUET,CSE,0.5,2,60-74%,3-6 hrs,Occasionally when necessary,Almost nothing,5-6 hrs,Sometimes,1-5 hrs,Sometimes,Excellent for focused study,Strong support,Average,Satisfied,Not at all what I wanted,Somewhat,0.312,0.417,1.0,0.417,0.0,-0.25,0.125,C3_3_75_plus,C2_3_50_to_3_74
KUET,CSE,0.5,2,75-89%,3-6 hrs,Occasionally when necessary,About half,6-7 hrs,Often,None,Almost every day,Mostly suitable,Strong support,Average,Satisfied,"Yes, exactly what I wanted",Mostly,0.25,0.417,0.875,0.833,0.125,-0.75,0.125,C0_below_3_20,C0_below_3_20
KUET,CSE,0.5,2,60-74%,Less than 3 hrs,Mostly just before exams,A little,7-8 hrs,Sometimes,None,Almost every day,Neither good nor bad,Strong support,Difficult to manage,Neutral,Somewhat different,Not at all,0.188,0.5,0.75,0.333,0.0,-1.0,0.125,C3_3_75_plus,C1_3_20_to_3_49
KUET,CSE,0.625,3,60-74%,3-6 hrs,Occasionally when necessary,About half,6-7 hrs,Sometimes,1-5 hrs,Often,Neither good nor bad,Strong support,Average,Satisfied,"Yes, exactly what I wanted",Mostly,0.25,0.5,0.75,0.833,0.125,-0.5,0.125,C2_3_50_to_3_74,C2_3_50_to_3_74
KUET,CSE,0.625,3,90% or more,3-6 hrs,Regularly but not every day,Almost nothing,6-7 hrs,Almost always,None,Sometimes,Somewhat distracting,No support,Difficult to manage,Neutral,Mostly different,Somewhat,0.562,0.25,0.125,0.417,0.0,-0.25,0.375,C0_below_3_20,C0_below_3_20
KUET,ME,0.875,4,60-74%,More than 15 hrs,Regularly but not every day,A little,5-6 hrs,Rarely,11-15 hrs,Sometimes,Mostly suitable,Good support,Mostly manageable,Neutral,"Yes, exactly what I wanted",Mostly,0.625,0.583,0.75,0.75,0.25,0.5,0.125,C2_3_50_to_3_74,C1_3_20_to_3_49
KUET,IEM,0.5,2,90% or more,Less than 3 hrs,Mostly just before exams,Almost nothing,6-7 hrs,Almost always,None,Almost every day,Mostly suitable,Very little support,Completely unmanageable,Dissatisfied,Close to what I wanted,Somewhat,0.312,0.167,0.5,0.5,0.0,-1.0,0.5,C1_3_20_to_3_49,C1_3_20_to_3_49
KUET,ME,0.875,4,75-89%,11-15 hrs,Occasionally when necessary,About half,6-7 hrs,Often,None,Often,Neither good nor bad,Good support,Mostly manageable,Neutral,"Yes, exactly what I wanted",Somewhat,0.438,0.5,0.625,0.667,0.375,0.0,0.0,C0_below_3_20,C1_3_20_to_3_49
KUET,IEM,0.5,2,90% or more,More than 15 hrs,Occasionally when necessary,Almost nothing,5-6 hrs,Rarely,None,Almost every day,Mostly suitable,Good support,Completely unmanageable,Neutral,Somewhat different,Slightly,0.5,0.333,0.75,0.417,0.0,0.0,0.125,C0_below_3_20,C0_below_3_20
KUET,BECM,0.875,4,75-89%,11-15 hrs,Occasionally when necessary,About half,6-7 hrs,Sometimes,6-10 hrs,Rarely,Neither good nor bad,No support,Mostly manageable,Satisfied,Close to what I wanted,Mostly,0.562,0.583,0.25,0.75,0.375,0.5,0.125,C1_3_20_to_3_49,C2_3_50_to_3_74
KUET,BECM,0.875,4,75-89%,More than 15 hrs,Regularly but not every day,Most of it,5-6 hrs,Rarely,None,Rarely,Mostly suitable,Good support,Mostly manageable,Satisfied,Mostly different,Mostly,0.75,0.583,0.75,0.583,0.75,0.75,-0.25,C2_3_50_to_3_74,C3_3_75_plus
KUET,BECM,0.875,4,75-89%,More than 15 hrs,Regularly but not every day,Most of it,5-6 hrs,Sometimes,6-10 hrs,Sometimes,Neither good nor bad,Good support,Average,Dissatisfied,Close to what I wanted,Slightly,0.688,0.417,0.625,0.417,0.75,0.5,0.25,C2_3_50_to_3_74,C2_3_50_to_3_74
KUET,ME,0.875,4,75-89%,3-6 hrs,Mostly just before exams,Almost nothing,Less than 5 hrs,Sometimes,6-10 hrs,Almost every day,Mostly suitable,Good support,Mostly manageable,Dissatisfied,Not at all what I wanted,Not at all,0.312,0.417,0.75,0.083,0.0,-0.75,0.125,C1_3_20_to_3_49,C0_below_3_20
KUET,CSE,0.5,2,60-74%,Less than 3 hrs,Mostly just before exams,Almost nothing,Less than 5 hrs,Rarely,11-15 hrs,Never,Mostly suitable,Good support,Average,Dissatisfied,"Yes, exactly what I wanted",Not at all,0.438,0.417,0.75,0.417,0.0,0.0,0.25,C2_3_50_to_3_74,C2_3_50_to_3_74
KUET,CSE,0.625,3,60-74%,Less than 3 hrs,Mostly just before exams,A little,6-7 hrs,Almost always,6-10 hrs,Almost every day,Mostly suitable,Good support,Difficult to manage,Very dissatisfied,"Yes, exactly what I wanted",Mostly,0.188,0.25,0.75,0.583,0.0,-1.0,0.625,C1_3_20_to_3_49,C0_below_3_20
KUET,ECE,0.5,2,75-89%,Less than 3 hrs,Mostly just before exams,A little,5-6 hrs,Sometimes,1-5 hrs,Almost every day,Somewhat distracting,Some support,Completely unmanageable,Neutral,Close to what I wanted,Somewhat,0.25,0.25,0.375,0.583,0.0,-1.0,0.375,C0_below_3_20,C0_below_3_20
KUET,ECE,0.5,2,75-89%,Less than 3 hrs,Occasionally when necessary,About half,7-8 hrs,Often,None,Almost every day,Mostly suitable,Good support,Average,Neutral,Mostly different,Somewhat,0.188,0.5,0.75,0.417,0.0,-1.0,0.125,C0_below_3_20,C0_below_3_20
KUET,ECE,0.5,2,90% or more,7-10 hrs,Consistent throughout the semester,About half,5-6 hrs,Often,11-15 hrs,Almost every day,Neither good nor bad,Strong support,Mostly manageable,Satisfied,Close to what I wanted,Somewhat,0.625,0.417,0.75,0.667,0.25,-0.5,0.375,C1_3_20_to_3_49,C1_3_20_to_3_49
KUET,ECE,0.5,2,60-74%,Less than 3 hrs,Regularly but not every day,A little,5-6 hrs,Sometimes,1-5 hrs,Sometimes,Excellent for focused study,Strong support,Average,Satisfied,Close to what I wanted,Mostly,0.375,0.417,1.0,0.75,0.0,-0.5,0.125,C0_below_3_20,C0_below_3_20
KUET,Unknown,0.5,2,60-74%,Less than 3 hrs,Occasionally when necessary,A little,7-8 hrs,Often,6-10 hrs,Almost every day,Very distracting,Strong support,Difficult to manage,Dissatisfied,Close to what I wanted,Slightly,0.125,0.417,0.5,0.417,0.0,-1.0,0.5,C0_below_3_20,C0_below_3_20
KUET,ECE,0.5,2,90% or more,3-6 hrs,Mostly just before exams,Most of it,6-7 hrs,Sometimes,None,Almost every day,Mostly suitable,Some support,Difficult to manage,Satisfied,Close to what I wanted,Mostly,0.375,0.417,0.625,0.75,0.188,-0.75,0.125,C3_3_75_plus,C3_3_75_plus
KUET,ECE,0.5,2,75-89%,3-6 hrs,Mostly just before exams,A little,5-6 hrs,Often,1-5 hrs,Sometimes,Neither good nor bad,Good support,Average,Satisfied,Somewhat different,Somewhat,0.438,0.333,0.625,0.583,0.062,-0.25,0.25,C1_3_20_to_3_49,C1_3_20_to_3_49
KUET,ECE,0.5,2,90% or more,7-10 hrs,Mostly consistent routine,About half,6-7 hrs,Rarely,6-10 hrs,Rarely,Excellent for focused study,Strong support,Average,Very satisfied,Close to what I wanted,Completely,0.75,0.583,1.0,0.917,0.25,0.25,0.125,C3_3_75_plus,C3_3_75_plus
KUET,ECE,0.5,2,90% or more,7-10 hrs,Mostly just before exams,Almost nothing,6-7 hrs,Sometimes,1-5 hrs,Often,Neither good nor bad,Very little support,Completely unmanageable,Neutral,Close to what I wanted,Somewhat,0.5,0.333,0.375,0.583,0.0,-0.25,0.375,C0_below_3_20,C0_below_3_20
KUET,CSE,0.125,1,90% or more,3-6 hrs,Regularly but not every day,About half,Less than 5 hrs,Rarely,1-5 hrs,Often,Mostly suitable,Good support,Mostly manageable,Satisfied,"Yes, exactly what I wanted",Completely,0.5,0.5,0.75,0.917,0.125,-0.5,-0.125,C2_3_50_to_3_74,C1_3_20_to_3_49
KUET,ME,0.875,4,75-89%,Less than 3 hrs,Mostly just before exams,A little,6-7 hrs,Almost always,None,Almost every day,Somewhat distracting,Strong support,Difficult to manage,Dissatisfied,Close to what I wanted,Slightly,0.25,0.25,0.625,0.417,0.0,-1.0,0.375,C1_3_20_to_3_49,C0_below_3_20
KUET,ECE,0.5,2,90% or more,Less than 3 hrs,Mostly just before exams,Most of it,6-7 hrs,Sometimes,More than 15 hrs,Sometimes,Excellent for focused study,Good support,Average,Very satisfied,"Yes, exactly what I wanted",Somewhat,0.438,0.5,0.875,0.833,0.0,-0.5,0.5,C0_below_3_20,C0_below_3_20
KUET,EEE,0.5,2,90% or more,7-10 hrs,Regularly but not every day,Almost everything,5-6 hrs,Rarely,More than 15 hrs,Never,Mostly suitable,Strong support,Mostly manageable,Very satisfied,"Yes, exactly what I wanted",Completely,0.75,0.583,0.875,1.0,0.5,0.5,0.25,C3_3_75_plus,C3_3_75_plus
KUET,EEE,0.5,2,90% or more,3-6 hrs,Occasionally when necessary,Most of it,7-8 hrs,Often,1-5 hrs,Rarely,Mostly suitable,Good support,Mostly manageable,Satisfied,Close to what I wanted,Mostly,0.5,0.583,0.75,0.75,0.188,0.0,0.125,C2_3_50_to_3_74,C2_3_50_to_3_74
KUET,EEE,0.5,2,90% or more,11-15 hrs,Regularly but not every day,About half,6-7 hrs,Never,1-5 hrs,Sometimes,Mostly suitable,Some support,Mostly manageable,Satisfied,"Yes, exactly what I wanted",Mostly,0.688,0.75,0.625,0.833,0.375,0.25,-0.25,C3_3_75_plus,C1_3_20_to_3_49
KUET,ECE,0.875,4,60-74%,Less than 3 hrs,Mostly just before exams,Almost nothing,5-6 hrs,Almost always,11-15 hrs,Sometimes,Neither good nor bad,Some support,Average,Neutral,Close to what I wanted,Not at all,0.312,0.25,0.5,0.417,0.0,-0.5,0.625,C0_below_3_20,C0_below_3_20
KUET,ECE,0.5,2,90% or more,Less than 3 hrs,Mostly just before exams,Most of it,More than 8 hrs,Often,1-5 hrs,Often,Neither good nor bad,No support,Average,Neutral,Close to what I wanted,Somewhat,0.375,0.583,0.25,0.583,0.0,-0.75,0.25,C2_3_50_to_3_74,C2_3_50_to_3_74
KUET,ME,0.875,4,90% or more,3-6 hrs,Regularly but not every day,Almost nothing,Less than 5 hrs,Almost always,11-15 hrs,Sometimes,Neither good nor bad,Some support,Completely unmanageable,Neutral,"Yes, exactly what I wanted",Mostly,0.562,0.0,0.5,0.75,0.0,-0.25,0.875,C0_below_3_20,C1_3_20_to_3_49
KUET,ME,0.875,4,90% or more,7-10 hrs,Regularly but not every day,Almost nothing,Less than 5 hrs,Sometimes,More than 15 hrs,Almost every day,Somewhat distracting,Some support,Difficult to manage,Very dissatisfied,"Yes, exactly what I wanted",Mostly,0.5,0.25,0.375,0.583,0.0,-0.5,0.625,C0_below_3_20,C0_below_3_20
KUET,URP,0.5,2,75-89%,Less than 3 hrs,Occasionally when necessary,Almost nothing,Less than 5 hrs,Often,None,Often,Neither good nor bad,No support,Completely unmanageable,Neutral,Mostly different,Slightly,0.25,0.083,0.25,0.333,0.0,-0.75,0.375,C3_3_75_plus,C3_3_75_plus
KUET,URP,0.125,1,90% or more,7-10 hrs,Mostly just before exams,A little,Less than 5 hrs,Often,6-10 hrs,Often,Somewhat distracting,Some support,Completely unmanageable,Very satisfied,Not at all what I wanted,Mostly,0.5,0.083,0.375,0.583,0.125,-0.25,0.625,C1_3_20_to_3_49,C1_3_20_to_3_49
KUET,URP,0.125,1,75-89%,Less than 3 hrs,Mostly just before exams,A little,5-6 hrs,Often,1-5 hrs,Often,Very distracting,Very little support,Completely unmanageable,Neutral,Close to what I wanted,Somewhat,0.312,0.167,0.125,0.583,0.0,-0.75,0.5,C0_below_3_20,C0_below_3_20
KUET,URP,0.625,3,90% or more,7-10 hrs,Regularly but not every day,A little,7-8 hrs,Almost always,11-15 hrs,Almost every day,Mostly suitable,Very little support,Difficult to manage,Satisfied,Not at all what I wanted,Slightly,0.5,0.333,0.5,0.333,0.125,-0.5,0.75,C3_3_75_plus,C1_3_20_to_3_49
KUET,URP,0.375,2,90% or more,11-15 hrs,Mostly just before exams,Most of it,Less than 5 hrs,Never,1-5 hrs,Sometimes,Excellent for focused study,Strong support,Average,Very satisfied,Close to what I wanted,Completely,0.625,0.5,1.0,0.917,0.562,0.25,-0.125,C2_3_50_to_3_74,C2_3_50_to_3_74
KUET,CSE,0.125,1,60-74%,More than 15 hrs,Regularly but not every day,About half,6-7 hrs,Sometimes,1-5 hrs,Often,Neither good nor bad,Good support,Average,Neutral,"Yes, exactly what I wanted",Somewhat,0.562,0.5,0.625,0.667,0.5,0.25,0.125,C3_3_75_plus,C3_3_75_plus
KUET,URP,0.875,4,90% or more,Less than 3 hrs,Mostly just before exams,Almost nothing,Less than 5 hrs,Almost always,None,Rarely,Neither good nor bad,Some support,Completely unmanageable,Satisfied,Not at all what I wanted,Mostly,0.5,0.0,0.5,0.5,0.0,-0.25,0.5,C1_3_20_to_3_49,C1_3_20_to_3_49
KUET,CSE,0.5,2,60-74%,7-10 hrs,Mostly just before exams,About half,6-7 hrs,Almost always,6-10 hrs,Often,Mostly suitable,Some support,Average,Very satisfied,Somewhat different,Somewhat,0.375,0.333,0.625,0.667,0.25,-0.25,0.5,C0_below_3_20,C0_below_3_20
KUET,URP,0.625,3,75-89%,Less than 3 hrs,Mostly just before exams,Most of it,6-7 hrs,Often,None,Often,Neither good nor bad,Some support,Average,Neutral,Not at all what I wanted,Somewhat,0.312,0.417,0.5,0.333,0.0,-0.75,0.125,C3_3_75_plus,C1_3_20_to_3_49
KUET,URP,0.625,3,75-89%,Less than 3 hrs,Mostly just before exams,Almost nothing,6-7 hrs,Sometimes,More than 15 hrs,Rarely,Excellent for focused study,Strong support,Mostly manageable,Satisfied,Close to what I wanted,Completely,0.438,0.583,1.0,0.833,0.0,-0.25,0.375,C3_3_75_plus,C1_3_20_to_3_49
KUET,ME,0.875,4,75-89%,More than 15 hrs,Regularly but not every day,About half,Less than 5 hrs,Almost always,None,Often,Somewhat distracting,Some support,Completely unmanageable,Very dissatisfied,Not at all what I wanted,Not at all,0.625,0.0,0.375,0.0,0.5,0.25,0.5,C1_3_20_to_3_49,C1_3_20_to_3_49
KUET,EEE,0.375,2,90% or more,7-10 hrs,Mostly just before exams,About half,5-6 hrs,Sometimes,11-15 hrs,Often,Mostly suitable,Some support,Average,Neutral,"Yes, exactly what I wanted",Somewhat,0.5,0.417,0.625,0.667,0.25,-0.25,0.375,C3_3_75_plus,C3_3_75_plus
