university,department,semester,source_form,date,gap,aug67_group,desired_department_match,attendance,weekly_study_time,study_style,topic_clarity,sleep_duration,stress_frequency,weekly_responsibilities,distraction_frequency,study_environment,support_level,routine_manageability,desired_department_match_code,attendance_code,weekly_study_time_code,study_style_code,topic_clarity_code,sleep_duration_code,stress_frequency_code,weekly_responsibilities_code,distraction_frequency_code,study_environment_code,support_level_code,routine_manageability_code,recent_sgpa_band,cgpa_band
CUET,EEE,7.0,multi_uni,2026-08-22,0,False,"Yes, exactly what I wanted",75-89%,More than 15 hrs,Regularly but not every day,About half,6-7 hrs,Rarely,6-10 hrs,Sometimes,Neither good nor bad,Good support,Mostly manageable,4,3,4,2,2,2,1,2,2,2,3,3,C2,C2
CUET,EEE,7.0,multi_uni,2026-08-24,0,False,"Yes, exactly what I wanted",75-89%,11-15 hrs,Mostly just before exams,Most of it,6-7 hrs,Sometimes,11-15 hrs,Sometimes,Neither good nor bad,Some support,Mostly manageable,4,3,3,1,3,2,2,3,2,2,2,3,C1,C1
CUET,EEE,7.0,multi_uni,2026-08-24,1,False,"Yes, exactly what I wanted",75-89%,More than 15 hrs,Mostly consistent routine,Most of it,5-6 hrs,Rarely,6-10 hrs,Rarely,Mostly suitable,Good support,Mostly manageable,4,3,4,3,3,1,1,2,1,3,3,3,C3,C2
CUET,EEE,7.0,multi_uni,2026-08-24,1,False,"Yes, exactly what I wanted",60-74%,11-15 hrs,Regularly but not every day,About half,5-6 hrs,Rarely,11-15 hrs,Sometimes,Somewhat distracting,Good support,Average,4,2,3,2,2,1,1,3,2,1,3,2,C2,C1
CUET,EEE,7.0,multi_uni,2026-08-24,0,False,"Yes, exactly what I wanted",75-89%,11-15 hrs,Regularly but not every day,About half,5-6 hrs,Rarely,11-15 hrs,Sometimes,Mostly suitable,Good support,Average,4,3,3,2,2,1,1,3,2,3,3,2,C2,C2
CUET,Unknown,7.0,multi_uni,2026-08-24,0,False,"Yes, exactly what I wanted",75-89%,More than 15 hrs,Regularly but not every day,About half,6-7 hrs,Rarely,11-15 hrs,Sometimes,Neither good nor bad,Good support,Mostly manageable,4,3,4,2,2,2,1,3,2,2,3,3,C2,C2
CUET,EEE,7.0,multi_uni,2026-08-24,1,False,"Yes, exactly what I wanted",75-89%,11-15 hrs,Regularly but not every day,Most of it,6-7 hrs,Rarely,11-15 hrs,Sometimes,Neither good nor bad,Good support,Average,4,3,3,2,3,2,1,3,2,2,3,2,C1,C2
CUET,CSE,7.0,multi_uni,2026-08-24,1,False,"Yes, exactly what I wanted",75-89%,More than 15 hrs,Regularly but not every day,Most of it,5-6 hrs,Rarely,None,Sometimes,Mostly suitable,Good support,Mostly manageable,4,3,4,2,3,1,1,0,2,3,3,3,C2,C1
CUET,CSE,7.0,multi_uni,2026-08-24,0,False,"Yes, exactly what I wanted",75-89%,More than 15 hrs,Regularly but not every day,Most of it,6-7 hrs,Rarely,None,Sometimes,Mostly suitable,Good support,Average,4,3,4,2,3,2,1,0,2,3,3,2,C2,C2
BRAC,CSE,11.0,multi_uni,2026-08-24,0,False,"Yes, exactly what I wanted",90% or more,3-6 hrs,Occasionally when necessary,Most of it,6-7 hrs,Often,1-5 hrs,Often,Mostly suitable,Good support,Average,4,4,1,0,3,2,3,1,3,3,3,2,C2,C2
BRAC,CSE,11.0,multi_uni,2026-08-24,1,False,Close to what I wanted,75-89%,7-10 hrs,Regularly but not every day,About half,5-6 hrs,Sometimes,6-10 hrs,Sometimes,Excellent for focused study,Strong support,Mostly manageable,3,3,2,2,2,1,2,2,2,4,4,3,C3,C2
BRAC,CSE,10.0,multi_uni,2026-08-24,0,False,"Yes, exactly what I wanted",75-89%,3-6 hrs,Mostly just before exams,A little,6-7 hrs,Often,None,Almost every day,Mostly suitable,Some support,Difficult to manage,4,3,1,1,1,2,3,0,4,3,2,1,C1,C1
BRAC,CSE,10.0,multi_uni,2026-08-24,1,False,Somewhat different,90% or more,Less than 3 hrs,Occasionally when necessary,About half,5-6 hrs,Sometimes,1-5 hrs,Often,Neither good nor bad,Good support,Average,2,4,0,0,2,1,2,1,3,2,3,2,C2,C1
BRAC,CSE,10.0,multi_uni,2026-08-24,0,False,"Yes, exactly what I wanted",75-89%,7-10 hrs,Mostly just before exams,Most of it,6-7 hrs,Often,6-10 hrs,Sometimes,Mostly suitable,Some support,Difficult to manage,4,3,2,1,3,2,3,2,2,3,2,1,C3,C3
BRAC,CSE,11.0,multi_uni,2026-08-24,0,False,Close to what I wanted,90% or more,3-6 hrs,Occasionally when necessary,About half,7-8 hrs,Sometimes,1-5 hrs,Often,Excellent for focused study,Good support,Mostly manageable,3,4,1,0,2,3,2,1,3,4,3,3,C3,C3
BRAC,CSE,11.0,multi_uni,2026-08-24,1,False,"Yes, exactly what I wanted",75-89%,11-15 hrs,Regularly but not every day,A little,5-6 hrs,Almost always,11-15 hrs,Often,Somewhat distracting,Strong support,Difficult to manage,4,3,3,2,1,1,4,3,3,1,4,1,C1,C2
BRAC,CSE,10.0,multi_uni,2026-08-24,1,False,Mostly different,60-74%,7-10 hrs,Occasionally when necessary,About half,6-7 hrs,Sometimes,6-10 hrs,Sometimes,Mostly suitable,Some support,Average,1,2,2,0,2,2,2,2,2,3,2,2,C0,C1
BRAC,CSE,10.0,multi_uni,2026-08-24,0,False,"Yes, exactly what I wanted",90% or more,3-6 hrs,Regularly but not every day,Most of it,5-6 hrs,Often,More than 15 hrs,Almost every day,Mostly suitable,Good support,Difficult to manage,4,4,1,2,3,1,3,4,4,3,3,1,C2,C2
BRAC,CSE,11.0,multi_uni,2026-08-24,0,False,"Yes, exactly what I wanted",90% or more,11-15 hrs,Occasionally when necessary,Most of it,6-7 hrs,Sometimes,None,Often,Excellent for focused study,Strong support,Average,4,4,3,0,3,2,2,0,3,4,4,2,C3,C3
BRAC,CSE,11.0,multi_uni,2026-08-24,0,False,Close to what I wanted,75-89%,7-10 hrs,Mostly just before exams,A little,5-6 hrs,Often,1-5 hrs,Almost every day,Neither good nor bad,Good support,Difficult to manage,3,3,2,1,1,1,3,1,4,2,3,1,C2,C2
BRAC,CSE,10.0,multi_uni,2026-08-24,1,False,Somewhat different,90% or more,3-6 hrs,Regularly but not every day,About half,7-8 hrs,Rarely,6-10 hrs,Sometimes,Mostly suitable,Some support,Mostly manageable,2,4,1,2,2,3,1,2,2,3,2,3,C1,C0
BRAC,CSE,10.0,multi_uni,2026-08-24,0,False,"Yes, exactly what I wanted",75-89%,Less than 3 hrs,Mostly just before exams,Most of it,5-6 hrs,Often,11-15 hrs,Rarely,Somewhat distracting,Very little support,Difficult to manage,4,3,0,1,3,1,3,3,1,1,1,1,C3,C3
BRAC,CSE,11.0,multi_uni,2026-08-24,1,False,Close to what I wanted,90% or more,7-10 hrs,Mostly consistent routine,About half,6-7 hrs,Sometimes,1-5 hrs,Often,Excellent for focused study,Good support,Mostly manageable,3,4,2,3,2,2,2,1,3,4,3,3,C2,C1
BRAC,CSE,10.0,multi_uni,2026-08-24,0,False,"Yes, exactly what I wanted",75-89%,3-6 hrs,Occasionally when necessary,A little,Less than 5 hrs,Almost always,6-10 hrs,Almost every day,Mostly suitable,Strong support,Difficult to manage,4,3,1,0,1,0,4,2,4,3,4,1,C0,C0
BRAC,CSE,11.0,multi_uni,2026-08-24,1,False,"Yes, exactly what I wanted",90% or more,7-10 hrs,Regularly but not every day,Most of it,7-8 hrs,Rarely,None,Sometimes,Neither good nor bad,Some support,Mostly manageable,4,4,2,2,3,3,1,0,2,2,2,3,C3,C2
BRAC,CSE,10.0,multi_uni,2026-08-24,0,False,Somewhat different,60-74%,11-15 hrs,Mostly consistent routine,About half,6-7 hrs,Often,More than 15 hrs,Often,Somewhat distracting,Good support,Average,2,2,3,3,2,2,3,4,3,1,3,2,C1,C1
BRAC,CSE,10.0,multi_uni,2026-08-24,1,False,Close to what I wanted,75-89%,3-6 hrs,Regularly but not every day,Most of it,7-8 hrs,Rarely,More than 15 hrs,Almost every day,Neither good nor bad,Very little support,Difficult to manage,3,3,1,2,3,3,1,4,4,2,1,1,C2,C1
BRAC,CSE,11.0,multi_uni,2026-08-24,1,False,Somewhat different,90% or more,7-10 hrs,Occasionally when necessary,A little,More than 8 hrs,Never,More than 15 hrs,Sometimes,Neither good nor bad,Good support,Average,2,4,2,0,1,4,0,4,2,2,3,2,C2,C3
BRAC,CSE,10.0,multi_uni,2026-08-24,1,False,Somewhat different,60-74%,3-6 hrs,Occasionally when necessary,Most of it,7-8 hrs,Sometimes,1-5 hrs,Often,Neither good nor bad,Strong support,Difficult to manage,2,2,1,0,3,3,2,1,3,2,4,1,C1,C0
BRAC,CSE,11.0,multi_uni,2026-08-24,1,False,Somewhat different,90% or more,7-10 hrs,Occasionally when necessary,A little,7-8 hrs,Almost always,None,Often,Excellent for focused study,Some support,Difficult to manage,2,4,2,0,1,3,4,0,3,4,2,1,C3,C2
BUET,CSE,7.0,multi_uni,2026-08-24,1,False,Not at all what I wanted,75-89%,3-6 hrs,Mostly just before exams,About half,Less than 5 hrs,Sometimes,11-15 hrs,Rarely,Mostly suitable,Some support,Mostly manageable,0,3,1,1,2,0,2,3,1,3,2,3,C0,C1
BUET,CSE,7.0,multi_uni,2026-08-24,0,False,Somewhat different,90% or more,7-10 hrs,Consistent throughout the semester,Almost everything,6-7 hrs,Almost always,1-5 hrs,Almost every day,Excellent for focused study,Good support,Mostly manageable,2,4,2,4,4,2,4,1,4,4,3,3,C3,C3
BRAC,CSE,10.0,multi_uni,2026-08-24,0,False,"Yes, exactly what I wanted",90% or more,3-6 hrs,Mostly just before exams,Almost nothing,5-6 hrs,Often,None,Often,Somewhat distracting,Good support,Difficult to manage,4,4,1,1,0,1,3,0,3,1,3,1,C3,C3
BRAC,CSE,10.0,multi_uni,2026-08-24,0,False,Somewhat different,60-74%,7-10 hrs,Regularly but not every day,About half,6-7 hrs,Often,6-10 hrs,Almost every day,Neither good nor bad,Good support,Difficult to manage,2,2,2,2,2,2,3,2,4,2,3,1,C1,C1
BRAC,CSE,10.0,multi_uni,2026-08-24,0,False,Close to what I wanted,90% or more,3-6 hrs,Occasionally when necessary,A little,7-8 hrs,Sometimes,11-15 hrs,Often,Excellent for focused study,Good support,Difficult to manage,3,4,1,0,1,3,2,3,3,4,3,1,C0,C0
BUET,CSE,7.0,multi_uni,2026-08-24,0,False,Close to what I wanted,75-89%,3-6 hrs,Regularly but not every day,Almost everything,5-6 hrs,Often,6-10 hrs,Sometimes,Mostly suitable,Very little support,Difficult to manage,3,3,1,2,4,1,3,2,2,3,1,1,C3,C3
BRAC,CSE,11.0,multi_uni,2026-08-24,1,False,"Yes, exactly what I wanted",75-89%,7-10 hrs,Regularly but not every day,About half,6-7 hrs,Almost always,More than 15 hrs,Often,Mostly suitable,Very little support,Average,4,3,2,2,2,2,4,4,3,3,1,2,C2,C1
BRAC,CSE,10.0,multi_uni,2026-08-24,1,False,"Yes, exactly what I wanted",75-89%,More than 15 hrs,Regularly but not every day,About half,7-8 hrs,Sometimes,11-15 hrs,Often,Neither good nor bad,Strong support,Difficult to manage,4,3,4,2,2,3,2,3,3,2,4,1,C2,C1
BRAC,CSE,11.0,multi_uni,2026-08-24,1,False,"Yes, exactly what I wanted",90% or more,11-15 hrs,Occasionally when necessary,About half,Less than 5 hrs,Sometimes,11-15 hrs,Sometimes,Mostly suitable,Good support,Average,4,4,3,0,2,0,2,3,2,3,3,2,C2,C1
BRAC,CSE,11.0,multi_uni,2026-08-24,1,False,Close to what I wanted,75-89%,3-6 hrs,Mostly just before exams,Almost nothing,7-8 hrs,Sometimes,6-10 hrs,Almost every day,Mostly suitable,Strong support,Average,3,3,1,1,0,3,2,2,4,3,4,2,C3,C2
BUET,CSE,7.0,multi_uni,2026-08-24,1,False,Close to what I wanted,90% or more,11-15 hrs,Regularly but not every day,Almost everything,5-6 hrs,Rarely,6-10 hrs,Never,Neither good nor bad,Good support,Mostly manageable,3,4,3,2,4,1,1,2,0,2,3,3,C0,C1
BUET,CSE,7.0,multi_uni,2026-08-24,1,False,"Yes, exactly what I wanted",90% or more,7-10 hrs,Occasionally when necessary,Almost everything,Less than 5 hrs,Sometimes,More than 15 hrs,Sometimes,Neither good nor bad,Very little support,Average,4,4,2,0,4,0,2,4,2,2,1,2,C0,C1
BUET,CSE,7.0,multi_uni,2026-08-24,0,False,Close to what I wanted,90% or more,11-15 hrs,Regularly but not every day,About half,7-8 hrs,Almost always,11-15 hrs,Often,Mostly suitable,Strong support,Average,3,4,3,2,2,3,4,3,3,3,4,2,C3,C3
BRAC,CSE,10.0,multi_uni,2026-08-24,0,False,"Yes, exactly what I wanted",75-89%,3-6 hrs,Mostly consistent routine,About half,5-6 hrs,Sometimes,11-15 hrs,Rarely,Somewhat distracting,Good support,Difficult to manage,4,3,1,3,2,1,2,3,1,1,3,1,C0,C0
BRAC,CSE,11.0,multi_uni,2026-08-24,0,False,"Yes, exactly what I wanted",90% or more,Less than 3 hrs,Mostly just before exams,About half,6-7 hrs,Often,None,Often,Somewhat distracting,Some support,Average,4,4,0,1,2,2,3,0,3,1,2,2,C3,C3
BUET,CSE,7.0,multi_uni,2026-08-24,0,False,"Yes, exactly what I wanted",90% or more,3-6 hrs,Mostly consistent routine,About half,6-7 hrs,Rarely,6-10 hrs,Often,Mostly suitable,Some support,Average,4,4,1,3,2,2,1,2,3,3,2,2,C2,C2
BRAC,CSE,11.0,multi_uni,2026-08-24,0,False,Close to what I wanted,90% or more,7-10 hrs,Mostly just before exams,About half,7-8 hrs,Often,None,Almost every day,Somewhat distracting,Some support,Mostly manageable,3,4,2,1,2,3,3,0,4,1,2,3,C3,C3
BRAC,CSE,10.0,multi_uni,2026-08-24,0,False,"Yes, exactly what I wanted",60-74%,11-15 hrs,Occasionally when necessary,About half,6-7 hrs,Often,None,Often,Neither good nor bad,Some support,Average,4,2,3,0,2,2,3,0,3,2,2,2,C3,C3
BRAC,CSE,11.0,multi_uni,2026-08-24,0,False,Close to what I wanted,60-74%,7-10 hrs,Mostly consistent routine,About half,6-7 hrs,Often,1-5 hrs,Often,Mostly suitable,Good support,Difficult to manage,3,2,2,3,2,2,3,1,3,3,3,1,C3,C3
BUET,CSE,7.0,multi_uni,2026-08-24,1,False,Somewhat different,75-89%,11-15 hrs,Mostly just before exams,A little,5-6 hrs,Sometimes,1-5 hrs,Often,Neither good nor bad,Some support,Average,2,3,3,1,1,1,2,1,3,2,2,2,C2,C1
BUET,CSE,7.0,multi_uni,2026-08-24,0,False,Mostly different,75-89%,Less than 3 hrs,Occasionally when necessary,Almost everything,5-6 hrs,Rarely,1-5 hrs,Often,Mostly suitable,Very little support,Mostly manageable,1,3,0,0,4,1,1,1,3,3,1,3,C0,C0
BRAC,CSE,10.0,multi_uni,2026-08-24,0,False,"Yes, exactly what I wanted",90% or more,3-6 hrs,Mostly consistent routine,Almost everything,7-8 hrs,Rarely,6-10 hrs,Often,Mostly suitable,Good support,Average,4,4,1,3,4,3,1,2,3,3,3,2,C0,C0
BRAC,CSE,11.0,multi_uni,2026-08-24,0,False,"Yes, exactly what I wanted",60-74%,11-15 hrs,Regularly but not every day,About half,7-8 hrs,Often,1-5 hrs,Almost every day,Neither good nor bad,Some support,Difficult to manage,4,2,3,2,2,3,3,1,4,2,2,1,C1,C1
BRAC,CSE,10.0,multi_uni,2026-08-24,0,False,"Yes, exactly what I wanted",75-89%,Less than 3 hrs,Mostly consistent routine,About half,Less than 5 hrs,Rarely,More than 15 hrs,Rarely,Mostly suitable,Good support,Average,4,3,0,3,2,0,1,4,1,3,3,2,C2,C2
BUET,CSE,7.0,multi_uni,2026-08-24,0,False,Mostly different,90% or more,7-10 hrs,Mostly consistent routine,About half,5-6 hrs,Often,1-5 hrs,Often,Mostly suitable,No support,Average,1,4,2,3,2,1,3,1,3,3,0,2,C2,C2
BRAC,CSE,10.0,multi_uni,2026-08-24,1,False,"Yes, exactly what I wanted",90% or more,7-10 hrs,Mostly just before exams,About half,6-7 hrs,Never,6-10 hrs,Almost every day,Mostly suitable,Some support,Average,4,4,2,1,2,2,0,2,4,3,2,2,C0,C1
BRAC,CSE,11.0,multi_uni,2026-08-24,1,False,"Yes, exactly what I wanted",90% or more,More than 15 hrs,Occasionally when necessary,About half,6-7 hrs,Sometimes,More than 15 hrs,Almost every day,Mostly suitable,Some support,Difficult to manage,4,4,4,0,2,2,2,4,4,3,2,1,C1,C2
BRAC,CSE,10.0,multi_uni,2026-08-24,0,False,Somewhat different,75-89%,7-10 hrs,Regularly but not every day,About half,7-8 hrs,Almost always,1-5 hrs,Often,Mostly suitable,Good support,Difficult to manage,2,3,2,2,2,3,4,1,3,3,3,1,C3,C3
BRAC,CSE,11.0,multi_uni,2026-08-24,0,False,Close to what I wanted,75-89%,3-6 hrs,Regularly but not every day,Almost everything,7-8 hrs,Rarely,1-5 hrs,Rarely,Neither good nor bad,Strong support,Mostly manageable,3,3,1,2,4,3,1,1,1,2,4,3,C2,C2
BRAC,CSE,11.0,multi_uni,2026-08-24,0,False,"Yes, exactly what I wanted",75-89%,7-10 hrs,Mostly just before exams,Almost nothing,6-7 hrs,Often,More than 15 hrs,Never,Somewhat distracting,Some support,Average,4,3,2,1,0,2,3,4,0,1,2,2,C2,C2
BRAC,CSE,10.0,multi_uni,2026-08-24,0,False,"Yes, exactly what I wanted",75-89%,Less than 3 hrs,Regularly but not every day,A little,6-7 hrs,Often,6-10 hrs,Rarely,Very distracting,Strong support,Average,4,3,0,2,1,2,3,2,1,0,4,2,C2,C2
BRAC,CSE,10.0,multi_uni,2026-08-24,0,False,Close to what I wanted,75-89%,3-6 hrs,Mostly just before exams,Most of it,7-8 hrs,Often,1-5 hrs,Often,Neither good nor bad,Some support,Difficult to manage,3,3,1,1,3,3,3,1,3,2,2,1,C3,C3
BRAC,CSE,11.0,multi_uni,2026-08-24,0,False,Mostly different,75-89%,7-10 hrs,Regularly but not every day,About half,7-8 hrs,Often,1-5 hrs,Rarely,Excellent for focused study,Some support,Mostly manageable,1,3,2,2,2,3,3,1,1,4,2,3,C3,C3
BRAC,CSE,10.0,multi_uni,2026-08-24,0,False,Close to what I wanted,90% or more,3-6 hrs,Mostly just before exams,A little,5-6 hrs,Almost always,None,Often,Very distracting,Good support,Average,3,4,1,1,1,1,4,0,3,0,3,2,C3,C3
BRAC,CSE,11.0,multi_uni,2026-08-24,0,False,Somewhat different,75-89%,3-6 hrs,Mostly just before exams,A little,6-7 hrs,Often,1-5 hrs,Often,Somewhat distracting,Good support,Mostly manageable,2,3,1,1,1,2,3,1,3,1,3,3,C2,C2
BRAC,CSE,10.0,multi_uni,2026-08-24,1,False,"Yes, exactly what I wanted",75-89%,7-10 hrs,Consistent throughout the semester,About half,5-6 hrs,Often,1-5 hrs,Sometimes,Somewhat distracting,Some support,Completely unmanageable,4,3,2,4,2,1,3,1,2,1,2,0,C2,C3
BRAC,CSE,11.0,multi_uni,2026-08-24,1,False,Close to what I wanted,60-74%,Less than 3 hrs,Occasionally when necessary,A little,Less than 5 hrs,Sometimes,1-5 hrs,Often,Mostly suitable,Strong support,Average,3,2,0,0,1,0,2,1,3,3,4,2,C2,C3
BRAC,CSE,10.0,multi_uni,2026-08-24,0,False,Not at all what I wanted,75-89%,3-6 hrs,Regularly but not every day,About half,More than 8 hrs,Often,6-10 hrs,Never,Excellent for focused study,Good support,Average,0,3,1,2,2,4,3,2,0,4,3,2,C2,C2
BRAC,CSE,11.0,multi_uni,2026-08-24,1,False,"Yes, exactly what I wanted",75-89%,11-15 hrs,Regularly but not every day,About half,6-7 hrs,Often,11-15 hrs,Almost every day,Somewhat distracting,Good support,Difficult to manage,4,3,3,2,2,2,3,3,4,1,3,1,C2,C1
BRAC,CSE,10.0,multi_uni,2026-08-24,0,False,Mostly different,90% or more,7-10 hrs,Occasionally when necessary,Most of it,7-8 hrs,Often,None,Sometimes,Excellent for focused study,Strong support,Completely unmanageable,1,4,2,0,3,3,3,0,2,4,4,0,C0,C0
BRAC,CSE,11.0,multi_uni,2026-08-24,0,False,"Yes, exactly what I wanted",75-89%,7-10 hrs,Mostly consistent routine,Most of it,6-7 hrs,Sometimes,More than 15 hrs,Almost every day,Somewhat distracting,Good support,Difficult to manage,4,3,2,3,3,2,2,4,4,1,3,1,C0,C0
BRAC,EEE,11.0,multi_uni,2026-08-25,0,False,"Yes, exactly what I wanted",75-89%,3-6 hrs,Mostly just before exams,About half,7-8 hrs,Often,1-5 hrs,Often,Very distracting,Good support,Difficult to manage,4,3,1,1,2,3,3,1,3,0,3,1,C3,C3
BRAC,CSE,10.0,multi_uni,2026-08-25,1,False,"Yes, exactly what I wanted",75-89%,7-10 hrs,Mostly consistent routine,Almost nothing,Less than 5 hrs,Often,6-10 hrs,Sometimes,Neither good nor bad,Strong support,Average,4,3,2,3,0,0,3,2,2,2,4,2,C1,C2
BRAC,EEE,10.0,multi_uni,2026-08-25,0,False,"Yes, exactly what I wanted",75-89%,Less than 3 hrs,Mostly consistent routine,About half,7-8 hrs,Almost always,None,Sometimes,Excellent for focused study,Very little support,Difficult to manage,4,3,0,3,2,3,4,0,2,4,1,1,C1,C1
BRAC,CSE,10.0,multi_uni,2026-08-26,0,False,Somewhat different,75-89%,Less than 3 hrs,Mostly consistent routine,Almost nothing,6-7 hrs,Rarely,6-10 hrs,Often,Neither good nor bad,Very little support,Difficult to manage,2,3,0,3,0,2,1,2,3,2,1,1,C1,C1
BRAC,EEE,11.0,multi_uni,2026-08-26,0,False,Close to what I wanted,90% or more,Less than 3 hrs,Consistent throughout the semester,A little,5-6 hrs,Rarely,None,Almost every day,Mostly suitable,Very little support,Average,3,4,0,4,1,1,1,0,4,3,1,2,C2,C2
BRAC,CSE,10.0,multi_uni,2026-08-26,0,False,Somewhat different,90% or more,3-6 hrs,Mostly just before exams,Most of it,6-7 hrs,Sometimes,6-10 hrs,Often,Mostly suitable,No support,Average,2,4,1,1,3,2,2,2,3,3,0,2,C1,C1
BRAC,ECE,10.0,multi_uni,2026-08-26,1,False,"Yes, exactly what I wanted",75-89%,7-10 hrs,Mostly just before exams,Most of it,6-7 hrs,Almost always,1-5 hrs,Often,Mostly suitable,Good support,Average,4,3,2,1,3,2,4,1,3,3,3,2,C0,C1
BRAC,EEE,11.0,multi_uni,2026-08-26,0,False,Close to what I wanted,90% or more,11-15 hrs,Mostly just before exams,A little,5-6 hrs,Sometimes,11-15 hrs,Never,Somewhat distracting,Good support,Difficult to manage,3,4,3,1,1,1,2,3,0,1,3,1,C3,C3
BRAC,CSE,11.0,multi_uni,2026-08-26,0,False,Close to what I wanted,90% or more,11-15 hrs,Regularly but not every day,About half,Less than 5 hrs,Almost always,1-5 hrs,Sometimes,Excellent for focused study,Very little support,Very healthy and balanced,3,4,3,2,2,0,4,1,2,4,1,4,C1,C1
BRAC,EEE,10.0,multi_uni,2026-08-26,1,False,Close to what I wanted,90% or more,7-10 hrs,Mostly consistent routine,A little,6-7 hrs,Rarely,6-10 hrs,Often,Somewhat distracting,Some support,Average,3,4,2,3,1,2,1,2,3,1,2,2,C1,C2
BRAC,ECE,11.0,multi_uni,2026-08-26,0,False,"Yes, exactly what I wanted",75-89%,Less than 3 hrs,Consistent throughout the semester,Almost everything,6-7 hrs,Sometimes,None,Almost every day,Excellent for focused study,Some support,Difficult to manage,4,3,0,4,4,2,2,0,4,4,2,1,C3,C3
BRAC,CSE,11.0,multi_uni,2026-08-26,1,False,"Yes, exactly what I wanted",75-89%,3-6 hrs,Regularly but not every day,A little,6-7 hrs,Often,None,Often,Somewhat distracting,Some support,Mostly manageable,4,3,1,2,1,2,3,0,3,1,2,3,C0,C1
BRAC,ECE,11.0,multi_uni,2026-08-26,0,False,Close to what I wanted,75-89%,7-10 hrs,Mostly just before exams,Most of it,7-8 hrs,Sometimes,6-10 hrs,Often,Excellent for focused study,Some support,Average,3,3,2,1,3,3,2,2,3,4,2,2,C0,C0
BRAC,CSE,11.0,multi_uni,2026-08-26,0,False,"Yes, exactly what I wanted",90% or more,3-6 hrs,Mostly just before exams,About half,7-8 hrs,Almost always,6-10 hrs,Often,Mostly suitable,Some support,Mostly manageable,4,4,1,1,2,3,4,2,3,3,2,3,C3,C3
BRAC,CSE,10.0,multi_uni,2026-08-26,0,False,Somewhat different,90% or more,Less than 3 hrs,Regularly but not every day,A little,5-6 hrs,Almost always,None,Almost every day,Mostly suitable,No support,Mostly manageable,2,4,0,2,1,1,4,0,4,3,0,3,C2,C2
BUET,CSE,7.0,multi_uni,2026-08-26,1,False,Mostly different,90% or more,3-6 hrs,Mostly just before exams,A little,7-8 hrs,Often,1-5 hrs,Rarely,Somewhat distracting,Good support,Very healthy and balanced,1,4,1,1,1,3,3,1,1,1,3,4,C1,C0
BUET,CSE,7.0,multi_uni,2026-08-26,0,False,Somewhat different,75-89%,7-10 hrs,Consistent throughout the semester,Most of it,7-8 hrs,Almost always,6-10 hrs,Often,Mostly suitable,Some support,Mostly manageable,2,3,2,4,3,3,4,2,3,3,2,3,C2,C2
BRAC,CSE,11.0,multi_uni,2026-08-26,0,False,"Yes, exactly what I wanted",90% or more,7-10 hrs,Consistent throughout the semester,Most of it,Less than 5 hrs,Rarely,None,Sometimes,Excellent for focused study,Some support,Difficult to manage,4,4,2,4,3,0,1,0,2,4,2,1,C1,C1
CUET,CSE,7.0,multi_uni,2026-08-26,0,False,Close to what I wanted,75-89%,7-10 hrs,Regularly but not every day,Most of it,7-8 hrs,Sometimes,6-10 hrs,Often,Neither good nor bad,Very little support,Average,3,3,2,2,3,3,2,2,3,2,1,2,C3,C3
CUET,EEE,7.0,multi_uni,2026-08-26,1,False,Close to what I wanted,75-89%,3-6 hrs,Occasionally when necessary,Most of it,7-8 hrs,Almost always,6-10 hrs,Rarely,Neither good nor bad,Good support,Difficult to manage,3,3,1,0,3,3,4,2,1,2,3,1,C2,C3
BRAC,CSE,10.0,multi_uni,2026-08-26,0,False,"Yes, exactly what I wanted",60-74%,Less than 3 hrs,Occasionally when necessary,About half,6-7 hrs,Often,1-5 hrs,Sometimes,Neither good nor bad,Very little support,Average,4,2,0,0,2,2,3,1,2,2,1,2,C3,C3
BRAC,CSE,10.0,multi_uni,2026-08-26,0,False,Close to what I wanted,90% or more,7-10 hrs,Mostly just before exams,Most of it,6-7 hrs,Never,1-5 hrs,Almost every day,Mostly suitable,Some support,Average,3,4,2,1,3,2,0,1,4,3,2,2,C0,C0
CUET,ECE,7.0,multi_uni,2026-08-26,0,False,Close to what I wanted,75-89%,7-10 hrs,Occasionally when necessary,Most of it,6-7 hrs,Sometimes,1-5 hrs,Often,Neither good nor bad,Some support,Average,3,3,2,0,3,2,2,1,3,2,2,2,C1,C1
BRAC,CSE,11.0,multi_uni,2026-08-26,0,False,Close to what I wanted,60-74%,7-10 hrs,Occasionally when necessary,Almost everything,7-8 hrs,Often,1-5 hrs,Often,Neither good nor bad,Very little support,Average,3,2,2,0,4,3,3,1,3,2,1,2,C3,C3
BRAC,CSE,11.0,multi_uni,2026-08-26,0,False,"Yes, exactly what I wanted",75-89%,7-10 hrs,Occasionally when necessary,Most of it,5-6 hrs,Rarely,None,Often,Very distracting,Good support,Mostly manageable,4,3,2,0,3,1,1,0,3,0,3,3,C2,C2
CUET,CSE,7.0,multi_uni,2026-08-26,0,False,Close to what I wanted,90% or more,3-6 hrs,Regularly but not every day,Most of it,Less than 5 hrs,Rarely,1-5 hrs,Almost every day,Mostly suitable,Good support,Completely unmanageable,3,4,1,2,3,0,1,1,4,3,3,0,C2,C2
BRAC,CSE,11.0,multi_uni,2026-08-26,0,False,Close to what I wanted,90% or more,11-15 hrs,Mostly just before exams,Most of it,5-6 hrs,Often,1-5 hrs,Often,Mostly suitable,Good support,Difficult to manage,3,4,3,1,3,1,3,1,3,3,3,1,C1,C1
BRAC,CSE,11.0,multi_uni,2026-08-26,1,False,Close to what I wanted,60-74%,7-10 hrs,Mostly just before exams,About half,6-7 hrs,Never,6-10 hrs,Often,Mostly suitable,Some support,Difficult to manage,3,2,2,1,2,2,0,2,3,3,2,1,C0,C1
BUET,CSE,7.0,multi_uni,2026-08-26,1,False,"Yes, exactly what I wanted",90% or more,7-10 hrs,Mostly consistent routine,Most of it,7-8 hrs,Sometimes,6-10 hrs,Sometimes,Somewhat distracting,No support,Very healthy and balanced,4,4,2,3,3,3,2,2,2,1,0,4,C0,C1
BRAC,CSE,10.0,multi_uni,2026-08-26,0,False,"Yes, exactly what I wanted",75-89%,3-6 hrs,Regularly but not every day,Most of it,5-6 hrs,Rarely,1-5 hrs,Sometimes,Excellent for focused study,Very little support,Mostly manageable,4,3,1,2,3,1,1,1,2,4,1,3,C1,C1
BUET,CSE,7.0,multi_uni,2026-08-26,0,False,"Yes, exactly what I wanted",75-89%,7-10 hrs,Occasionally when necessary,A little,5-6 hrs,Sometimes,6-10 hrs,Rarely,Neither good nor bad,Very little support,Difficult to manage,4,3,2,0,1,1,2,2,1,2,1,1,C3,C3
BRAC,CSE,10.0,multi_uni,2026-08-26,0,False,"Yes, exactly what I wanted",75-89%,3-6 hrs,Occasionally when necessary,Most of it,6-7 hrs,Often,1-5 hrs,Often,Somewhat distracting,Good support,Very healthy and balanced,4,3,1,0,3,2,3,1,3,1,3,4,C2,C2
BRAC,EEE,11.0,multi_uni,2026-08-26,0,False,"Yes, exactly what I wanted",90% or more,Less than 3 hrs,Occasionally when necessary,Almost everything,5-6 hrs,Almost always,1-5 hrs,Often,Mostly suitable,Good support,Mostly manageable,4,4,0,0,4,1,4,1,3,3,3,3,C2,C2
BRAC,CSE,11.0,multi_uni,2026-08-26,0,False,"Yes, exactly what I wanted",75-89%,Less than 3 hrs,Mostly just before exams,Most of it,5-6 hrs,Almost always,None,Sometimes,Excellent for focused study,Some support,Average,4,3,0,1,3,1,4,0,2,4,2,2,C0,C0
BUET,ChE,11.0,multi_uni,2026-08-26,3,False,Not at all what I wanted,90% or more,More than 15 hrs,Mostly just before exams,A little,7-8 hrs,Never,6-10 hrs,Rarely,Mostly suitable,Good support,Difficult to manage,0,4,4,1,1,3,0,2,1,3,3,1,C0,C3
BUET,MME,11.0,multi_uni,2026-08-26,0,False,Close to what I wanted,90% or more,3-6 hrs,Consistent throughout the semester,Almost everything,7-8 hrs,Often,11-15 hrs,Sometimes,Excellent for focused study,Strong support,Mostly manageable,3,4,1,4,4,3,3,3,2,4,4,3,C0,C0
BRAC,EEE,11.0,multi_uni,2026-08-26,0,False,Close to what I wanted,90% or more,Less than 3 hrs,Occasionally when necessary,About half,6-7 hrs,Sometimes,1-5 hrs,Almost every day,Somewhat distracting,Some support,Very healthy and balanced,3,4,0,0,2,2,2,1,4,1,2,4,C3,C3
BUET,NCE,4.0,multi_uni,2026-08-26,0,False,"Yes, exactly what I wanted",60-74%,3-6 hrs,Regularly but not every day,A little,More than 8 hrs,Never,6-10 hrs,Almost every day,Somewhat distracting,Good support,Difficult to manage,4,2,1,2,1,4,0,2,4,1,3,1,C3,C3
BUET,PMRE,5.0,multi_uni,2026-08-26,2,False,Mostly different,90% or more,More than 15 hrs,Mostly just before exams,Most of it,7-8 hrs,Almost always,6-10 hrs,Rarely,Neither good nor bad,No support,Average,1,4,4,1,3,3,4,2,1,2,0,2,C1,C3
BRAC,EEE,10.0,multi_uni,2026-08-26,0,False,Somewhat different,90% or more,7-10 hrs,Occasionally when necessary,About half,6-7 hrs,Sometimes,1-5 hrs,Rarely,Mostly suitable,Some support,Mostly manageable,2,4,2,0,2,2,2,1,1,3,2,3,C1,C1
BUET,ME,6.0,multi_uni,2026-08-26,2,False,Somewhat different,60-74%,More than 15 hrs,Mostly consistent routine,Almost nothing,7-8 hrs,Almost always,None,Almost every day,Mostly suitable,Very little support,Completely unmanageable,2,2,4,3,0,3,4,0,4,3,1,0,C0,C2
BUET,IPE,1.0,multi_uni,2026-08-26,2,False,Not at all what I wanted,60-74%,7-10 hrs,Occasionally when necessary,Almost everything,6-7 hrs,Never,11-15 hrs,Rarely,Very distracting,Some support,Completely unmanageable,0,2,2,0,4,2,0,3,1,0,2,0,C2,C0
BUET,NAME,9.0,multi_uni,2026-08-26,2,False,Somewhat different,75-89%,3-6 hrs,Occasionally when necessary,Almost nothing,6-7 hrs,Sometimes,6-10 hrs,Rarely,Neither good nor bad,No support,Very healthy and balanced,2,3,1,0,0,2,2,2,1,2,0,4,C3,C1
BUET,MIE,10.0,multi_uni,2026-08-26,3,False,Not at all what I wanted,60-74%,Less than 3 hrs,Consistent throughout the semester,Most of it,Less than 5 hrs,Rarely,None,Sometimes,Excellent for focused study,Good support,Very healthy and balanced,0,2,0,4,3,0,1,0,2,4,3,4,C0,C3
BUET,EEE,3.0,multi_uni,2026-08-26,0,False,Mostly different,75-89%,11-15 hrs,Mostly just before exams,About half,7-8 hrs,Often,1-5 hrs,Almost every day,Neither good nor bad,No support,Average,1,3,3,1,2,3,3,1,4,2,0,2,C0,C0
BUET,CSE,4.0,multi_uni,2026-08-26,1,False,"Yes, exactly what I wanted",75-89%,7-10 hrs,Occasionally when necessary,A little,7-8 hrs,Rarely,None,Never,Somewhat distracting,No support,Average,4,3,2,0,1,3,1,0,0,1,0,2,C2,C3
BUET,BME,4.0,multi_uni,2026-08-26,3,False,Somewhat different,90% or more,7-10 hrs,Mostly just before exams,Most of it,6-7 hrs,Often,1-5 hrs,Often,Somewhat distracting,Some support,Completely unmanageable,2,4,2,1,3,2,3,1,3,1,2,0,C0,C3
BUET,ARCH,1.0,multi_uni,2026-08-26,1,False,Somewhat different,90% or more,3-6 hrs,Regularly but not every day,Most of it,7-8 hrs,Rarely,None,Rarely,Mostly suitable,Good support,Difficult to manage,2,4,1,2,3,3,1,0,1,3,3,1,C0,C1
BUET,URP,1.0,multi_uni,2026-08-26,0,False,Close to what I wanted,75-89%,More than 15 hrs,Occasionally when necessary,A little,More than 8 hrs,Sometimes,None,Never,Very distracting,Good support,Average,3,3,4,0,1,4,2,0,0,0,3,2,C3,C3
BUET,CE,5.0,multi_uni,2026-08-26,0,False,Somewhat different,75-89%,More than 15 hrs,Regularly but not every day,Most of it,7-8 hrs,Rarely,11-15 hrs,Almost every day,Neither good nor bad,Strong support,Difficult to manage,2,3,4,2,3,3,1,3,4,2,4,1,C2,C2
BUET,WRE,10.0,multi_uni,2026-08-26,3,False,Close to what I wanted,75-89%,More than 15 hrs,Regularly but not every day,Almost everything,More than 8 hrs,Almost always,1-5 hrs,Rarely,Neither good nor bad,Some support,Difficult to manage,3,3,4,2,4,4,4,1,1,2,2,1,C0,C3
BUET,ChE,8.0,multi_uni,2026-08-26,2,False,Somewhat different,75-89%,7-10 hrs,Regularly but not every day,Almost nothing,7-8 hrs,Often,11-15 hrs,Never,Mostly suitable,Some support,Mostly manageable,2,3,2,2,0,3,3,3,0,3,2,3,C2,C0
BUET,MME,10.0,multi_uni,2026-08-26,1,False,Close to what I wanted,60-74%,3-6 hrs,Regularly but not every day,About half,More than 8 hrs,Often,1-5 hrs,Often,Neither good nor bad,Some support,Completely unmanageable,3,2,1,2,2,4,3,1,3,2,2,0,C0,C1
BUET,NCE,7.0,multi_uni,2026-08-26,2,False,Not at all what I wanted,90% or more,7-10 hrs,Mostly consistent routine,About half,7-8 hrs,Sometimes,More than 15 hrs,Sometimes,Mostly suitable,Good support,Mostly manageable,0,4,2,3,2,3,2,4,2,3,3,3,C0,C2
BUET,PMRE,8.0,multi_uni,2026-08-26,0,False,Not at all what I wanted,60-74%,11-15 hrs,Regularly but not every day,About half,Less than 5 hrs,Almost always,1-5 hrs,Sometimes,Neither good nor bad,Some support,Average,0,2,3,2,2,0,4,1,2,2,2,2,C1,C1
BUET,ME,12.0,multi_uni,2026-08-26,2,False,Mostly different,60-74%,11-15 hrs,Mostly just before exams,Most of it,More than 8 hrs,Often,6-10 hrs,Never,Very distracting,Good support,Mostly manageable,1,2,3,1,3,4,3,2,0,0,3,3,C2,C0
BRAC,CSE,11.0,multi_uni,2026-08-26,0,False,"Yes, exactly what I wanted",90% or more,3-6 hrs,Occasionally when necessary,A little,5-6 hrs,Sometimes,6-10 hrs,Sometimes,Neither good nor bad,Good support,Average,4,4,1,0,1,1,2,2,2,2,3,2,C2,C2
BUET,IPE,6.0,multi_uni,2026-08-26,1,False,Not at all what I wanted,75-89%,Less than 3 hrs,Mostly just before exams,Most of it,Less than 5 hrs,Never,None,Rarely,Very distracting,Some support,Mostly manageable,0,3,0,1,3,0,0,0,1,0,2,3,C0,C1
BUET,NAME,11.0,multi_uni,2026-08-26,1,False,"Yes, exactly what I wanted",90% or more,3-6 hrs,Regularly but not every day,A little,7-8 hrs,Never,11-15 hrs,Sometimes,Excellent for focused study,Some support,Average,4,4,1,2,1,3,0,3,2,4,2,2,C0,C1
BRAC,EEE,10.0,multi_uni,2026-08-26,0,False,Not at all what I wanted,90% or more,Less than 3 hrs,Mostly just before exams,Almost everything,6-7 hrs,Almost always,11-15 hrs,Often,Mostly suitable,Strong support,Average,0,4,0,1,4,2,4,3,3,3,4,2,C3,C3
BUET,MIE,1.0,multi_uni,2026-08-26,3,False,"Yes, exactly what I wanted",75-89%,7-10 hrs,Mostly just before exams,Almost everything,6-7 hrs,Rarely,11-15 hrs,Almost every day,Mostly suitable,Good support,Average,4,3,2,1,4,2,1,3,4,3,3,2,C0,C3
BUET,EEE,5.0,multi_uni,2026-08-26,1,False,Mostly different,90% or more,3-6 hrs,Occasionally when necessary,Almost nothing,5-6 hrs,Often,6-10 hrs,Often,Neither good nor bad,Strong support,Average,1,4,1,0,0,1,3,2,3,2,4,2,C3,C2
BUET,CSE,11.0,multi_uni,2026-08-26,0,False,"Yes, exactly what I wanted",90% or more,Less than 3 hrs,Occasionally when necessary,Almost everything,6-7 hrs,Rarely,11-15 hrs,Sometimes,Mostly suitable,Very little support,Mostly manageable,4,4,0,0,4,2,1,3,2,3,1,3,C0,C0
BRAC,ECE,11.0,multi_uni,2026-08-26,0,False,Somewhat different,90% or more,3-6 hrs,Regularly but not every day,About half,Less than 5 hrs,Rarely,1-5 hrs,Sometimes,Very distracting,Some support,Average,2,4,1,2,2,0,1,1,2,0,2,2,C0,C0
BUET,BME,4.0,multi_uni,2026-08-26,1,False,Mostly different,75-89%,Less than 3 hrs,Regularly but not every day,A little,Less than 5 hrs,Often,6-10 hrs,Almost every day,Somewhat distracting,Good support,Very healthy and balanced,1,3,0,2,1,0,3,2,4,1,3,4,C2,C1
BUET,ARCH,1.0,multi_uni,2026-08-26,0,False,Not at all what I wanted,75-89%,3-6 hrs,Mostly consistent routine,Almost everything,Less than 5 hrs,Rarely,6-10 hrs,Never,Very distracting,Good support,Mostly manageable,0,3,1,3,4,0,1,2,0,0,3,3,C1,C1
BUET,URP,9.0,multi_uni,2026-08-26,1,False,"Yes, exactly what I wanted",60-74%,3-6 hrs,Regularly but not every day,About half,6-7 hrs,Almost always,More than 15 hrs,Rarely,Very distracting,Strong support,Very healthy and balanced,4,2,1,2,2,2,4,4,1,0,4,4,C0,C1
BRAC,ECE,10.0,multi_uni,2026-08-26,1,False,"Yes, exactly what I wanted",90% or more,Less than 3 hrs,Regularly but not every day,Almost nothing,7-8 hrs,Sometimes,None,Sometimes,Somewhat distracting,Good support,Mostly manageable,4,4,0,2,0,3,2,0,2,1,3,3,C0,C1
BUET,CE,12.0,multi_uni,2026-08-26,0,False,"Yes, exactly what I wanted",90% or more,Less than 3 hrs,Mostly consistent routine,Most of it,5-6 hrs,Rarely,None,Often,Excellent for focused study,No support,Mostly manageable,4,4,0,3,3,1,1,0,3,4,0,3,C0,C0
BRAC,EEE,11.0,multi_uni,2026-08-26,0,False,Mostly different,90% or more,3-6 hrs,Mostly just before exams,A little,6-7 hrs,Often,6-10 hrs,Almost every day,Very distracting,Some support,Mostly manageable,1,4,1,1,1,2,3,2,4,0,2,3,C0,C0
BUET,WRE,2.0,multi_uni,2026-08-26,3,False,Close to what I wanted,90% or more,11-15 hrs,Consistent throughout the semester,Almost nothing,6-7 hrs,Rarely,None,Often,Somewhat distracting,No support,Very healthy and balanced,3,4,3,4,0,2,1,0,3,1,0,4,C3,C0
BUET,ChE,3.0,multi_uni,2026-08-26,0,False,Close to what I wanted,75-89%,3-6 hrs,Occasionally when necessary,Most of it,6-7 hrs,Sometimes,More than 15 hrs,Often,Very distracting,Strong support,Mostly manageable,3,3,1,0,3,2,2,4,3,0,4,3,C3,C3
BUET,MME,12.0,multi_uni,2026-08-26,3,False,"Yes, exactly what I wanted",75-89%,Less than 3 hrs,Regularly but not every day,About half,Less than 5 hrs,Almost always,More than 15 hrs,Almost every day,Neither good nor bad,No support,Completely unmanageable,4,3,0,2,2,0,4,4,4,2,0,0,C3,C0
BUET,NCE,12.0,multi_uni,2026-08-26,2,False,Not at all what I wanted,75-89%,11-15 hrs,Consistent throughout the semester,Most of it,Less than 5 hrs,Sometimes,11-15 hrs,Never,Very distracting,No support,Average,0,3,3,4,3,0,2,3,0,0,0,2,C3,C1
BRAC,CSE,10.0,multi_uni,2026-08-26,0,False,Close to what I wanted,90% or more,Less than 3 hrs,Regularly but not every day,A little,6-7 hrs,Sometimes,6-10 hrs,Almost every day,Mostly suitable,Good support,Average,3,4,0,2,1,2,2,2,4,3,3,2,C3,C3
BUET,PMRE,7.0,multi_uni,2026-08-26,1,False,Not at all what I wanted,75-89%,Less than 3 hrs,Regularly but not every day,Almost everything,More than 8 hrs,Rarely,More than 15 hrs,Never,Somewhat distracting,No support,Mostly manageable,0,3,0,2,4,4,1,4,0,1,0,3,C1,C2
BUET,ME,11.0,multi_uni,2026-08-26,0,False,Somewhat different,60-74%,Less than 3 hrs,Regularly but not every day,A little,Less than 5 hrs,Rarely,More than 15 hrs,Almost every day,Somewhat distracting,Very little support,Very healthy and balanced,2,2,0,2,1,0,1,4,4,1,1,4,C3,C3
BRAC,CSE,11.0,multi_uni,2026-08-26,0,False,Close to what I wanted,90% or more,3-6 hrs,Mostly just before exams,Most of it,6-7 hrs,Often,11-15 hrs,Often,Somewhat distracting,Strong support,Average,3,4,1,1,3,2,3,3,3,1,4,2,C0,C0
BUET,IPE,11.0,multi_uni,2026-08-26,0,False,Close to what I wanted,75-89%,7-10 hrs,Mostly just before exams,Most of it,More than 8 hrs,Almost always,1-5 hrs,Rarely,Very distracting,Some support,Mostly manageable,3,3,2,1,3,4,4,1,1,0,2,3,C0,C0
BRAC,CSE,11.0,multi_uni,2026-08-26,1,False,Close to what I wanted,75-89%,3-6 hrs,Occasionally when necessary,Almost everything,7-8 hrs,Almost always,6-10 hrs,Often,Somewhat distracting,Very little support,Average,3,3,1,0,4,3,4,2,3,1,1,2,C1,C2
BUET,NAME,5.0,multi_uni,2026-08-26,2,False,Close to what I wanted,75-89%,More than 15 hrs,Mostly just before exams,Almost everything,Less than 5 hrs,Sometimes,More than 15 hrs,Almost every day,Mostly suitable,Good support,Mostly manageable,3,3,4,1,4,0,2,4,4,3,3,3,C0,C2
BUET,MIE,9.0,multi_uni,2026-08-26,2,False,Mostly different,60-74%,Less than 3 hrs,Mostly just before exams,Almost everything,6-7 hrs,Sometimes,1-5 hrs,Never,Somewhat distracting,No support,Very healthy and balanced,1,2,0,1,4,2,2,1,0,1,0,4,C0,C2
BUET,EEE,4.0,multi_uni,2026-08-26,3,False,Close to what I wanted,90% or more,3-6 hrs,Mostly consistent routine,A little,5-6 hrs,Rarely,More than 15 hrs,Almost every day,Mostly suitable,Some support,Difficult to manage,3,4,1,3,1,1,1,4,4,3,2,1,C3,C0
BRAC,CSE,11.0,multi_uni,2026-08-26,0,False,Somewhat different,90% or more,Less than 3 hrs,Occasionally when necessary,Most of it,7-8 hrs,Sometimes,6-10 hrs,Sometimes,Mostly suitable,Some support,Average,2,4,0,0,3,3,2,2,2,3,2,2,C2,C2
BRAC,CSE,11.0,multi_uni,2026-08-26,1,False,Somewhat different,75-89%,7-10 hrs,Regularly but not every day,About half,5-6 hrs,Rarely,More than 15 hrs,Almost every day,Mostly suitable,Good support,Average,2,3,2,2,2,1,1,4,4,3,3,2,C1,C2
BUET,CSE,3.0,multi_uni,2026-08-26,2,False,"Yes, exactly what I wanted",90% or more,Less than 3 hrs,Consistent throughout the semester,Most of it,More than 8 hrs,Almost always,More than 15 hrs,Rarely,Excellent for focused study,Strong support,Very healthy and balanced,4,4,0,4,3,4,4,4,1,4,4,4,C2,C0
BRAC,CSE,10.0,multi_uni,2026-08-26,0,False,"Yes, exactly what I wanted",90% or more,7-10 hrs,Regularly but not every day,A little,5-6 hrs,Almost always,6-10 hrs,Sometimes,Somewhat distracting,Some support,Average,4,4,2,2,1,1,4,2,2,1,2,2,C2,C2
BUET,BME,5.0,multi_uni,2026-08-26,3,False,Somewhat different,90% or more,7-10 hrs,Regularly but not every day,Most of it,5-6 hrs,Never,1-5 hrs,Almost every day,Mostly suitable,Very little support,Average,2,4,2,2,3,1,0,1,4,3,1,2,C0,C3
BUET,ARCH,6.0,multi_uni,2026-08-26,1,False,Close to what I wanted,90% or more,7-10 hrs,Occasionally when necessary,Most of it,6-7 hrs,Sometimes,1-5 hrs,Often,Excellent for focused study,Good support,Completely unmanageable,3,4,2,0,3,2,2,1,3,4,3,0,C2,C3
BRAC,CSE,10.0,multi_uni,2026-08-26,0,False,Close to what I wanted,75-89%,Less than 3 hrs,Occasionally when necessary,Most of it,6-7 hrs,Often,None,Almost every day,Neither good nor bad,Good support,Average,3,3,0,0,3,2,3,0,4,2,3,2,C1,C1
BUET,URP,3.0,multi_uni,2026-08-26,2,False,Not at all what I wanted,60-74%,3-6 hrs,Mostly consistent routine,Most of it,6-7 hrs,Never,None,Often,Neither good nor bad,No support,Average,0,2,1,3,3,2,0,0,3,2,0,2,C1,C3
BUET,CE,10.0,multi_uni,2026-08-26,0,False,Not at all what I wanted,60-74%,More than 15 hrs,Regularly but not every day,Almost everything,More than 8 hrs,Often,1-5 hrs,Rarely,Excellent for focused study,No support,Mostly manageable,0,2,4,2,4,4,3,1,1,4,0,3,C1,C1
BRAC,EEE,11.0,multi_uni,2026-08-26,0,False,Close to what I wanted,75-89%,7-10 hrs,Regularly but not every day,Almost nothing,6-7 hrs,Almost always,1-5 hrs,Sometimes,Mostly suitable,Good support,Difficult to manage,3,3,2,2,0,2,4,1,2,3,3,1,C3,C3
BUET,WRE,10.0,multi_uni,2026-08-26,3,False,Not at all what I wanted,75-89%,3-6 hrs,Mostly just before exams,A little,More than 8 hrs,Almost always,11-15 hrs,Rarely,Excellent for focused study,No support,Completely unmanageable,0,3,1,1,1,4,4,3,1,4,0,0,C3,C0
BUET,ChE,1.0,multi_uni,2026-08-26,1,False,"Yes, exactly what I wanted",60-74%,3-6 hrs,Regularly but not every day,A little,6-7 hrs,Almost always,6-10 hrs,Rarely,Very distracting,Very little support,Mostly manageable,4,2,1,2,1,2,4,2,1,0,1,3,C2,C1
BUET,MME,12.0,multi_uni,2026-08-26,1,False,Not at all what I wanted,90% or more,3-6 hrs,Regularly but not every day,About half,5-6 hrs,Often,6-10 hrs,Rarely,Mostly suitable,Very little support,Completely unmanageable,0,4,1,2,2,1,3,2,1,3,1,0,C1,C0
BRAC,CSE,10.0,multi_uni,2026-08-26,1,False,"Yes, exactly what I wanted",75-89%,Less than 3 hrs,Mostly consistent routine,Almost nothing,Less than 5 hrs,Sometimes,6-10 hrs,Sometimes,Mostly suitable,Some support,Mostly manageable,4,3,0,3,0,0,2,2,2,3,2,3,C1,C2
BUET,NCE,3.0,multi_uni,2026-08-26,3,False,"Yes, exactly what I wanted",90% or more,11-15 hrs,Regularly but not every day,Almost everything,5-6 hrs,Never,None,Sometimes,Very distracting,No support,Mostly manageable,4,4,3,2,4,1,0,0,2,0,0,3,C0,C3
BUET,PMRE,6.0,multi_uni,2026-08-26,0,False,Mostly different,90% or more,3-6 hrs,Mostly consistent routine,A little,6-7 hrs,Almost always,1-5 hrs,Rarely,Mostly suitable,Very little support,Completely unmanageable,1,4,1,3,1,2,4,1,1,3,1,0,C0,C0
BRAC,CSE,11.0,multi_uni,2026-08-26,1,False,"Yes, exactly what I wanted",75-89%,Less than 3 hrs,Occasionally when necessary,About half,5-6 hrs,Sometimes,1-5 hrs,Sometimes,Mostly suitable,Strong support,Completely unmanageable,4,3,0,0,2,1,2,1,2,3,4,0,C1,C2
BUET,ME,5.0,multi_uni,2026-08-26,0,False,Mostly different,90% or more,11-15 hrs,Regularly but not every day,Almost everything,7-8 hrs,Rarely,None,Often,Very distracting,No support,Average,1,4,3,2,4,3,1,0,3,0,0,2,C0,C0
BRAC,CSE,10.0,multi_uni,2026-08-26,1,False,"Yes, exactly what I wanted",90% or more,7-10 hrs,Occasionally when necessary,Almost everything,6-7 hrs,Sometimes,6-10 hrs,Sometimes,Mostly suitable,Some support,Difficult to manage,4,4,2,0,4,2,2,2,2,3,2,1,C1,C2
BRAC,CSE,11.0,multi_uni,2026-08-26,1,False,"Yes, exactly what I wanted",75-89%,7-10 hrs,Regularly but not every day,About half,7-8 hrs,Sometimes,6-10 hrs,Almost every day,Somewhat distracting,Good support,Average,4,3,2,2,2,3,2,2,4,1,3,2,C1,C0
BRAC,CSE,10.0,multi_uni,2026-08-26,0,False,Somewhat different,90% or more,3-6 hrs,Regularly but not every day,Almost nothing,6-7 hrs,Rarely,6-10 hrs,Often,Excellent for focused study,Very little support,Average,2,4,1,2,0,2,1,2,3,4,1,2,C1,C1
BRAC,CSE,11.0,multi_uni,2026-08-26,0,False,Close to what I wanted,75-89%,7-10 hrs,Mostly consistent routine,A little,5-6 hrs,Often,11-15 hrs,Often,Mostly suitable,Very little support,Difficult to manage,3,3,2,3,1,1,3,3,3,3,1,1,C2,C2
BRAC,ECE,10.0,multi_uni,2026-08-26,0,False,Close to what I wanted,90% or more,3-6 hrs,Mostly just before exams,Almost nothing,7-8 hrs,Often,None,Often,Mostly suitable,Some support,Average,3,4,1,1,0,3,3,0,3,3,2,2,C1,C1
CUET,CSE,7.0,multi_uni,2026-08-28,1,False,"Yes, exactly what I wanted",75-89%,More than 15 hrs,Mostly consistent routine,Most of it,5-6 hrs,Rarely,None,Rarely,Neither good nor bad,Good support,Average,4,3,4,3,3,1,1,0,1,2,3,2,C3,C2
CUET,CSE,7.0,multi_uni,2026-08-28,0,False,"Yes, exactly what I wanted",75-89%,More than 15 hrs,Regularly but not every day,Most of it,5-6 hrs,Rarely,11-15 hrs,Rarely,Somewhat distracting,Very little support,Mostly manageable,4,3,4,2,3,1,1,3,1,1,1,3,C2,C2
CUET,CSE,7.0,multi_uni,2026-08-28,0,False,"Yes, exactly what I wanted",90% or more,More than 15 hrs,Regularly but not every day,Most of it,6-7 hrs,Rarely,11-15 hrs,Sometimes,Neither good nor bad,Good support,Mostly manageable,4,4,4,2,3,2,1,3,2,2,3,3,C2,C2
CUET,BME,7.0,multi_uni,2026-08-28,0,False,Somewhat different,75-89%,11-15 hrs,Mostly just before exams,About half,6-7 hrs,Rarely,None,Sometimes,Mostly suitable,Good support,Mostly manageable,2,3,3,1,2,2,1,0,2,3,3,3,C1,C1
CUET,BME,7.0,multi_uni,2026-08-28,0,False,Close to what I wanted,60-74%,11-15 hrs,Mostly just before exams,About half,6-7 hrs,Rarely,None,Often,Neither good nor bad,Good support,Average,3,2,3,1,2,2,1,0,3,2,3,2,C1,C1
CUET,BME,7.0,multi_uni,2026-08-28,1,False,Somewhat different,75-89%,More than 15 hrs,Regularly but not every day,Most of it,6-7 hrs,Rarely,6-10 hrs,Sometimes,Mostly suitable,Some support,Mostly manageable,2,3,4,2,3,2,1,2,2,3,2,3,C2,C1
CUET,BME,7.0,multi_uni,2026-08-28,1,False,Close to what I wanted,75-89%,11-15 hrs,Regularly but not every day,Most of it,6-7 hrs,Rarely,6-10 hrs,Sometimes,Mostly suitable,Some support,Average,3,3,3,2,3,2,1,2,2,3,2,2,C1,C2
CUET,BME,7.0,multi_uni,2026-08-28,0,False,Somewhat different,75-89%,More than 15 hrs,Regularly but not every day,About half,6-7 hrs,Sometimes,11-15 hrs,Sometimes,Mostly suitable,Some support,Average,2,3,4,2,2,2,2,3,2,3,2,2,C2,C2
CUET,EEE,7.0,multi_uni,2026-08-28,1,False,"Yes, exactly what I wanted",75-89%,11-15 hrs,Occasionally when necessary,Most of it,6-7 hrs,Sometimes,11-15 hrs,Often,Mostly suitable,Good support,Average,4,3,3,0,3,2,2,3,3,3,3,2,C2,C1
CUET,ECE,7.0,multi_uni,2026-08-28,0,False,Close to what I wanted,75-89%,More than 15 hrs,Mostly consistent routine,Most of it,5-6 hrs,Rarely,6-10 hrs,Sometimes,Mostly suitable,Good support,Mostly manageable,3,3,4,3,3,1,1,2,2,3,3,3,C2,C2
CUET,CE,7.0,multi_uni,2026-08-28,1,False,"Yes, exactly what I wanted",60-74%,More than 15 hrs,Regularly but not every day,About half,6-7 hrs,Rarely,6-10 hrs,Sometimes,Neither good nor bad,Good support,Average,4,2,4,2,2,2,1,2,2,2,3,2,C2,C1
CUET,ECE,7.0,multi_uni,2026-08-28,0,False,"Yes, exactly what I wanted",90% or more,More than 15 hrs,Mostly consistent routine,Most of it,6-7 hrs,Rarely,None,Rarely,Mostly suitable,Good support,Average,4,4,4,3,3,2,1,0,1,3,3,2,C2,C2
BUET,ChE,8.0,multi_uni,2026-08-28,1,False,Somewhat different,60-74%,More than 15 hrs,Mostly just before exams,Almost nothing,Less than 5 hrs,Sometimes,11-15 hrs,Often,Very distracting,Good support,Difficult to manage,2,2,4,1,0,0,2,3,3,0,3,1,C2,C1
BUET,MME,9.0,multi_uni,2026-08-28,3,False,"Yes, exactly what I wanted",75-89%,More than 15 hrs,Regularly but not every day,Almost everything,7-8 hrs,Often,1-5 hrs,Sometimes,Somewhat distracting,Good support,Difficult to manage,4,3,4,2,4,3,3,1,2,1,3,1,C3,C0
BUET,NCE,12.0,multi_uni,2026-08-28,3,False,"Yes, exactly what I wanted",60-74%,More than 15 hrs,Consistent throughout the semester,Almost everything,6-7 hrs,Almost always,6-10 hrs,Often,Somewhat distracting,Strong support,Average,4,2,4,4,4,2,4,2,3,1,4,2,C0,C3
BUET,PMRE,5.0,multi_uni,2026-08-28,1,False,Somewhat different,75-89%,More than 15 hrs,Consistent throughout the semester,A little,6-7 hrs,Never,6-10 hrs,Almost every day,Very distracting,No support,Difficult to manage,2,3,4,4,1,2,0,2,4,0,0,1,C0,C1
BUET,ME,2.0,multi_uni,2026-08-28,1,False,Not at all what I wanted,75-89%,Less than 3 hrs,Regularly but not every day,Almost everything,6-7 hrs,Almost always,6-10 hrs,Sometimes,Mostly suitable,Some support,Mostly manageable,0,3,0,2,4,2,4,2,2,3,2,3,C0,C1
BUET,IPE,1.0,multi_uni,2026-08-28,3,False,Mostly different,60-74%,More than 15 hrs,Mostly consistent routine,Almost everything,6-7 hrs,Often,None,Almost every day,Mostly suitable,Some support,Difficult to manage,1,2,4,3,4,2,3,0,4,3,2,1,C0,C3
BUET,NAME,8.0,multi_uni,2026-08-28,0,False,Not at all what I wanted,90% or more,More than 15 hrs,Mostly consistent routine,Almost everything,7-8 hrs,Never,1-5 hrs,Never,Somewhat distracting,Very little support,Mostly manageable,0,4,4,3,4,3,0,1,0,1,1,3,C3,C3
BUET,MIE,8.0,multi_uni,2026-08-28,1,False,Mostly different,60-74%,More than 15 hrs,Occasionally when necessary,Almost everything,6-7 hrs,Often,1-5 hrs,Almost every day,Mostly suitable,Some support,Mostly manageable,1,2,4,0,4,2,3,1,4,3,2,3,C1,C0
BUET,EEE,12.0,multi_uni,2026-08-28,2,False,Not at all what I wanted,60-74%,Less than 3 hrs,Consistent throughout the semester,Most of it,More than 8 hrs,Never,11-15 hrs,Never,Neither good nor bad,No support,Mostly manageable,0,2,0,4,3,4,0,3,0,2,0,3,C0,C2
BUET,CSE,11.0,multi_uni,2026-08-28,1,False,Not at all what I wanted,90% or more,7-10 hrs,Mostly just before exams,A little,Less than 5 hrs,Almost always,More than 15 hrs,Rarely,Mostly suitable,Good support,Mostly manageable,0,4,2,1,1,0,4,4,1,3,3,3,C3,C2
BUET,BME,2.0,multi_uni,2026-08-28,0,False,Close to what I wanted,90% or more,More than 15 hrs,Mostly consistent routine,Most of it,6-7 hrs,Often,More than 15 hrs,Almost every day,Very distracting,Very little support,Difficult to manage,3,4,4,3,3,2,3,4,4,0,1,1,C1,C1
BUET,ARCH,4.0,multi_uni,2026-08-28,3,False,Close to what I wanted,60-74%,7-10 hrs,Consistent throughout the semester,Almost everything,7-8 hrs,Often,11-15 hrs,Often,Excellent for focused study,Very little support,Average,3,2,2,4,4,3,3,3,3,4,1,2,C0,C3
BUET,URP,10.0,multi_uni,2026-08-28,0,False,Close to what I wanted,90% or more,3-6 hrs,Regularly but not every day,Almost everything,6-7 hrs,Rarely,More than 15 hrs,Never,Very distracting,Some support,Very healthy and balanced,3,4,1,2,4,2,1,4,0,0,2,4,C0,C0
BUET,CE,4.0,multi_uni,2026-08-28,0,False,Not at all what I wanted,90% or more,More than 15 hrs,Mostly just before exams,Most of it,6-7 hrs,Almost always,6-10 hrs,Never,Neither good nor bad,Very little support,Difficult to manage,0,4,4,1,3,2,4,2,0,2,1,1,C0,C0
BUET,WRE,12.0,multi_uni,2026-08-28,0,False,"Yes, exactly what I wanted",90% or more,More than 15 hrs,Occasionally when necessary,Almost nothing,Less than 5 hrs,Almost always,1-5 hrs,Almost every day,Very distracting,Strong support,Mostly manageable,4,4,4,0,0,0,4,1,4,0,4,3,C0,C0
BUET,ChE,5.0,multi_uni,2026-08-28,1,False,Not at all what I wanted,90% or more,3-6 hrs,Occasionally when necessary,Almost everything,7-8 hrs,Almost always,None,Often,Somewhat distracting,Some support,Average,0,4,1,0,4,3,4,0,3,1,2,2,C3,C2
BUET,MME,9.0,multi_uni,2026-08-28,1,False,Not at all what I wanted,60-74%,Less than 3 hrs,Mostly consistent routine,About half,5-6 hrs,Rarely,More than 15 hrs,Often,Neither good nor bad,Strong support,Completely unmanageable,0,2,0,3,2,1,1,4,3,2,4,0,C1,C0
BUET,NCE,3.0,multi_uni,2026-08-28,1,False,"Yes, exactly what I wanted",90% or more,11-15 hrs,Consistent throughout the semester,About half,7-8 hrs,Never,6-10 hrs,Rarely,Somewhat distracting,No support,Average,4,4,3,4,2,3,0,2,1,1,0,2,C1,C2
BUET,PMRE,1.0,multi_uni,2026-08-28,2,False,Somewhat different,75-89%,3-6 hrs,Mostly consistent routine,A little,7-8 hrs,Never,6-10 hrs,Almost every day,Excellent for focused study,No support,Mostly manageable,2,3,1,3,1,3,0,2,4,4,0,3,C3,C1
BUET,ME,9.0,multi_uni,2026-08-28,1,False,Not at all what I wanted,75-89%,11-15 hrs,Mostly consistent routine,Almost nothing,7-8 hrs,Almost always,None,Rarely,Excellent for focused study,Good support,Average,0,3,3,3,0,3,4,0,1,4,3,2,C1,C0
BUET,IPE,8.0,multi_uni,2026-08-28,0,False,Mostly different,75-89%,More than 15 hrs,Mostly just before exams,Almost nothing,More than 8 hrs,Rarely,More than 15 hrs,Rarely,Neither good nor bad,Good support,Average,1,3,4,1,0,4,1,4,1,2,3,2,C0,C0
BUET,ME,6.0,multi_uni,2026-08-28,1,False,Somewhat different,90% or more,7-10 hrs,Occasionally when necessary,Almost everything,7-8 hrs,Almost always,1-5 hrs,Rarely,Very distracting,Good support,Difficult to manage,2,4,2,0,4,3,4,1,1,0,3,1,C1,C0
BUET,CSE,6.0,multi_uni,2026-08-28,1,False,Somewhat different,90% or more,7-10 hrs,Occasionally when necessary,Almost everything,7-8 hrs,Almost always,1-5 hrs,Rarely,Very distracting,Good support,Difficult to manage,2,4,2,0,4,3,4,1,1,0,3,1,C1,C0
BUET,EEE,12.0,multi_uni,2026-08-28,1,False,Somewhat different,90% or more,More than 15 hrs,Mostly just before exams,Most of it,7-8 hrs,Sometimes,1-5 hrs,Never,Neither good nor bad,Strong support,Mostly manageable,2,4,4,1,3,3,2,1,0,2,4,3,C1,C0
BUET,CE,5.0,multi_uni,2026-08-28,2,False,Not at all what I wanted,75-89%,Less than 3 hrs,Consistent throughout the semester,A little,5-6 hrs,Sometimes,More than 15 hrs,Never,Mostly suitable,Good support,Completely unmanageable,0,3,0,4,1,1,2,4,0,3,3,0,C1,C3
BUET,ME,3.0,multi_uni,2026-08-28,1,False,"Yes, exactly what I wanted",90% or more,11-15 hrs,Mostly just before exams,Almost nothing,Less than 5 hrs,Almost always,6-10 hrs,Almost every day,Excellent for focused study,Strong support,Very healthy and balanced,4,4,3,1,0,0,4,2,4,4,4,4,C2,C3
BUET,EEE,3.0,multi_uni,2026-08-28,0,False,Close to what I wanted,75-89%,More than 15 hrs,Consistent throughout the semester,Almost nothing,6-7 hrs,Almost always,11-15 hrs,Never,Very distracting,Good support,Average,3,3,4,4,0,2,4,3,0,0,3,2,C3,C3
BUET,CSE,6.0,multi_uni,2026-08-28,1,False,Close to what I wanted,75-89%,Less than 3 hrs,Consistent throughout the semester,A little,7-8 hrs,Sometimes,More than 15 hrs,Often,Somewhat distracting,Strong support,Difficult to manage,3,3,0,4,1,3,2,4,3,1,4,1,C2,C1
BUET,CE,4.0,multi_uni,2026-08-28,0,False,Not at all what I wanted,60-74%,11-15 hrs,Mostly consistent routine,About half,5-6 hrs,Almost always,None,Rarely,Neither good nor bad,Some support,Average,0,2,3,3,2,1,4,0,1,2,2,2,C0,C0
BUET,ME,7.0,multi_uni,2026-08-28,0,False,Mostly different,75-89%,3-6 hrs,Occasionally when necessary,A little,5-6 hrs,Rarely,11-15 hrs,Never,Excellent for focused study,Very little support,Very healthy and balanced,1,3,1,0,1,1,1,3,0,4,1,4,C0,C0
BUET,ME,5.0,multi_uni,2026-08-28,2,False,Mostly different,60-74%,Less than 3 hrs,Occasionally when necessary,A little,7-8 hrs,Never,11-15 hrs,Sometimes,Neither good nor bad,Good support,Mostly manageable,1,2,0,0,1,3,0,3,2,2,3,3,C1,C3
BUET,CE,5.0,multi_uni,2026-08-28,3,False,"Yes, exactly what I wanted",90% or more,More than 15 hrs,Regularly but not every day,Almost nothing,6-7 hrs,Often,11-15 hrs,Rarely,Excellent for focused study,Some support,Average,4,4,4,2,0,2,3,3,1,4,2,2,C3,C0
BUET,EEE,1.0,multi_uni,2026-08-28,3,False,Mostly different,60-74%,7-10 hrs,Consistent throughout the semester,Most of it,7-8 hrs,Never,1-5 hrs,Often,Very distracting,Some support,Difficult to manage,1,2,2,4,3,3,0,1,3,0,2,1,C3,C0
BUET,CSE,1.0,multi_uni,2026-08-28,2,False,Mostly different,60-74%,11-15 hrs,Occasionally when necessary,Most of it,6-7 hrs,Almost always,1-5 hrs,Almost every day,Excellent for focused study,Strong support,Average,1,2,3,0,3,2,4,1,4,4,4,2,C2,C0
BUET,CSE,5.0,multi_uni,2026-08-28,3,False,Mostly different,90% or more,11-15 hrs,Mostly just before exams,About half,More than 8 hrs,Often,More than 15 hrs,Sometimes,Excellent for focused study,Very little support,Average,1,4,3,1,2,4,3,4,2,4,1,2,C3,C0
BUET,CE,6.0,multi_uni,2026-08-28,0,False,Not at all what I wanted,60-74%,Less than 3 hrs,Regularly but not every day,Almost everything,5-6 hrs,Almost always,6-10 hrs,Sometimes,Very distracting,No support,Completely unmanageable,0,2,0,2,4,1,4,2,2,0,0,0,C2,C2
BUET,EEE,11.0,multi_uni,2026-08-28,3,False,Close to what I wanted,60-74%,More than 15 hrs,Occasionally when necessary,Almost nothing,5-6 hrs,Almost always,More than 15 hrs,Rarely,Excellent for focused study,Very little support,Difficult to manage,3,2,4,0,0,1,4,4,1,4,1,1,C0,C3
BUET,ME,5.0,multi_uni,2026-08-28,3,False,Not at all what I wanted,75-89%,More than 15 hrs,Regularly but not every day,Most of it,Less than 5 hrs,Sometimes,11-15 hrs,Never,Excellent for focused study,Some support,Completely unmanageable,0,3,4,2,3,0,2,3,0,4,2,0,C3,C0
BUET,ME,5.0,multi_uni,2026-08-28,0,False,Somewhat different,90% or more,7-10 hrs,Regularly but not every day,About half,5-6 hrs,Sometimes,None,Rarely,Somewhat distracting,Good support,Mostly manageable,2,4,2,2,2,1,2,0,1,1,3,3,C2,C2
BUET,EEE,10.0,multi_uni,2026-08-28,0,False,Not at all what I wanted,75-89%,3-6 hrs,Regularly but not every day,Most of it,Less than 5 hrs,Never,11-15 hrs,Almost every day,Somewhat distracting,No support,Completely unmanageable,0,3,1,2,3,0,0,3,4,1,0,0,C1,C1
BRAC,CSE,11.0,multi_uni,2026-09-03,0,False,"Yes, exactly what I wanted",90% or more,Less than 3 hrs,Mostly just before exams,A little,6-7 hrs,Rarely,None,Almost every day,Mostly suitable,Good support,Difficult to manage,4,4,0,1,1,2,1,0,4,3,3,1,C0,C0
KUET,CSE,7.0,kuet,2026-08-01,0,False,Close to what I wanted,90% or more,3-6 hrs,Occasionally when necessary,About half,7-8 hrs,Sometimes,None,Often,Mostly suitable,Some support,Average,3,4,1,0,2,3,2,0,3,3,2,2,C3,C3
KUET,CSE,7.0,kuet,2026-07-31,0,False,"Yes, exactly what I wanted",90% or more,3-6 hrs,Mostly just before exams,Almost nothing,6-7 hrs,Rarely,None,Almost every day,Neither good nor bad,Good support,Difficult to manage,4,4,1,1,0,2,1,0,4,2,3,1,C2,C2
KUET,CSE,7.0,kuet,2026-07-31,0,False,Close to what I wanted,90% or more,Less than 3 hrs,Mostly just before exams,A little,Less than 5 hrs,Sometimes,None,Often,Neither good nor bad,No support,Average,3,4,0,1,1,0,2,0,3,2,0,2,C2,C2
KUET,CSE,7.0,kuet,2026-08-01,0,False,"Yes, exactly what I wanted",40-59%,11-15 hrs,Mostly just before exams,Almost nothing,5-6 hrs,Often,More than 15 hrs,Rarely,Somewhat distracting,Some support,Difficult to manage,4,1,3,1,0,1,3,4,1,1,2,1,C1,C1
KUET,CSE,4.0,kuet,2026-08-01,0,False,Close to what I wanted,90% or more,7-10 hrs,Regularly but not every day,A little,5-6 hrs,Sometimes,1-5 hrs,Almost every day,Mostly suitable,Strong support,Difficult to manage,3,4,2,2,1,1,2,1,4,3,4,1,C2,C2
KUET,CSE,4.0,kuet,2026-08-01,0,False,"Yes, exactly what I wanted",75-89%,3-6 hrs,Occasionally when necessary,About half,7-8 hrs,Often,None,Often,Neither good nor bad,Strong support,Mostly manageable,4,3,1,0,2,3,3,0,3,2,4,3,C0,C0
KUET,Unknown,4.0,kuet,2026-08-01,0,False,"Yes, exactly what I wanted",90% or more,Less than 3 hrs,Occasionally when necessary,About half,Less than 5 hrs,Sometimes,None,Often,Mostly suitable,Some support,Difficult to manage,4,4,0,0,2,0,2,0,3,3,2,1,C2,C2
KUET,CSE,4.0,kuet,2026-08-01,0,False,Close to what I wanted,90% or more,7-10 hrs,Regularly but not every day,A little,7-8 hrs,Often,11-15 hrs,Almost every day,Mostly suitable,Good support,Mostly manageable,3,4,2,2,1,3,3,3,4,3,3,3,C3,C3
KUET,CSE,4.0,kuet,2026-08-01,0,False,"Yes, exactly what I wanted",75-89%,3-6 hrs,Mostly just before exams,A little,6-7 hrs,Sometimes,11-15 hrs,Often,Somewhat distracting,No support,Completely unmanageable,4,3,1,1,1,2,2,3,3,1,0,0,C3,C3
KUET,CSE,3.0,kuet,2026-08-01,1,False,"Yes, exactly what I wanted",90% or more,More than 15 hrs,Occasionally when necessary,A little,5-6 hrs,Sometimes,1-5 hrs,Often,Neither good nor bad,Good support,Mostly manageable,4,4,4,0,1,1,2,1,3,2,3,3,C2,C3
KUET,CSE,4.0,kuet,2026-08-01,0,False,"Yes, exactly what I wanted",90% or more,3-6 hrs,Regularly but not every day,About half,6-7 hrs,Often,None,Sometimes,Excellent for focused study,Some support,Difficult to manage,4,4,1,2,2,2,3,0,2,4,2,1,C3,C3
KUET,CSE,4.0,kuet,2026-08-01,0,False,"Yes, exactly what I wanted",75-89%,More than 15 hrs,Regularly but not every day,A little,5-6 hrs,Often,1-5 hrs,Sometimes,Neither good nor bad,Good support,Difficult to manage,4,3,4,2,1,1,3,1,2,2,3,1,C2,C2
KUET,CSE,3.0,kuet,2026-08-01,1,False,"Yes, exactly what I wanted",90% or more,7-10 hrs,Regularly but not every day,About half,5-6 hrs,Often,None,Often,Very distracting,Very little support,Difficult to manage,4,4,2,2,2,1,3,0,3,0,1,1,C3,C2
KUET,CSE,5.0,kuet,2026-08-01,1,False,Close to what I wanted,90% or more,7-10 hrs,Mostly just before exams,A little,7-8 hrs,Sometimes,None,Almost every day,Neither good nor bad,Good support,Difficult to manage,3,4,2,1,1,3,2,0,4,2,3,1,C3,C2
KUET,Unknown,5.0,kuet,2026-08-01,1,False,"Yes, exactly what I wanted",90% or more,Less than 3 hrs,Mostly just before exams,A little,5-6 hrs,Sometimes,None,Almost every day,Mostly suitable,Good support,Difficult to manage,4,4,0,1,1,1,2,0,4,3,3,1,C2,C1
KUET,Unknown,5.0,kuet,2026-08-01,0,False,Not at all what I wanted,90% or more,Less than 3 hrs,Occasionally when necessary,About half,5-6 hrs,Sometimes,None,Almost every day,Mostly suitable,Good support,Difficult to manage,0,4,0,0,2,1,2,0,4,3,3,1,C3,C3
KUET,CSE,5.0,kuet,2026-08-01,1,False,"Yes, exactly what I wanted",75-89%,Less than 3 hrs,Mostly just before exams,Most of it,5-6 hrs,Sometimes,None,Almost every day,Neither good nor bad,Good support,Completely unmanageable,4,3,0,1,3,1,2,0,4,2,3,0,C3,C2
KUET,CSE,7.0,kuet,2026-08-01,0,False,Not at all what I wanted,60-74%,11-15 hrs,Occasionally when necessary,A little,More than 8 hrs,Almost always,6-10 hrs,Almost every day,Neither good nor bad,No support,Completely unmanageable,0,2,3,0,1,4,4,2,4,2,0,0,C2,C2
KUET,CSE,5.0,kuet,2026-08-01,0,False,"Yes, exactly what I wanted",90% or more,More than 15 hrs,Occasionally when necessary,Almost nothing,6-7 hrs,Often,1-5 hrs,Sometimes,Excellent for focused study,Some support,Mostly manageable,4,4,4,0,0,2,3,1,2,4,2,3,C3,C3
KUET,CSE,5.0,kuet,2026-08-01,0,False,"Yes, exactly what I wanted",60-74%,Less than 3 hrs,Mostly just before exams,A little,5-6 hrs,Almost always,1-5 hrs,Almost every day,Mostly suitable,No support,Completely unmanageable,4,2,0,1,1,1,4,1,4,3,0,0,C2,C2
KUET,CSE,7.0,kuet,2026-08-01,1,False,Somewhat different,90% or more,3-6 hrs,Mostly just before exams,A little,Less than 5 hrs,Often,1-5 hrs,Often,Excellent for focused study,Some support,Difficult to manage,2,4,1,1,1,0,3,1,3,4,2,1,C2,C1
KUET,CSE,3.0,kuet,2026-08-01,0,False,"Yes, exactly what I wanted",90% or more,Less than 3 hrs,Occasionally when necessary,About half,6-7 hrs,Often,None,Sometimes,Somewhat distracting,Very little support,Difficult to manage,4,4,0,0,2,2,3,0,2,1,1,1,C3,C3
KUET,CSE,4.0,kuet,2026-08-01,0,False,"Yes, exactly what I wanted",90% or more,3-6 hrs,Occasionally when necessary,Almost nothing,5-6 hrs,Sometimes,None,Often,Excellent for focused study,Good support,Average,4,4,1,0,0,1,2,0,3,4,3,2,C3,C3
KUET,CSE,5.0,kuet,2026-08-01,1,False,"Yes, exactly what I wanted",60-74%,7-10 hrs,Mostly just before exams,Almost nothing,6-7 hrs,Sometimes,11-15 hrs,Often,Mostly suitable,Good support,Difficult to manage,4,2,2,1,0,2,2,3,3,3,3,1,C1,C0
KUET,CSE,7.0,kuet,2026-08-01,0,False,Close to what I wanted,60-74%,Less than 3 hrs,Mostly just before exams,About half,5-6 hrs,Almost always,1-5 hrs,Almost every day,Mostly suitable,Strong support,Completely unmanageable,3,2,0,1,2,1,4,1,4,3,4,0,C2,C2
KUET,CSE,7.0,kuet,2026-08-01,0,False,Somewhat different,90% or more,3-6 hrs,Mostly just before exams,Almost nothing,5-6 hrs,Often,None,Sometimes,Mostly suitable,Some support,Average,2,4,1,1,0,1,3,0,2,3,2,2,C1,C1
KUET,CSE,7.0,kuet,2026-08-01,0,False,"Yes, exactly what I wanted",90% or more,Less than 3 hrs,Mostly just before exams,A little,6-7 hrs,Often,1-5 hrs,Often,Somewhat distracting,Very little support,Average,4,4,0,1,1,2,3,1,3,1,1,2,C1,C1
KUET,CSE,7.0,kuet,2026-08-01,1,False,"Yes, exactly what I wanted",Less than 40%,Less than 3 hrs,Mostly just before exams,Almost nothing,6-7 hrs,Sometimes,6-10 hrs,Sometimes,Mostly suitable,Some support,Mostly manageable,4,0,0,1,0,2,2,2,2,3,2,3,C3,C2
KUET,CSE,7.0,kuet,2026-08-01,0,False,Close to what I wanted,75-89%,3-6 hrs,Occasionally when necessary,Almost nothing,6-7 hrs,Often,None,Almost every day,Mostly suitable,Some support,Difficult to manage,3,3,1,0,0,2,3,0,4,3,2,1,C3,C3
KUET,CSE,7.0,kuet,2026-08-01,0,False,"Yes, exactly what I wanted",75-89%,3-6 hrs,Mostly just before exams,A little,Less than 5 hrs,Often,More than 15 hrs,Sometimes,Mostly suitable,Some support,Average,4,3,1,1,1,0,3,4,2,3,2,2,C1,C1
KUET,CSE,7.0,kuet,2026-08-01,0,False,"Yes, exactly what I wanted",75-89%,Less than 3 hrs,Mostly just before exams,A little,5-6 hrs,Sometimes,6-10 hrs,Often,Mostly suitable,Some support,Difficult to manage,4,3,0,1,1,1,2,2,3,3,2,1,C1,C1
KUET,CSE,7.0,kuet,2026-08-01,0,False,"Yes, exactly what I wanted",60-74%,7-10 hrs,Mostly just before exams,A little,Less than 5 hrs,Often,11-15 hrs,Sometimes,Neither good nor bad,Some support,Difficult to manage,4,2,2,1,1,0,3,3,2,2,2,1,C1,C1
KUET,IEM,7.0,kuet,2026-08-01,1,False,Close to what I wanted,90% or more,11-15 hrs,Consistent throughout the semester,Most of it,7-8 hrs,Sometimes,6-10 hrs,Almost every day,Mostly suitable,Good support,Mostly manageable,3,4,3,4,3,3,2,2,4,3,3,3,C3,C2
KUET,IEM,7.0,kuet,2026-08-01,0,False,Not at all what I wanted,90% or more,3-6 hrs,Mostly just before exams,A little,6-7 hrs,Sometimes,None,Often,Mostly suitable,Good support,Average,0,4,1,1,1,2,2,0,3,3,3,2,C1,C1
KUET,Unknown,7.0,kuet,2026-08-01,0,False,Close to what I wanted,60-74%,11-15 hrs,Mostly just before exams,Almost nothing,Less than 5 hrs,Sometimes,11-15 hrs,Sometimes,Neither good nor bad,Some support,Average,3,2,3,1,0,0,2,3,2,2,2,2,C1,C1
KUET,CSE,4.0,kuet,2026-08-02,1,False,Close to what I wanted,90% or more,3-6 hrs,Mostly just before exams,A little,5-6 hrs,Sometimes,1-5 hrs,Sometimes,Mostly suitable,Good support,Mostly manageable,3,4,1,1,1,1,2,1,2,3,3,3,C2,C1
KUET,CSE,7.0,kuet,2026-08-03,0,False,"Yes, exactly what I wanted",60-74%,Less than 3 hrs,Mostly just before exams,Almost nothing,6-7 hrs,Sometimes,None,Sometimes,Excellent for focused study,Good support,Average,4,2,0,1,0,2,2,0,2,4,3,2,C2,C2
KUET,ARCH,7.0,kuet,2026-08-03,1,False,"Yes, exactly what I wanted",60-74%,3-6 hrs,Occasionally when necessary,A little,5-6 hrs,Often,None,Often,Mostly suitable,Some support,Average,4,2,1,0,1,1,3,0,3,3,2,2,C1,C2
KUET,ARCH,6.0,kuet,2026-08-04,0,False,"Yes, exactly what I wanted",60-74%,Less than 3 hrs,Mostly just before exams,Almost nothing,5-6 hrs,Sometimes,1-5 hrs,Often,Neither good nor bad,No support,Difficult to manage,4,2,0,1,0,1,2,1,3,2,0,1,C1,C1
KUET,CSE,7.0,kuet,2026-08-04,0,False,"Yes, exactly what I wanted",90% or more,3-6 hrs,Occasionally when necessary,A little,6-7 hrs,Almost always,None,Almost every day,Mostly suitable,Good support,Average,4,4,1,0,1,2,4,0,4,3,3,2,C1,C1
KUET,CSE,7.0,kuet,2026-08-04,0,False,"Yes, exactly what I wanted",60-74%,Less than 3 hrs,Mostly just before exams,A little,5-6 hrs,Often,11-15 hrs,Often,Mostly suitable,Some support,Difficult to manage,4,2,0,1,1,1,3,3,3,3,2,1,C1,C1
KUET,CSE,7.0,kuet,2026-08-04,0,False,"Yes, exactly what I wanted",60-74%,3-6 hrs,Mostly just before exams,A little,5-6 hrs,Sometimes,1-5 hrs,Almost every day,Neither good nor bad,Some support,Difficult to manage,4,2,1,1,1,1,2,1,4,2,2,1,C1,C1
KUET,CSE,7.0,kuet,2026-08-04,1,False,"Yes, exactly what I wanted",90% or more,Less than 3 hrs,Occasionally when necessary,About half,6-7 hrs,Often,1-5 hrs,Sometimes,Mostly suitable,Strong support,Difficult to manage,4,4,0,0,2,2,3,1,2,3,4,1,C2,C1
KUET,CSE,7.0,kuet,2026-08-04,0,False,"Yes, exactly what I wanted",90% or more,11-15 hrs,Occasionally when necessary,Most of it,6-7 hrs,Often,1-5 hrs,Often,Mostly suitable,Good support,Average,4,4,3,0,3,2,3,1,3,3,3,2,C3,C3
KUET,CSE,7.0,kuet,2026-08-04,0,False,"Yes, exactly what I wanted",90% or more,Less than 3 hrs,Mostly just before exams,About half,6-7 hrs,Often,1-5 hrs,Almost every day,Mostly suitable,Some support,Completely unmanageable,4,4,0,1,2,2,3,1,4,3,2,0,C2,C2
KUET,CSE,7.0,kuet,2026-08-04,0,False,"Yes, exactly what I wanted",75-89%,7-10 hrs,Occasionally when necessary,About half,5-6 hrs,Sometimes,More than 15 hrs,Sometimes,Neither good nor bad,Some support,Difficult to manage,4,3,2,0,2,1,2,4,2,2,2,1,C1,C1
KUET,CSE,7.0,kuet,2026-08-04,2,False,"Yes, exactly what I wanted",75-89%,7-10 hrs,Mostly just before exams,A little,6-7 hrs,Sometimes,6-10 hrs,Often,Neither good nor bad,Good support,Average,4,3,2,1,1,2,2,2,3,2,3,2,C3,C1
KUET,CSE,7.0,kuet,2026-08-04,1,False,"Yes, exactly what I wanted",90% or more,3-6 hrs,Mostly just before exams,About half,6-7 hrs,Often,More than 15 hrs,Almost every day,Mostly suitable,Good support,Difficult to manage,4,4,1,1,2,2,3,4,4,3,3,1,C2,C1
KUET,CSE,7.0,kuet,2026-08-04,0,False,"Yes, exactly what I wanted",75-89%,Less than 3 hrs,Mostly just before exams,Most of it,5-6 hrs,Almost always,11-15 hrs,Rarely,Mostly suitable,Very little support,Difficult to manage,4,3,0,1,3,1,4,3,1,3,1,1,C3,C3
KUET,CSE,7.0,kuet,2026-08-04,0,False,"Yes, exactly what I wanted",60-74%,11-15 hrs,Regularly but not every day,A little,6-7 hrs,Often,None,Sometimes,Neither good nor bad,Good support,Mostly manageable,4,2,3,2,1,2,3,0,2,2,3,3,C1,C1
KUET,CSE,7.0,kuet,2026-08-04,1,False,"Yes, exactly what I wanted",60-74%,3-6 hrs,Occasionally when necessary,A little,Less than 5 hrs,Almost always,None,Almost every day,Mostly suitable,Good support,Difficult to manage,4,2,1,0,1,0,4,0,4,3,3,1,C1,C0
KUET,CSE,7.0,kuet,2026-08-04,0,False,"Yes, exactly what I wanted",75-89%,3-6 hrs,Regularly but not every day,Almost nothing,Less than 5 hrs,Almost always,None,Often,Neither good nor bad,Good support,Difficult to manage,4,3,1,2,0,0,4,0,3,2,3,1,C0,C0
KUET,CSE,7.0,kuet,2026-08-04,0,False,"Yes, exactly what I wanted",90% or more,11-15 hrs,Regularly but not every day,About half,5-6 hrs,Rarely,1-5 hrs,Almost every day,Excellent for focused study,Good support,Average,4,4,3,2,2,1,1,1,4,4,3,2,C2,C2
KUET,Unknown,7.0,kuet,2026-08-04,0,False,"Yes, exactly what I wanted",90% or more,3-6 hrs,Mostly just before exams,About half,5-6 hrs,Sometimes,None,Sometimes,Mostly suitable,Good support,Mostly manageable,4,4,1,1,2,1,2,0,2,3,3,3,C2,C2
KUET,CSE,7.0,kuet,2026-08-04,0,False,"Yes, exactly what I wanted",60-74%,3-6 hrs,Mostly just before exams,About half,5-6 hrs,Sometimes,11-15 hrs,Often,Mostly suitable,Strong support,Difficult to manage,4,2,1,1,2,1,2,3,3,3,4,1,C0,C0
KUET,CSE,7.0,kuet,2026-08-04,0,False,"Yes, exactly what I wanted",75-89%,3-6 hrs,Occasionally when necessary,About half,6-7 hrs,Rarely,None,Almost every day,Excellent for focused study,Strong support,Average,4,3,1,0,2,2,1,0,4,4,4,2,C1,C1
KUET,CSE,7.0,kuet,2026-08-05,1,False,"Yes, exactly what I wanted",75-89%,3-6 hrs,Mostly just before exams,A little,Less than 5 hrs,Rarely,More than 15 hrs,Often,Neither good nor bad,Some support,Completely unmanageable,4,3,1,1,1,0,1,4,3,2,2,0,C2,C3
KUET,CSE,7.0,kuet,2026-08-05,0,False,Close to what I wanted,60-74%,Less than 3 hrs,Mostly just before exams,Almost nothing,Less than 5 hrs,Never,None,Rarely,Neither good nor bad,Very little support,Average,3,2,0,1,0,0,0,0,1,2,1,2,C2,C2
KUET,EEE,7.0,kuet,2026-08-05,0,False,Not at all what I wanted,75-89%,7-10 hrs,Mostly just before exams,Almost nothing,Less than 5 hrs,Almost always,1-5 hrs,Almost every day,Mostly suitable,Some support,Completely unmanageable,0,3,2,1,0,0,4,1,4,3,2,0,C0,C0
KUET,CSE,7.0,kuet,2026-08-05,0,False,"Yes, exactly what I wanted",60-74%,Less than 3 hrs,Mostly just before exams,Almost nothing,6-7 hrs,Sometimes,1-5 hrs,Almost every day,Mostly suitable,Some support,Completely unmanageable,4,2,0,1,0,2,2,1,4,3,2,0,C1,C1
KUET,ECE,7.0,kuet,2026-08-05,1,False,Somewhat different,75-89%,7-10 hrs,Mostly just before exams,About half,5-6 hrs,Often,11-15 hrs,Almost every day,Neither good nor bad,Good support,Difficult to manage,2,3,2,1,2,1,3,3,4,2,3,1,C2,C3
KUET,ECE,7.0,kuet,2026-08-05,0,False,"Yes, exactly what I wanted",90% or more,7-10 hrs,Regularly but not every day,Most of it,7-8 hrs,Rarely,None,Sometimes,Somewhat distracting,Strong support,Mostly manageable,4,4,2,2,3,3,1,0,2,1,4,3,C3,C3
KUET,ECE,7.0,kuet,2026-08-05,1,False,Somewhat different,60-74%,3-6 hrs,Mostly just before exams,Almost nothing,5-6 hrs,Sometimes,6-10 hrs,Often,Somewhat distracting,Very little support,Difficult to manage,2,2,1,1,0,1,2,2,3,1,1,1,C0,C1
KUET,CSE,4.0,kuet,2026-08-05,1,False,Close to what I wanted,75-89%,7-10 hrs,Occasionally when necessary,About half,5-6 hrs,Rarely,11-15 hrs,Often,Very distracting,Strong support,Difficult to manage,3,3,2,0,2,1,1,3,3,0,4,1,C2,C3
KUET,ECE,7.0,kuet,2026-08-05,1,False,Not at all what I wanted,60-74%,Less than 3 hrs,Mostly just before exams,A little,Less than 5 hrs,Almost always,None,Almost every day,Neither good nor bad,Some support,Difficult to manage,0,2,0,1,1,0,4,0,4,2,2,1,C2,C1
KUET,ECE,7.0,kuet,2026-08-05,0,False,Mostly different,90% or more,3-6 hrs,Occasionally when necessary,About half,7-8 hrs,Sometimes,None,Often,Mostly suitable,Good support,Mostly manageable,1,4,1,0,2,3,2,0,3,3,3,3,C3,C3
KUET,ECE,7.0,kuet,2026-08-05,1,False,Close to what I wanted,60-74%,7-10 hrs,Regularly but not every day,A little,6-7 hrs,Often,More than 15 hrs,Sometimes,Neither good nor bad,Good support,Average,3,2,2,2,1,2,3,4,2,2,3,2,C1,C2
KUET,ECE,7.0,kuet,2026-08-05,0,False,Close to what I wanted,90% or more,More than 15 hrs,Regularly but not every day,Most of it,7-8 hrs,Sometimes,None,Sometimes,Mostly suitable,Strong support,Mostly manageable,3,4,4,2,3,3,2,0,2,3,4,3,C3,C3
KUET,CSE,7.0,kuet,2026-08-05,0,False,Not at all what I wanted,60-74%,7-10 hrs,Occasionally when necessary,About half,More than 8 hrs,Almost always,11-15 hrs,Almost every day,Mostly suitable,No support,Completely unmanageable,0,2,2,0,2,4,4,3,4,3,0,0,C2,C2
KUET,ECE,7.0,kuet,2026-08-05,0,False,Close to what I wanted,60-74%,3-6 hrs,Mostly just before exams,A little,7-8 hrs,Almost always,More than 15 hrs,Often,Somewhat distracting,Very little support,Difficult to manage,3,2,1,1,1,3,4,4,3,1,1,1,C0,C0
KUET,CSE,7.0,kuet,2026-08-05,0,False,"Yes, exactly what I wanted",60-74%,7-10 hrs,Occasionally when necessary,About half,5-6 hrs,Sometimes,1-5 hrs,Almost every day,Excellent for focused study,Good support,Difficult to manage,4,2,2,0,2,1,2,1,4,4,3,1,C3,C3
KUET,MTE,7.0,kuet,2026-08-05,1,False,Close to what I wanted,60-74%,Less than 3 hrs,Occasionally when necessary,About half,7-8 hrs,Sometimes,6-10 hrs,Sometimes,Somewhat distracting,No support,Difficult to manage,3,2,0,0,2,3,2,2,2,1,0,1,C2,C1
KUET,ECE,7.0,kuet,2026-08-05,1,False,Close to what I wanted,75-89%,7-10 hrs,Occasionally when necessary,About half,6-7 hrs,Never,None,Never,Neither good nor bad,Strong support,Mostly manageable,3,3,2,0,2,2,0,0,0,2,4,3,C2,C3
KUET,ECE,7.0,kuet,2026-08-05,1,False,Close to what I wanted,60-74%,3-6 hrs,Occasionally when necessary,About half,6-7 hrs,Never,11-15 hrs,Often,Mostly suitable,Good support,Mostly manageable,3,2,1,0,2,2,0,3,3,3,3,3,C2,C3
KUET,ECE,7.0,kuet,2026-08-05,1,False,Mostly different,60-74%,7-10 hrs,Mostly just before exams,Almost nothing,Less than 5 hrs,Almost always,More than 15 hrs,Sometimes,Neither good nor bad,Some support,Average,1,2,2,1,0,0,4,4,2,2,2,2,C2,C1
KUET,ECE,7.0,kuet,2026-08-05,1,False,Close to what I wanted,60-74%,3-6 hrs,Mostly just before exams,A little,6-7 hrs,Often,More than 15 hrs,Often,Somewhat distracting,Good support,Difficult to manage,3,2,1,1,1,2,3,4,3,1,3,1,C1,C0
KUET,CSE,4.0,kuet,2026-08-05,0,False,"Yes, exactly what I wanted",75-89%,11-15 hrs,Mostly consistent routine,Most of it,7-8 hrs,Rarely,6-10 hrs,Rarely,Mostly suitable,Strong support,Very healthy and balanced,4,3,3,3,3,3,1,2,1,3,4,4,C2,C2
KUET,ECE,7.0,kuet,2026-08-05,1,False,Close to what I wanted,90% or more,7-10 hrs,Occasionally when necessary,About half,7-8 hrs,Almost always,More than 15 hrs,Rarely,Neither good nor bad,Good support,Mostly manageable,3,4,2,0,2,3,4,4,1,2,3,3,C1,C2
KUET,EEE,2.0,kuet,2026-08-05,0,False,"Yes, exactly what I wanted",60-74%,3-6 hrs,Mostly just before exams,About half,5-6 hrs,Never,None,Almost every day,Excellent for focused study,No support,Mostly manageable,4,2,1,1,2,1,0,0,4,4,0,3,C2,C2
KUET,CSE,7.0,kuet,2026-08-05,0,False,"Yes, exactly what I wanted",75-89%,7-10 hrs,Regularly but not every day,Most of it,6-7 hrs,Sometimes,1-5 hrs,Often,Mostly suitable,Good support,Mostly manageable,4,3,2,2,3,2,2,1,3,3,3,3,C2,C2
KUET,ECE,7.0,kuet,2026-08-05,0,False,Close to what I wanted,60-74%,3-6 hrs,Mostly just before exams,About half,5-6 hrs,Often,6-10 hrs,Almost every day,Neither good nor bad,Some support,Average,3,2,1,1,2,1,3,2,4,2,2,2,C1,C1
KUET,ECE,7.0,kuet,2026-08-05,0,False,"Yes, exactly what I wanted",90% or more,11-15 hrs,Consistent throughout the semester,Almost everything,7-8 hrs,Rarely,1-5 hrs,Rarely,Excellent for focused study,Strong support,Very healthy and balanced,4,4,3,4,4,3,1,1,1,4,4,4,C3,C3
KUET,MSE,7.0,kuet,2026-08-05,0,False,Close to what I wanted,75-89%,7-10 hrs,Mostly consistent routine,Most of it,6-7 hrs,Sometimes,1-5 hrs,Sometimes,Mostly suitable,Good support,Mostly manageable,3,3,2,3,3,2,2,1,2,3,3,3,C2,C2
KUET,ECE,7.0,kuet,2026-08-05,0,False,Somewhat different,60-74%,3-6 hrs,Regularly but not every day,About half,5-6 hrs,Often,6-10 hrs,Often,Neither good nor bad,Some support,Average,2,2,1,2,2,1,3,2,3,2,2,2,C1,C1
KUET,MSE,7.0,kuet,2026-08-05,1,False,"Yes, exactly what I wanted",90% or more,11-15 hrs,Consistent throughout the semester,Almost everything,7-8 hrs,Sometimes,6-10 hrs,Rarely,Mostly suitable,Strong support,Mostly manageable,4,4,3,4,4,3,2,2,1,3,4,3,C3,C2
KUET,ECE,7.0,kuet,2026-08-05,0,False,Close to what I wanted,75-89%,7-10 hrs,Regularly but not every day,Most of it,6-7 hrs,Sometimes,1-5 hrs,Sometimes,Mostly suitable,Good support,Mostly manageable,3,3,2,2,3,2,2,1,2,3,3,3,C2,C2
KUET,ECE,7.0,kuet,2026-08-05,0,False,Mostly different,75-89%,7-10 hrs,Occasionally when necessary,About half,6-7 hrs,Often,11-15 hrs,Often,Somewhat distracting,Some support,Difficult to manage,1,3,2,0,2,2,3,3,3,1,2,1,C1,C1
KUET,MSE,7.0,kuet,2026-08-05,1,False,Close to what I wanted,75-89%,7-10 hrs,Mostly consistent routine,Most of it,7-8 hrs,Rarely,1-5 hrs,Rarely,Excellent for focused study,Strong support,Very healthy and balanced,3,3,2,3,3,3,1,1,1,4,4,4,C2,C1
KUET,ECE,7.0,kuet,2026-08-05,0,False,"Yes, exactly what I wanted",90% or more,More than 15 hrs,Consistent throughout the semester,Almost everything,6-7 hrs,Sometimes,6-10 hrs,Sometimes,Mostly suitable,Good support,Mostly manageable,4,4,4,4,4,2,2,2,2,3,3,3,C3,C3
KUET,MSE,7.0,kuet,2026-08-05,0,False,Somewhat different,60-74%,3-6 hrs,Mostly just before exams,About half,5-6 hrs,Often,11-15 hrs,Almost every day,Somewhat distracting,Some support,Difficult to manage,2,2,1,1,2,1,3,3,4,1,2,1,C1,C1
KUET,CSE,7.0,kuet,2026-08-05,0,False,Close to what I wanted,90% or more,7-10 hrs,Mostly just before exams,Most of it,7-8 hrs,Rarely,None,Sometimes,Excellent for focused study,Strong support,Mostly manageable,3,4,2,1,3,3,1,0,2,4,4,3,C3,C3
KUET,MSE,7.0,kuet,2026-08-05,1,False,"Yes, exactly what I wanted",60-74%,Less than 3 hrs,Occasionally when necessary,A little,7-8 hrs,Almost always,11-15 hrs,Almost every day,Mostly suitable,Strong support,Average,4,2,0,0,1,3,4,3,4,3,4,2,C1,C2
KUET,EEE,7.0,kuet,2026-08-05,0,False,Close to what I wanted,40-59%,7-10 hrs,Mostly consistent routine,About half,5-6 hrs,Sometimes,1-5 hrs,Often,Neither good nor bad,Some support,Difficult to manage,3,1,2,3,2,1,2,1,3,2,2,1,C3,C3
KUET,EEE,7.0,kuet,2026-08-05,1,False,Close to what I wanted,60-74%,3-6 hrs,Occasionally when necessary,A little,5-6 hrs,Sometimes,None,Often,Mostly suitable,Some support,Difficult to manage,3,2,1,0,1,1,2,0,3,3,2,1,C2,C3
KUET,MSE,7.0,kuet,2026-08-05,1,False,"Yes, exactly what I wanted",60-74%,11-15 hrs,Regularly but not every day,A little,5-6 hrs,Rarely,11-15 hrs,Often,Neither good nor bad,Some support,Average,4,2,3,2,1,1,1,3,3,2,2,2,C3,C2
KUET,ECE,7.0,kuet,2026-08-05,0,False,Somewhat different,60-74%,Less than 3 hrs,Mostly just before exams,A little,Less than 5 hrs,Rarely,1-5 hrs,Sometimes,Excellent for focused study,Some support,Completely unmanageable,2,2,0,1,1,0,1,1,2,4,2,0,C1,C1
KUET,ECE,7.0,kuet,2026-08-05,0,False,"Yes, exactly what I wanted",60-74%,11-15 hrs,Mostly just before exams,A little,Less than 5 hrs,Rarely,None,Sometimes,Mostly suitable,Some support,Difficult to manage,4,2,3,1,1,0,1,0,2,3,2,1,C1,C1
KUET,MSE,7.0,kuet,2026-08-05,1,False,Mostly different,60-74%,11-15 hrs,Mostly consistent routine,Most of it,5-6 hrs,Sometimes,6-10 hrs,Almost every day,Excellent for focused study,Strong support,Average,1,2,3,3,3,1,2,2,4,4,4,2,C1,C0
KUET,EEE,1.0,kuet,2026-08-05,0,False,"Yes, exactly what I wanted",90% or more,More than 15 hrs,Regularly but not every day,Most of it,Less than 5 hrs,Sometimes,1-5 hrs,Often,Mostly suitable,Good support,Mostly manageable,4,4,4,2,3,0,2,1,3,3,3,3,C3,C3
KUET,MSE,7.0,kuet,2026-08-05,0,False,"Yes, exactly what I wanted",60-74%,3-6 hrs,Mostly just before exams,Most of it,5-6 hrs,Often,1-5 hrs,Almost every day,Mostly suitable,Strong support,Completely unmanageable,4,2,1,1,3,1,3,1,4,3,4,0,C1,C1
KUET,ECE,7.0,kuet,2026-08-05,0,False,"Yes, exactly what I wanted",90% or more,3-6 hrs,Consistent throughout the semester,A little,6-7 hrs,Rarely,None,Almost every day,Neither good nor bad,Some support,Difficult to manage,4,4,1,4,1,2,1,0,4,2,2,1,C2,C2
KUET,EEE,7.0,kuet,2026-08-05,1,False,"Yes, exactly what I wanted",75-89%,7-10 hrs,Consistent throughout the semester,A little,5-6 hrs,Sometimes,11-15 hrs,Often,Neither good nor bad,Good support,Average,4,3,2,4,1,1,2,3,3,2,3,2,C3,C2
KUET,EEE,7.0,kuet,2026-08-05,1,False,"Yes, exactly what I wanted",75-89%,3-6 hrs,Regularly but not every day,A little,Less than 5 hrs,Sometimes,1-5 hrs,Almost every day,Neither good nor bad,Good support,Average,4,3,1,2,1,0,2,1,4,2,3,2,C2,C3
KUET,MSE,7.0,kuet,2026-08-05,1,False,Somewhat different,90% or more,3-6 hrs,Mostly consistent routine,A little,Less than 5 hrs,Often,None,Sometimes,Mostly suitable,Some support,Average,2,4,1,3,1,0,3,0,2,3,2,2,C1,C2
KUET,ECE,7.0,kuet,2026-08-05,0,False,"Yes, exactly what I wanted",60-74%,7-10 hrs,Occasionally when necessary,Most of it,6-7 hrs,Rarely,11-15 hrs,Sometimes,Neither good nor bad,Very little support,Difficult to manage,4,2,2,0,3,2,1,3,2,2,1,1,C2,C2
KUET,ECE,7.0,kuet,2026-08-05,0,False,Close to what I wanted,90% or more,3-6 hrs,Mostly just before exams,A little,Less than 5 hrs,Rarely,1-5 hrs,Almost every day,Excellent for focused study,Some support,Difficult to manage,3,4,1,1,1,0,1,1,4,4,2,1,C1,C1
KUET,MSE,7.0,kuet,2026-08-05,0,False,"Yes, exactly what I wanted",60-74%,11-15 hrs,Regularly but not every day,About half,5-6 hrs,Almost always,6-10 hrs,Almost every day,Mostly suitable,Good support,Average,4,2,3,2,2,1,4,2,4,3,3,2,C1,C1
KUET,MSE,7.0,kuet,2026-08-05,0,False,"Yes, exactly what I wanted",60-74%,Less than 3 hrs,Mostly consistent routine,About half,Less than 5 hrs,Sometimes,None,Sometimes,Somewhat distracting,Some support,Difficult to manage,4,2,0,3,2,0,2,0,2,1,2,1,C2,C2
KUET,MSE,7.0,kuet,2026-08-05,0,False,Mostly different,75-89%,7-10 hrs,Occasionally when necessary,A little,5-6 hrs,Sometimes,11-15 hrs,Sometimes,Somewhat distracting,Strong support,Average,1,3,2,0,1,1,2,3,2,1,4,2,C1,C1
KUET,ECE,7.0,kuet,2026-08-05,1,False,Close to what I wanted,75-89%,Less than 3 hrs,Mostly just before exams,A little,6-7 hrs,Never,More than 15 hrs,Sometimes,Excellent for focused study,Good support,Difficult to manage,3,3,0,1,1,2,0,4,2,4,3,1,C1,C2
KUET,EEE,7.0,kuet,2026-08-05,0,False,"Yes, exactly what I wanted",60-74%,3-6 hrs,Mostly consistent routine,Almost nothing,6-7 hrs,Often,None,Often,Excellent for focused study,Some support,Difficult to manage,4,2,1,3,0,2,3,0,3,4,2,1,C1,C1
KUET,CSE,7.0,kuet,2026-08-05,0,False,"Yes, exactly what I wanted",75-89%,3-6 hrs,Mostly just before exams,A little,Less than 5 hrs,Sometimes,More than 15 hrs,Often,Mostly suitable,Good support,Difficult to manage,4,3,1,1,1,0,2,4,3,3,3,1,C1,C1
KUET,ECE,7.0,kuet,2026-08-05,0,False,"Yes, exactly what I wanted",90% or more,More than 15 hrs,Mostly just before exams,About half,6-7 hrs,Rarely,6-10 hrs,Sometimes,Mostly suitable,No support,Completely unmanageable,4,4,4,1,2,2,1,2,2,3,0,0,C1,C1
KUET,MSE,7.0,kuet,2026-08-05,1,False,"Yes, exactly what I wanted",60-74%,More than 15 hrs,Mostly just before exams,About half,5-6 hrs,Often,11-15 hrs,Rarely,Mostly suitable,Some support,Mostly manageable,4,2,4,1,2,1,3,3,1,3,2,3,C3,C2
KUET,MSE,7.0,kuet,2026-08-05,0,False,"Yes, exactly what I wanted",60-74%,Less than 3 hrs,Occasionally when necessary,About half,Less than 5 hrs,Sometimes,11-15 hrs,Never,Neither good nor bad,Good support,Difficult to manage,4,2,0,0,2,0,2,3,0,2,3,1,C2,C2
KUET,EEE,7.0,kuet,2026-08-05,2,False,"Yes, exactly what I wanted",60-74%,Less than 3 hrs,Occasionally when necessary,About half,6-7 hrs,Rarely,11-15 hrs,Rarely,Neither good nor bad,Good support,Difficult to manage,4,2,0,0,2,2,1,3,1,2,3,1,C1,C3
KUET,ECE,7.0,kuet,2026-08-05,1,False,Close to what I wanted,75-89%,3-6 hrs,Mostly just before exams,About half,5-6 hrs,Sometimes,1-5 hrs,Almost every day,Neither good nor bad,Good support,Average,3,3,1,1,2,1,2,1,4,2,3,2,C1,C0
KUET,MSE,7.0,kuet,2026-08-05,1,False,Mostly different,90% or more,7-10 hrs,Occasionally when necessary,Most of it,5-6 hrs,Rarely,More than 15 hrs,Sometimes,Neither good nor bad,Strong support,Difficult to manage,1,4,2,0,3,1,1,4,2,2,4,1,C1,C0
KUET,MSE,7.0,kuet,2026-08-05,1,False,Mostly different,40-59%,7-10 hrs,Occasionally when necessary,About half,5-6 hrs,Often,11-15 hrs,Sometimes,Mostly suitable,Strong support,Average,1,1,2,0,2,1,3,3,2,3,4,2,C3,C2
KUET,EEE,7.0,kuet,2026-08-05,0,False,"Yes, exactly what I wanted",60-74%,Less than 3 hrs,Mostly just before exams,Most of it,6-7 hrs,Sometimes,11-15 hrs,Often,Mostly suitable,Some support,Completely unmanageable,4,2,0,1,3,2,2,3,3,3,2,0,C1,C1
KUET,EEE,7.0,kuet,2026-08-05,1,False,"Yes, exactly what I wanted",75-89%,3-6 hrs,Mostly consistent routine,A little,5-6 hrs,Rarely,None,Often,Neither good nor bad,Some support,Average,4,3,1,3,1,1,1,0,3,2,2,2,C2,C1
KUET,EEE,7.0,kuet,2026-08-05,1,False,Close to what I wanted,40-59%,11-15 hrs,Occasionally when necessary,Most of it,5-6 hrs,Rarely,6-10 hrs,Almost every day,Neither good nor bad,Good support,Mostly manageable,3,1,3,0,3,1,1,2,4,2,3,3,C2,C1
KUET,ECE,7.0,kuet,2026-08-05,0,False,"Yes, exactly what I wanted",75-89%,3-6 hrs,Regularly but not every day,A little,6-7 hrs,Sometimes,None,Sometimes,Neither good nor bad,Good support,Difficult to manage,4,3,1,2,1,2,2,0,2,2,3,1,C0,C0
KUET,ECE,7.0,kuet,2026-08-05,1,False,"Yes, exactly what I wanted",60-74%,7-10 hrs,Mostly just before exams,Most of it,Less than 5 hrs,Almost always,11-15 hrs,Sometimes,Excellent for focused study,Strong support,Difficult to manage,4,2,2,1,3,0,4,3,2,4,4,1,C1,C0
KUET,EEE,7.0,kuet,2026-08-05,0,False,"Yes, exactly what I wanted",90% or more,Less than 3 hrs,Occasionally when necessary,About half,7-8 hrs,Often,1-5 hrs,Almost every day,Mostly suitable,Good support,Very healthy and balanced,4,4,0,0,2,3,3,1,4,3,3,4,C1,C1
KUET,ECE,7.0,kuet,2026-08-05,0,False,Not at all what I wanted,60-74%,7-10 hrs,Mostly just before exams,Most of it,5-6 hrs,Sometimes,6-10 hrs,Often,Neither good nor bad,Good support,Average,0,2,2,1,3,1,2,2,3,2,3,2,C1,C1
KUET,EEE,7.0,kuet,2026-08-05,0,False,"Yes, exactly what I wanted",60-74%,3-6 hrs,Regularly but not every day,About half,7-8 hrs,Often,1-5 hrs,Almost every day,Somewhat distracting,Good support,Very healthy and balanced,4,2,1,2,2,3,3,1,4,1,3,4,C3,C3
KUET,EEE,7.0,kuet,2026-08-05,1,False,"Yes, exactly what I wanted",60-74%,Less than 3 hrs,Regularly but not every day,A little,Less than 5 hrs,Rarely,11-15 hrs,Sometimes,Neither good nor bad,Some support,Difficult to manage,4,2,0,2,1,0,1,3,2,2,2,1,C3,C2
KUET,MSE,7.0,kuet,2026-08-05,1,False,"Yes, exactly what I wanted",60-74%,3-6 hrs,Occasionally when necessary,A little,Less than 5 hrs,Almost always,11-15 hrs,Often,Mostly suitable,Some support,Mostly manageable,4,2,1,0,1,0,4,3,3,3,2,3,C1,C0
KUET,ECE,7.0,kuet,2026-08-05,0,False,"Yes, exactly what I wanted",40-59%,More than 15 hrs,Occasionally when necessary,About half,5-6 hrs,Rarely,11-15 hrs,Sometimes,Neither good nor bad,Good support,Difficult to manage,4,1,4,0,2,1,1,3,2,2,3,1,C1,C1
KUET,CE,7.0,kuet,2026-08-05,0,False,"Yes, exactly what I wanted",90% or more,7-10 hrs,Mostly consistent routine,Most of it,6-7 hrs,Sometimes,None,Rarely,Somewhat distracting,Some support,Average,4,4,2,3,3,2,2,0,1,1,2,2,C3,C3
KUET,EEE,7.0,kuet,2026-08-05,0,False,Close to what I wanted,90% or more,Less than 3 hrs,Mostly just before exams,Almost everything,6-7 hrs,Often,6-10 hrs,Sometimes,Mostly suitable,Some support,Difficult to manage,3,4,0,1,4,2,3,2,2,3,2,1,C1,C1
KUET,ECE,7.0,kuet,2026-08-05,0,False,Not at all what I wanted,75-89%,7-10 hrs,Mostly just before exams,Most of it,6-7 hrs,Rarely,None,Often,Somewhat distracting,Good support,Difficult to manage,0,3,2,1,3,2,1,0,3,1,3,1,C2,C2
KUET,MSE,7.0,kuet,2026-08-05,1,False,"Yes, exactly what I wanted",60-74%,7-10 hrs,Mostly consistent routine,About half,5-6 hrs,Often,None,Often,Neither good nor bad,Good support,Average,4,2,2,3,2,1,3,0,3,2,3,2,C3,C2
KUET,ECE,7.0,kuet,2026-08-05,0,False,Close to what I wanted,75-89%,More than 15 hrs,Mostly just before exams,Most of it,6-7 hrs,Sometimes,1-5 hrs,Sometimes,Somewhat distracting,Good support,Average,3,3,4,1,3,2,2,1,2,1,3,2,C1,C1
KUET,MSE,7.0,kuet,2026-08-05,0,False,"Yes, exactly what I wanted",90% or more,3-6 hrs,Occasionally when necessary,About half,6-7 hrs,Often,None,Sometimes,Mostly suitable,Some support,Difficult to manage,4,4,1,0,2,2,3,0,2,3,2,1,C1,C1
KUET,CE,7.0,kuet,2026-08-05,0,False,"Yes, exactly what I wanted",60-74%,Less than 3 hrs,Mostly just before exams,Most of it,7-8 hrs,Sometimes,More than 15 hrs,Never,Somewhat distracting,Some support,Difficult to manage,4,2,0,1,3,3,2,4,0,1,2,1,C0,C0
KUET,CSE,7.0,kuet,2026-08-05,1,False,"Yes, exactly what I wanted",75-89%,3-6 hrs,Occasionally when necessary,About half,5-6 hrs,Sometimes,6-10 hrs,Sometimes,Mostly suitable,Strong support,Difficult to manage,4,3,1,0,2,1,2,2,2,3,4,1,C1,C0
KUET,CSE,7.0,kuet,2026-08-05,0,False,"Yes, exactly what I wanted",75-89%,11-15 hrs,Occasionally when necessary,Most of it,Less than 5 hrs,Sometimes,More than 15 hrs,Sometimes,Mostly suitable,Good support,Difficult to manage,4,3,3,0,3,0,2,4,2,3,3,1,C2,C2
KUET,CE,7.0,kuet,2026-08-05,0,False,"Yes, exactly what I wanted",60-74%,11-15 hrs,Mostly consistent routine,About half,Less than 5 hrs,Often,More than 15 hrs,Often,Mostly suitable,No support,Difficult to manage,4,2,3,3,2,0,3,4,3,3,0,1,C2,C2
KUET,CE,7.0,kuet,2026-08-05,0,False,Somewhat different,60-74%,7-10 hrs,Mostly consistent routine,A little,More than 8 hrs,Sometimes,None,Rarely,Somewhat distracting,Strong support,Average,2,2,2,3,1,4,2,0,1,1,4,2,C1,C1
KUET,CE,7.0,kuet,2026-08-05,0,False,Somewhat different,75-89%,11-15 hrs,Occasionally when necessary,Almost everything,6-7 hrs,Never,More than 15 hrs,Rarely,Excellent for focused study,Good support,Average,2,3,3,0,4,2,0,4,1,4,3,2,C1,C1
KUET,CE,7.0,kuet,2026-08-05,1,False,Mostly different,60-74%,More than 15 hrs,Consistent throughout the semester,A little,Less than 5 hrs,Rarely,1-5 hrs,Almost every day,Mostly suitable,Good support,Average,1,2,4,4,1,0,1,1,4,3,3,2,C2,C3
KUET,CE,7.0,kuet,2026-08-05,0,False,Somewhat different,90% or more,Less than 3 hrs,Occasionally when necessary,A little,More than 8 hrs,Often,More than 15 hrs,Almost every day,Excellent for focused study,Very little support,Average,2,4,0,0,1,4,3,4,4,4,1,2,C0,C0
KUET,CE,7.0,kuet,2026-08-06,1,True,"Yes, exactly what I wanted",90% or more,3-6 hrs,Occasionally when necessary,Most of it,5-6 hrs,Almost always,11-15 hrs,Often,Somewhat distracting,Strong support,Mostly manageable,4,4,1,0,3,1,4,3,3,1,4,3,C1,C2
KUET,CE,7.0,kuet,2026-08-06,1,True,Somewhat different,40-59%,More than 15 hrs,Consistent throughout the semester,Almost everything,Less than 5 hrs,Sometimes,11-15 hrs,Often,Mostly suitable,Strong support,Mostly manageable,2,1,4,4,4,0,2,3,3,3,4,3,C2,C1
KUET,CE,7.0,kuet,2026-08-06,1,True,Close to what I wanted,90% or more,11-15 hrs,Occasionally when necessary,A little,7-8 hrs,Often,6-10 hrs,Sometimes,Mostly suitable,Good support,Completely unmanageable,3,4,3,0,1,3,3,2,2,3,3,0,C1,C2
KUET,URP,7.0,kuet,2026-08-06,0,True,Somewhat different,75-89%,7-10 hrs,Mostly just before exams,Almost everything,More than 8 hrs,Never,11-15 hrs,Often,Mostly suitable,Strong support,Average,2,3,2,1,4,4,0,3,3,3,4,2,C1,C1
KUET,CE,7.0,kuet,2026-08-06,0,True,Somewhat different,60-74%,7-10 hrs,Mostly consistent routine,About half,6-7 hrs,Almost always,None,Often,Very distracting,Strong support,Mostly manageable,2,2,2,3,2,2,4,0,3,0,4,3,C2,C2
KUET,CE,7.0,kuet,2026-08-06,1,True,Not at all what I wanted,75-89%,11-15 hrs,Occasionally when necessary,Almost nothing,More than 8 hrs,Often,11-15 hrs,Sometimes,Neither good nor bad,Very little support,Average,0,3,3,0,0,4,3,3,2,2,1,2,C2,C1
KUET,CE,7.0,kuet,2026-08-06,1,True,Not at all what I wanted,40-59%,11-15 hrs,Consistent throughout the semester,Most of it,6-7 hrs,Rarely,1-5 hrs,Rarely,Excellent for focused study,Good support,Mostly manageable,0,1,3,4,3,2,1,1,1,4,3,3,C2,C1
KUET,URP,7.0,kuet,2026-08-06,1,True,Mostly different,40-59%,7-10 hrs,Regularly but not every day,Almost nothing,7-8 hrs,Often,6-10 hrs,Rarely,Excellent for focused study,No support,Difficult to manage,1,1,2,2,0,3,3,2,1,4,0,1,C0,C1
KUET,CE,7.0,kuet,2026-08-06,1,True,Not at all what I wanted,90% or more,More than 15 hrs,Regularly but not every day,Almost everything,5-6 hrs,Rarely,None,Often,Somewhat distracting,Very little support,Mostly manageable,0,4,4,2,4,1,1,0,3,1,1,3,C1,C0
KUET,ChE,7.0,kuet,2026-08-06,0,True,Somewhat different,40-59%,7-10 hrs,Occasionally when necessary,Almost nothing,7-8 hrs,Rarely,None,Almost every day,Somewhat distracting,No support,Average,2,1,2,0,0,3,1,0,4,1,0,2,C2,C2
KUET,CE,7.0,kuet,2026-08-06,0,True,Mostly different,40-59%,Less than 3 hrs,Regularly but not every day,About half,5-6 hrs,Rarely,None,Often,Mostly suitable,Strong support,Very healthy and balanced,1,1,0,2,2,1,1,0,3,3,4,4,C3,C3
KUET,ChE,7.0,kuet,2026-08-06,1,True,Mostly different,75-89%,More than 15 hrs,Regularly but not every day,A little,7-8 hrs,Rarely,11-15 hrs,Sometimes,Neither good nor bad,Very little support,Difficult to manage,1,3,4,2,1,3,1,3,2,2,1,1,C3,C2
KUET,URP,7.0,kuet,2026-08-06,1,True,Somewhat different,75-89%,Less than 3 hrs,Occasionally when necessary,Most of it,5-6 hrs,Almost always,1-5 hrs,Often,Somewhat distracting,Very little support,Mostly manageable,2,3,0,0,3,1,4,1,3,1,1,3,C1,C2
KUET,CSE,7.0,kuet,2026-08-06,1,True,"Yes, exactly what I wanted",90% or more,7-10 hrs,Occasionally when necessary,A little,6-7 hrs,Sometimes,More than 15 hrs,Sometimes,Mostly suitable,Very little support,Average,4,4,2,0,1,2,2,4,2,3,1,2,C3,C2
KUET,CE,7.0,kuet,2026-08-06,1,True,Mostly different,60-74%,3-6 hrs,Consistent throughout the semester,Most of it,Less than 5 hrs,Often,More than 15 hrs,Never,Excellent for focused study,Good support,Mostly manageable,1,2,1,4,3,0,3,4,0,4,3,3,C2,C1
KUET,CE,7.0,kuet,2026-08-06,0,True,Mostly different,90% or more,Less than 3 hrs,Occasionally when necessary,A little,Less than 5 hrs,Rarely,1-5 hrs,Sometimes,Mostly suitable,Very little support,Completely unmanageable,1,4,0,0,1,0,1,1,2,3,1,0,C1,C1
KUET,ChE,7.0,kuet,2026-08-06,1,True,Close to what I wanted,40-59%,Less than 3 hrs,Mostly consistent routine,A little,More than 8 hrs,Almost always,1-5 hrs,Almost every day,Very distracting,Good support,Difficult to manage,3,1,0,3,1,4,4,1,4,0,3,1,C3,C2
KUET,CE,7.0,kuet,2026-08-06,1,True,"Yes, exactly what I wanted",90% or more,11-15 hrs,Mostly consistent routine,A little,Less than 5 hrs,Often,11-15 hrs,Often,Neither good nor bad,No support,Difficult to manage,4,4,3,3,1,0,3,3,3,2,0,1,C2,C3
KUET,URP,7.0,kuet,2026-08-06,0,True,Mostly different,75-89%,7-10 hrs,Regularly but not every day,A little,7-8 hrs,Rarely,More than 15 hrs,Almost every day,Mostly suitable,Strong support,Average,1,3,2,2,1,3,1,4,4,3,4,2,C2,C2
KUET,ME,7.0,kuet,2026-08-06,1,True,Mostly different,Less than 40%,11-15 hrs,Regularly but not every day,Almost nothing,7-8 hrs,Often,11-15 hrs,Sometimes,Somewhat distracting,Good support,Average,1,0,3,2,0,3,3,3,2,1,3,2,C1,C0
KUET,LE,7.0,kuet,2026-08-06,1,True,Somewhat different,Less than 40%,3-6 hrs,Regularly but not every day,A little,More than 8 hrs,Rarely,None,Never,Neither good nor bad,Good support,Very healthy and balanced,2,0,1,2,1,4,1,0,0,2,3,4,C2,C3
KUET,ESE,7.0,kuet,2026-08-06,1,True,Close to what I wanted,75-89%,More than 15 hrs,Occasionally when necessary,About half,5-6 hrs,Almost always,None,Almost every day,Very distracting,Some support,Completely unmanageable,3,3,4,0,2,1,4,0,4,0,2,0,C1,C0
KUET,BME,7.0,kuet,2026-08-06,0,True,Not at all what I wanted,75-89%,More than 15 hrs,Mostly just before exams,About half,5-6 hrs,Almost always,11-15 hrs,Almost every day,Mostly suitable,No support,Mostly manageable,0,3,4,1,2,1,4,3,4,3,0,3,C0,C0
KUET,BECM,7.0,kuet,2026-08-06,1,True,"Yes, exactly what I wanted",Less than 40%,More than 15 hrs,Mostly just before exams,A little,5-6 hrs,Rarely,1-5 hrs,Almost every day,Very distracting,Strong support,Mostly manageable,4,0,4,1,1,1,1,1,4,0,4,3,C3,C2
KUET,LE,7.0,kuet,2026-08-06,1,True,"Yes, exactly what I wanted",40-59%,7-10 hrs,Occasionally when necessary,A little,7-8 hrs,Never,More than 15 hrs,Never,Somewhat distracting,Very little support,Completely unmanageable,4,1,2,0,1,3,0,4,0,1,1,0,C3,C2
KUET,TE,7.0,kuet,2026-08-06,1,True,Close to what I wanted,60-74%,11-15 hrs,Occasionally when necessary,A little,7-8 hrs,Almost always,11-15 hrs,Almost every day,Very distracting,Strong support,Difficult to manage,3,2,3,0,1,3,4,3,4,0,4,1,C2,C3
KUET,ME,7.0,kuet,2026-08-06,0,True,Somewhat different,90% or more,Less than 3 hrs,Occasionally when necessary,Almost nothing,More than 8 hrs,Almost always,More than 15 hrs,Never,Very distracting,Very little support,Average,2,4,0,0,0,4,4,4,0,0,1,2,C3,C3
KUET,LE,7.0,kuet,2026-08-06,0,True,Close to what I wanted,90% or more,11-15 hrs,Consistent throughout the semester,Most of it,6-7 hrs,Sometimes,More than 15 hrs,Rarely,Mostly suitable,No support,Mostly manageable,3,4,3,4,3,2,2,4,1,3,0,3,C1,C1
KUET,ESE,7.0,kuet,2026-08-06,0,True,Not at all what I wanted,Less than 40%,11-15 hrs,Consistent throughout the semester,About half,7-8 hrs,Never,1-5 hrs,Rarely,Neither good nor bad,Strong support,Mostly manageable,0,0,3,4,2,3,0,1,1,2,4,3,C0,C0
KUET,MTE,7.0,kuet,2026-08-06,1,True,Mostly different,75-89%,7-10 hrs,Consistent throughout the semester,About half,5-6 hrs,Sometimes,1-5 hrs,Rarely,Mostly suitable,Some support,Average,1,3,2,4,2,1,2,1,1,3,2,2,C3,C2
KUET,BECM,7.0,kuet,2026-08-06,0,True,Mostly different,Less than 40%,11-15 hrs,Regularly but not every day,Almost everything,Less than 5 hrs,Rarely,1-5 hrs,Rarely,Somewhat distracting,Good support,Mostly manageable,1,0,3,2,4,0,1,1,1,1,3,3,C1,C1
KUET,ME,7.0,kuet,2026-08-06,0,True,"Yes, exactly what I wanted",60-74%,Less than 3 hrs,Occasionally when necessary,About half,6-7 hrs,Rarely,6-10 hrs,Almost every day,Somewhat distracting,No support,Difficult to manage,4,2,0,0,2,2,1,2,4,1,0,1,C2,C2
KUET,LE,7.0,kuet,2026-08-06,1,True,"Yes, exactly what I wanted",40-59%,3-6 hrs,Mostly just before exams,About half,5-6 hrs,Rarely,None,Rarely,Somewhat distracting,Strong support,Very healthy and balanced,4,1,1,1,2,1,1,0,1,1,4,4,C1,C0
KUET,BECM,7.0,kuet,2026-08-06,1,True,"Yes, exactly what I wanted",90% or more,More than 15 hrs,Consistent throughout the semester,Almost nothing,5-6 hrs,Sometimes,11-15 hrs,Sometimes,Somewhat distracting,No support,Difficult to manage,4,4,4,4,0,1,2,3,2,1,0,1,C3,C2
KUET,ME,7.0,kuet,2026-08-06,1,True,Mostly different,90% or more,More than 15 hrs,Mostly just before exams,About half,5-6 hrs,Often,11-15 hrs,Almost every day,Mostly suitable,Good support,Difficult to manage,1,4,4,1,2,1,3,3,4,3,3,1,C0,C1
KUET,TE,7.0,kuet,2026-08-06,1,True,Somewhat different,60-74%,11-15 hrs,Mostly just before exams,Almost nothing,Less than 5 hrs,Sometimes,11-15 hrs,Sometimes,Mostly suitable,Very little support,Completely unmanageable,2,2,3,1,0,0,2,3,2,3,1,0,C1,C0
KUET,ESE,7.0,kuet,2026-08-06,1,True,Somewhat different,60-74%,11-15 hrs,Occasionally when necessary,Most of it,7-8 hrs,Often,6-10 hrs,Rarely,Neither good nor bad,Good support,Completely unmanageable,2,2,3,0,3,3,3,2,1,2,3,0,C1,C2
KUET,MTE,7.0,kuet,2026-08-06,1,True,Not at all what I wanted,90% or more,7-10 hrs,Occasionally when necessary,Most of it,5-6 hrs,Never,11-15 hrs,Sometimes,Very distracting,No support,Difficult to manage,0,4,2,0,3,1,0,3,2,0,0,1,C2,C1
KUET,ME,7.0,kuet,2026-08-06,1,True,Not at all what I wanted,90% or more,11-15 hrs,Regularly but not every day,Almost everything,6-7 hrs,Never,None,Often,Somewhat distracting,Very little support,Average,0,4,3,2,4,2,0,0,3,1,1,2,C1,C2
KUET,LE,7.0,kuet,2026-08-06,0,True,Somewhat different,75-89%,11-15 hrs,Mostly just before exams,Almost nothing,6-7 hrs,Sometimes,None,Sometimes,Neither good nor bad,Very little support,Mostly manageable,2,3,3,1,0,2,2,0,2,2,1,3,C3,C3
KUET,TE,7.0,kuet,2026-08-06,1,True,"Yes, exactly what I wanted",90% or more,More than 15 hrs,Consistent throughout the semester,Almost nothing,7-8 hrs,Almost always,6-10 hrs,Often,Excellent for focused study,Very little support,Average,4,4,4,4,0,3,4,2,3,4,1,2,C3,C2
KUET,ARCH,7.0,kuet,2026-08-06,1,True,Somewhat different,90% or more,3-6 hrs,Consistent throughout the semester,A little,Less than 5 hrs,Never,6-10 hrs,Rarely,Neither good nor bad,Strong support,Average,2,4,1,4,1,0,0,2,1,2,4,2,C1,C2
KUET,EEE,7.0,kuet,2026-08-06,1,True,Somewhat different,90% or more,More than 15 hrs,Consistent throughout the semester,Almost nothing,5-6 hrs,Almost always,6-10 hrs,Rarely,Mostly suitable,Very little support,Mostly manageable,2,4,4,4,0,1,4,2,1,3,1,3,C0,C1
KUET,ME,7.0,kuet,2026-08-06,0,True,Somewhat different,75-89%,More than 15 hrs,Mostly just before exams,Most of it,6-7 hrs,Almost always,6-10 hrs,Sometimes,Somewhat distracting,Very little support,Completely unmanageable,2,3,4,1,3,2,4,2,2,1,1,0,C1,C1
KUET,EEE,7.0,kuet,2026-08-06,1,True,"Yes, exactly what I wanted",75-89%,3-6 hrs,Consistent throughout the semester,Almost everything,7-8 hrs,Almost always,More than 15 hrs,Rarely,Very distracting,Good support,Very healthy and balanced,4,3,1,4,4,3,4,4,1,0,3,4,C1,C2
KUET,LE,7.0,kuet,2026-08-06,0,True,Close to what I wanted,75-89%,11-15 hrs,Mostly just before exams,Almost everything,Less than 5 hrs,Almost always,6-10 hrs,Often,Mostly suitable,Some support,Mostly manageable,3,3,3,1,4,0,4,2,3,3,2,3,C3,C3
KUET,TE,7.0,kuet,2026-08-06,1,True,Not at all what I wanted,60-74%,3-6 hrs,Mostly consistent routine,Most of it,5-6 hrs,Often,11-15 hrs,Sometimes,Very distracting,Some support,Very healthy and balanced,0,2,1,3,3,1,3,3,2,0,2,4,C1,C0
KUET,BECM,7.0,kuet,2026-08-06,1,True,Close to what I wanted,90% or more,7-10 hrs,Consistent throughout the semester,Most of it,5-6 hrs,Almost always,More than 15 hrs,Often,Mostly suitable,No support,Difficult to manage,3,4,2,4,3,1,4,4,3,3,0,1,C2,C3
KUET,URP,7.0,kuet,2026-08-06,1,True,Close to what I wanted,60-74%,3-6 hrs,Occasionally when necessary,Almost everything,More than 8 hrs,Often,More than 15 hrs,Sometimes,Mostly suitable,Strong support,Very healthy and balanced,3,2,1,0,4,4,3,4,2,3,4,4,C0,C1
KUET,ARCH,7.0,kuet,2026-08-06,1,True,Close to what I wanted,75-89%,3-6 hrs,Consistent throughout the semester,A little,Less than 5 hrs,Rarely,1-5 hrs,Often,Excellent for focused study,Some support,Very healthy and balanced,3,3,1,4,1,0,1,1,3,4,2,4,C1,C2
KUET,ME,7.0,kuet,2026-08-06,1,True,Close to what I wanted,60-74%,7-10 hrs,Regularly but not every day,About half,Less than 5 hrs,Never,6-10 hrs,Never,Very distracting,Strong support,Very healthy and balanced,3,2,2,2,2,0,0,2,0,0,4,4,C1,C2
KUET,TE,7.0,kuet,2026-08-06,1,True,Not at all what I wanted,90% or more,11-15 hrs,Consistent throughout the semester,Most of it,7-8 hrs,Rarely,11-15 hrs,Sometimes,Neither good nor bad,Very little support,Very healthy and balanced,0,4,3,4,3,3,1,3,2,2,1,4,C0,C1
KUET,CSE,4.0,kuet,2026-08-06,1,False,Not at all what I wanted,75-89%,3-6 hrs,Mostly just before exams,Almost nothing,5-6 hrs,Often,1-5 hrs,Almost every day,Mostly suitable,Strong support,Difficult to manage,0,3,1,1,0,1,3,1,4,3,4,1,C2,C1
KUET,BECM,7.0,kuet,2026-08-06,1,True,Close to what I wanted,90% or more,3-6 hrs,Occasionally when necessary,About half,More than 8 hrs,Almost always,More than 15 hrs,Almost every day,Very distracting,Strong support,Average,3,4,1,0,2,4,4,4,4,0,4,2,C3,C2
KUET,EEE,7.0,kuet,2026-08-06,1,True,Mostly different,75-89%,11-15 hrs,Consistent throughout the semester,Almost everything,7-8 hrs,Often,1-5 hrs,Never,Very distracting,Strong support,Mostly manageable,1,3,3,4,4,3,3,1,0,0,4,3,C1,C0
KUET,CE,7.0,kuet,2026-08-06,0,True,Not at all what I wanted,90% or more,Less than 3 hrs,Mostly consistent routine,Most of it,5-6 hrs,Sometimes,None,Rarely,Somewhat distracting,Good support,Difficult to manage,0,4,0,3,3,1,2,0,1,1,3,1,C0,C0
KUET,ARCH,7.0,kuet,2026-08-06,1,True,Close to what I wanted,75-89%,3-6 hrs,Mostly consistent routine,A little,7-8 hrs,Never,6-10 hrs,Almost every day,Excellent for focused study,Some support,Mostly manageable,3,3,1,3,1,3,0,2,4,4,2,3,C1,C0
KUET,LE,7.0,kuet,2026-08-06,0,True,Not at all what I wanted,90% or more,More than 15 hrs,Occasionally when necessary,Most of it,7-8 hrs,Almost always,None,Often,Neither good nor bad,No support,Completely unmanageable,0,4,4,0,3,3,4,0,3,2,0,0,C2,C2
KUET,MTE,7.0,kuet,2026-08-06,0,True,Mostly different,60-74%,Less than 3 hrs,Mostly consistent routine,A little,6-7 hrs,Never,1-5 hrs,Sometimes,Very distracting,Good support,Difficult to manage,1,2,0,3,1,2,0,1,2,0,3,1,C3,C3
KUET,TE,7.0,kuet,2026-08-06,1,True,Somewhat different,90% or more,More than 15 hrs,Regularly but not every day,Almost nothing,More than 8 hrs,Rarely,More than 15 hrs,Rarely,Very distracting,Some support,Very healthy and balanced,2,4,4,2,0,4,1,4,1,0,2,4,C1,C0
KUET,EEE,7.0,kuet,2026-08-06,1,True,"Yes, exactly what I wanted",60-74%,More than 15 hrs,Occasionally when necessary,About half,Less than 5 hrs,Sometimes,None,Almost every day,Neither good nor bad,Some support,Very healthy and balanced,4,2,4,0,2,0,2,0,4,2,2,4,C1,C0
KUET,URP,7.0,kuet,2026-08-06,1,True,Somewhat different,90% or more,Less than 3 hrs,Regularly but not every day,About half,5-6 hrs,Almost always,None,Never,Very distracting,Good support,Mostly manageable,2,4,0,2,2,1,4,0,0,0,3,3,C1,C0
KUET,ARCH,7.0,kuet,2026-08-06,0,True,"Yes, exactly what I wanted",75-89%,More than 15 hrs,Mostly consistent routine,Almost nothing,Less than 5 hrs,Almost always,More than 15 hrs,Almost every day,Very distracting,Some support,Mostly manageable,4,3,4,3,0,0,4,4,4,0,2,3,C3,C3
KUET,EEE,7.0,kuet,2026-08-06,1,True,Somewhat different,90% or more,Less than 3 hrs,Consistent throughout the semester,Almost everything,6-7 hrs,Never,1-5 hrs,Often,Very distracting,Very little support,Very healthy and balanced,2,4,0,4,4,2,0,1,3,0,1,4,C1,C0
KUET,LE,7.0,kuet,2026-08-06,1,True,Close to what I wanted,60-74%,Less than 3 hrs,Occasionally when necessary,A little,More than 8 hrs,Sometimes,6-10 hrs,Almost every day,Neither good nor bad,No support,Average,3,2,0,0,1,4,2,2,4,2,0,2,C2,C3
KUET,MTE,7.0,kuet,2026-08-06,1,True,Somewhat different,90% or more,11-15 hrs,Regularly but not every day,Most of it,6-7 hrs,Never,1-5 hrs,Never,Excellent for focused study,Strong support,Very healthy and balanced,2,4,3,2,3,2,0,1,0,4,4,4,C1,C2
KUET,TE,7.0,kuet,2026-08-06,1,True,Close to what I wanted,75-89%,3-6 hrs,Mostly just before exams,About half,7-8 hrs,Sometimes,6-10 hrs,Rarely,Neither good nor bad,Good support,Completely unmanageable,3,3,1,1,2,3,2,2,1,2,3,0,C3,C2
KUET,BECM,7.0,kuet,2026-08-06,0,True,Mostly different,60-74%,7-10 hrs,Consistent throughout the semester,Almost everything,More than 8 hrs,Never,More than 15 hrs,Often,Somewhat distracting,Good support,Very healthy and balanced,1,2,2,4,4,4,0,4,3,1,3,4,C1,C1
KUET,CE,7.0,kuet,2026-08-06,1,True,Close to what I wanted,90% or more,3-6 hrs,Consistent throughout the semester,About half,Less than 5 hrs,Sometimes,6-10 hrs,Rarely,Neither good nor bad,Good support,Completely unmanageable,3,4,1,4,2,0,2,2,1,2,3,0,C0,C1
KUET,CE,7.0,kuet,2026-08-06,1,True,Somewhat different,90% or more,7-10 hrs,Consistent throughout the semester,Most of it,More than 8 hrs,Sometimes,More than 15 hrs,Often,Very distracting,Some support,Completely unmanageable,2,4,2,4,3,4,2,4,3,0,2,0,C2,C1
KUET,CSE,7.0,kuet,2026-08-06,0,True,Not at all what I wanted,90% or more,7-10 hrs,Mostly just before exams,A little,5-6 hrs,Almost always,None,Rarely,Mostly suitable,No support,Completely unmanageable,0,4,2,1,1,1,4,0,1,3,0,0,C2,C2
KUET,URP,7.0,kuet,2026-08-06,1,True,Close to what I wanted,90% or more,3-6 hrs,Mostly just before exams,Most of it,6-7 hrs,Never,11-15 hrs,Rarely,Very distracting,Good support,Very healthy and balanced,3,4,1,1,3,2,0,3,1,0,3,4,C1,C0
KUET,ME,7.0,kuet,2026-08-06,1,True,Somewhat different,90% or more,3-6 hrs,Consistent throughout the semester,Almost nothing,5-6 hrs,Almost always,More than 15 hrs,Almost every day,Somewhat distracting,Strong support,Mostly manageable,2,4,1,4,0,1,4,4,4,1,4,3,C2,C1
KUET,EEE,7.0,kuet,2026-08-06,0,True,Mostly different,90% or more,Less than 3 hrs,Mostly just before exams,Most of it,7-8 hrs,Almost always,11-15 hrs,Almost every day,Somewhat distracting,Very little support,Completely unmanageable,1,4,0,1,3,3,4,3,4,1,1,0,C2,C2
KUET,LE,7.0,kuet,2026-08-06,1,True,Mostly different,60-74%,3-6 hrs,Occasionally when necessary,About half,More than 8 hrs,Rarely,6-10 hrs,Sometimes,Mostly suitable,No support,Very healthy and balanced,1,2,1,0,2,4,1,2,2,3,0,4,C2,C3
KUET,MTE,7.0,kuet,2026-08-06,0,True,Close to what I wanted,75-89%,Less than 3 hrs,Consistent throughout the semester,Most of it,5-6 hrs,Often,None,Sometimes,Neither good nor bad,Strong support,Average,3,3,0,4,3,1,3,0,2,2,4,2,C3,C3
KUET,EEE,7.0,kuet,2026-08-06,1,True,Not at all what I wanted,90% or more,More than 15 hrs,Occasionally when necessary,Most of it,5-6 hrs,Never,6-10 hrs,Sometimes,Very distracting,Very little support,Mostly manageable,0,4,4,0,3,1,0,2,2,0,1,3,C1,C2
KUET,CE,7.0,kuet,2026-08-06,1,True,Somewhat different,60-74%,7-10 hrs,Occasionally when necessary,About half,5-6 hrs,Rarely,11-15 hrs,Sometimes,Very distracting,Strong support,Completely unmanageable,2,2,2,0,2,1,1,3,2,0,4,0,C1,C2
KUET,CE,7.0,kuet,2026-08-06,0,True,Somewhat different,60-74%,3-6 hrs,Mostly just before exams,A little,7-8 hrs,Often,1-5 hrs,Sometimes,Mostly suitable,Strong support,Mostly manageable,2,2,1,1,1,3,3,1,2,3,4,3,C2,C2
KUET,URP,7.0,kuet,2026-08-06,1,True,Not at all what I wanted,75-89%,3-6 hrs,Consistent throughout the semester,Almost everything,Less than 5 hrs,Sometimes,11-15 hrs,Sometimes,Very distracting,Very little support,Mostly manageable,0,3,1,4,4,0,2,3,2,0,1,3,C2,C3
KUET,EEE,7.0,kuet,2026-08-06,1,True,"Yes, exactly what I wanted",60-74%,Less than 3 hrs,Mostly consistent routine,Almost everything,More than 8 hrs,Never,None,Never,Very distracting,Very little support,Difficult to manage,4,2,0,3,4,4,0,0,0,0,1,1,C2,C3
KUET,LE,7.0,kuet,2026-08-06,1,True,Close to what I wanted,90% or more,11-15 hrs,Occasionally when necessary,Almost nothing,6-7 hrs,Almost always,None,Rarely,Mostly suitable,Good support,Difficult to manage,3,4,3,0,0,2,4,0,1,3,3,1,C3,C2
KUET,TE,7.0,kuet,2026-08-06,1,True,"Yes, exactly what I wanted",60-74%,3-6 hrs,Mostly consistent routine,A little,7-8 hrs,Sometimes,More than 15 hrs,Sometimes,Somewhat distracting,Some support,Completely unmanageable,4,2,1,3,1,3,2,4,2,1,2,0,C1,C2
KUET,BECM,7.0,kuet,2026-08-06,0,True,Not at all what I wanted,60-74%,7-10 hrs,Occasionally when necessary,Most of it,More than 8 hrs,Sometimes,6-10 hrs,Almost every day,Excellent for focused study,Very little support,Mostly manageable,0,2,2,0,3,4,2,2,4,4,1,3,C2,C2
KUET,EEE,7.0,kuet,2026-08-06,1,True,Not at all what I wanted,75-89%,7-10 hrs,Occasionally when necessary,Almost everything,7-8 hrs,Rarely,6-10 hrs,Almost every day,Mostly suitable,Very little support,Completely unmanageable,0,3,2,0,4,3,1,2,4,3,1,0,C1,C2
KUET,EEE,7.0,kuet,2026-08-06,1,True,Close to what I wanted,75-89%,7-10 hrs,Consistent throughout the semester,About half,6-7 hrs,Sometimes,11-15 hrs,Often,Very distracting,Some support,Completely unmanageable,3,3,2,4,2,2,2,3,3,0,2,0,C1,C0
KUET,CE,7.0,kuet,2026-08-06,1,True,"Yes, exactly what I wanted",75-89%,7-10 hrs,Regularly but not every day,A little,More than 8 hrs,Never,1-5 hrs,Rarely,Very distracting,Strong support,Completely unmanageable,4,3,2,2,1,4,0,1,1,0,4,0,C0,C1
KUET,URP,7.0,kuet,2026-08-06,1,True,Close to what I wanted,75-89%,Less than 3 hrs,Occasionally when necessary,About half,Less than 5 hrs,Almost always,More than 15 hrs,Sometimes,Mostly suitable,No support,Completely unmanageable,3,3,0,0,2,0,4,4,2,3,0,0,C0,C1
KUET,ARCH,7.0,kuet,2026-08-06,0,True,"Yes, exactly what I wanted",60-74%,3-6 hrs,Consistent throughout the semester,Almost everything,7-8 hrs,Rarely,1-5 hrs,Almost every day,Excellent for focused study,Very little support,Average,4,2,1,4,4,3,1,1,4,4,1,2,C1,C1
KUET,EEE,7.0,kuet,2026-08-06,1,True,Mostly different,90% or more,3-6 hrs,Mostly consistent routine,Most of it,Less than 5 hrs,Often,More than 15 hrs,Sometimes,Excellent for focused study,No support,Difficult to manage,1,4,1,3,3,0,3,4,2,4,0,1,C3,C2
KUET,ME,7.0,kuet,2026-08-06,0,True,Not at all what I wanted,90% or more,11-15 hrs,Occasionally when necessary,Almost everything,6-7 hrs,Never,6-10 hrs,Rarely,Excellent for focused study,Some support,Very healthy and balanced,0,4,3,0,4,2,0,2,1,4,2,4,C2,C2
KUET,MSE,7.0,kuet,2026-08-06,1,True,"Yes, exactly what I wanted",60-74%,Less than 3 hrs,Occasionally when necessary,A little,5-6 hrs,Almost always,None,Almost every day,Mostly suitable,Good support,Very healthy and balanced,4,2,0,0,1,1,4,0,4,3,3,4,C3,C2
KUET,MSE,7.0,kuet,2026-08-06,0,True,"Yes, exactly what I wanted",60-74%,3-6 hrs,Mostly just before exams,Most of it,5-6 hrs,Often,6-10 hrs,Often,Mostly suitable,Good support,Mostly manageable,4,2,1,1,3,1,3,2,3,3,3,3,C1,C1
KUET,MSE,7.0,kuet,2026-08-06,1,True,Mostly different,75-89%,Less than 3 hrs,Occasionally when necessary,Most of it,5-6 hrs,Almost always,6-10 hrs,Sometimes,Very distracting,Good support,Very healthy and balanced,1,3,0,0,3,1,4,2,2,0,3,4,C1,C0
KUET,ECE,7.0,kuet,2026-08-06,1,True,Mostly different,60-74%,Less than 3 hrs,Occasionally when necessary,Almost nothing,Less than 5 hrs,Sometimes,11-15 hrs,Rarely,Mostly suitable,Some support,Completely unmanageable,1,2,0,0,0,0,2,3,1,3,2,0,C2,C1
KUET,ME,7.0,kuet,2026-08-06,0,True,Somewhat different,75-89%,Less than 3 hrs,Occasionally when necessary,Almost nothing,5-6 hrs,Rarely,None,Never,Neither good nor bad,Some support,Difficult to manage,2,3,0,0,0,1,1,0,0,2,2,1,C3,C3
KUET,ECE,7.0,kuet,2026-08-06,1,True,Mostly different,75-89%,11-15 hrs,Mostly just before exams,A little,5-6 hrs,Almost always,1-5 hrs,Sometimes,Neither good nor bad,Some support,Mostly manageable,1,3,3,1,1,1,4,1,2,2,2,3,C1,C2
KUET,IEM,7.0,kuet,2026-08-06,0,True,Somewhat different,90% or more,More than 15 hrs,Regularly but not every day,About half,Less than 5 hrs,Almost always,11-15 hrs,Rarely,Somewhat distracting,No support,Average,2,4,4,2,2,0,4,3,1,1,0,2,C0,C0
KUET,MSE,7.0,kuet,2026-08-06,1,True,Close to what I wanted,90% or more,11-15 hrs,Mostly just before exams,About half,6-7 hrs,Sometimes,1-5 hrs,Often,Excellent for focused study,Good support,Completely unmanageable,3,4,3,1,2,2,2,1,3,4,3,0,C1,C0
KUET,ECE,7.0,kuet,2026-08-06,1,True,"Yes, exactly what I wanted",75-89%,Less than 3 hrs,Regularly but not every day,Almost nothing,Less than 5 hrs,Sometimes,1-5 hrs,Often,Neither good nor bad,Strong support,Average,4,3,0,2,0,0,2,1,3,2,4,2,C0,C1
KUET,ECE,7.0,kuet,2026-08-06,0,True,Close to what I wanted,75-89%,3-6 hrs,Occasionally when necessary,About half,5-6 hrs,Almost always,1-5 hrs,Often,Mostly suitable,Some support,Mostly manageable,3,3,1,0,2,1,4,1,3,3,2,3,C0,C0
KUET,EEE,7.0,kuet,2026-08-06,1,True,Close to what I wanted,75-89%,More than 15 hrs,Consistent throughout the semester,Most of it,7-8 hrs,Almost always,6-10 hrs,Almost every day,Very distracting,Strong support,Mostly manageable,3,3,4,4,3,3,4,2,4,0,4,3,C2,C3
KUET,ECE,7.0,kuet,2026-08-06,1,True,"Yes, exactly what I wanted",60-74%,3-6 hrs,Occasionally when necessary,Most of it,More than 8 hrs,Almost always,None,Often,Neither good nor bad,No support,Average,4,2,1,0,3,4,4,0,3,2,0,2,C3,C2
KUET,BECM,7.0,kuet,2026-08-06,1,True,Mostly different,90% or more,7-10 hrs,Consistent throughout the semester,Most of it,7-8 hrs,Sometimes,More than 15 hrs,Almost every day,Neither good nor bad,Strong support,Very healthy and balanced,1,4,2,4,3,3,2,4,4,2,4,4,C2,C3
KUET,ECE,7.0,kuet,2026-08-06,1,True,Close to what I wanted,90% or more,3-6 hrs,Occasionally when necessary,Almost nothing,7-8 hrs,Never,None,Rarely,Mostly suitable,Good support,Difficult to manage,3,4,1,0,0,3,0,0,1,3,3,1,C1,C2
KUET,EEE,1.0,kuet,2026-08-06,0,False,"Yes, exactly what I wanted",40-59%,Less than 3 hrs,Mostly just before exams,Almost nothing,5-6 hrs,Sometimes,1-5 hrs,Almost every day,Neither good nor bad,Very little support,Difficult to manage,4,1,0,1,0,1,2,1,4,2,1,1,C0,C0
KUET,MSE,7.0,kuet,2026-08-06,1,True,"Yes, exactly what I wanted",60-74%,Less than 3 hrs,Occasionally when necessary,Most of it,Less than 5 hrs,Sometimes,6-10 hrs,Sometimes,Neither good nor bad,Good support,Very healthy and balanced,4,2,0,0,3,0,2,2,2,2,3,4,C3,C2
KUET,ME,7.0,kuet,2026-08-06,1,True,Mostly different,90% or more,3-6 hrs,Mostly just before exams,Most of it,More than 8 hrs,Almost always,11-15 hrs,Often,Excellent for focused study,No support,Mostly manageable,1,4,1,1,3,4,4,3,3,4,0,3,C0,C1
KUET,MSE,7.0,kuet,2026-08-06,0,True,"Yes, exactly what I wanted",60-74%,7-10 hrs,Occasionally when necessary,Most of it,5-6 hrs,Often,1-5 hrs,Rarely,Somewhat distracting,Very little support,Average,4,2,2,0,3,1,3,1,1,1,1,2,C3,C3
KUET,ECE,7.0,kuet,2026-08-06,0,True,Not at all what I wanted,90% or more,7-10 hrs,Occasionally when necessary,About half,5-6 hrs,Often,6-10 hrs,Almost every day,Mostly suitable,Some support,Difficult to manage,0,4,2,0,2,1,3,2,4,3,2,1,C1,C1
KUET,MSE,7.0,kuet,2026-08-06,0,True,Mostly different,60-74%,3-6 hrs,Mostly just before exams,A little,5-6 hrs,Often,6-10 hrs,Sometimes,Neither good nor bad,Strong support,Average,1,2,1,1,1,1,3,2,2,2,4,2,C0,C0
KUET,CE,7.0,kuet,2026-08-06,0,True,"Yes, exactly what I wanted",60-74%,More than 15 hrs,Occasionally when necessary,A little,6-7 hrs,Often,1-5 hrs,Sometimes,Excellent for focused study,No support,Difficult to manage,4,2,4,0,1,2,3,1,2,4,0,1,C0,C0
KUET,MSE,7.0,kuet,2026-08-06,0,True,"Yes, exactly what I wanted",60-74%,3-6 hrs,Occasionally when necessary,A little,5-6 hrs,Almost always,1-5 hrs,Often,Mostly suitable,Good support,Average,4,2,1,0,1,1,4,1,3,3,3,2,C3,C3
KUET,EEE,7.0,kuet,2026-08-06,0,True,Not at all what I wanted,90% or more,Less than 3 hrs,Mostly consistent routine,Almost everything,7-8 hrs,Often,1-5 hrs,Often,Very distracting,No support,Completely unmanageable,0,4,0,3,4,3,3,1,3,0,0,0,C2,C2
KUET,MSE,7.0,kuet,2026-08-06,1,True,"Yes, exactly what I wanted",90% or more,3-6 hrs,Mostly just before exams,About half,6-7 hrs,Sometimes,11-15 hrs,Rarely,Very distracting,Very little support,Difficult to manage,4,4,1,1,2,2,2,3,1,0,1,1,C3,C2
KUET,MSE,7.0,kuet,2026-08-06,1,True,Mostly different,90% or more,Less than 3 hrs,Occasionally when necessary,About half,5-6 hrs,Sometimes,6-10 hrs,Sometimes,Excellent for focused study,Some support,Completely unmanageable,1,4,0,0,2,1,2,2,2,4,2,0,C3,C2
KUET,CE,7.0,kuet,2026-08-06,1,True,Not at all what I wanted,90% or more,Less than 3 hrs,Regularly but not every day,About half,Less than 5 hrs,Never,None,Rarely,Mostly suitable,Good support,Mostly manageable,0,4,0,2,2,0,0,0,1,3,3,3,C2,C3
KUET,ECE,7.0,kuet,2026-08-06,0,True,Close to what I wanted,60-74%,3-6 hrs,Mostly just before exams,About half,7-8 hrs,Often,None,Almost every day,Mostly suitable,Some support,Very healthy and balanced,3,2,1,1,2,3,3,0,4,3,2,4,C1,C1
KUET,ME,7.0,kuet,2026-08-06,0,True,Mostly different,75-89%,Less than 3 hrs,Consistent throughout the semester,About half,5-6 hrs,Rarely,None,Never,Very distracting,Some support,Very healthy and balanced,1,3,0,4,2,1,1,0,0,0,2,4,C2,C2
KUET,ECE,7.0,kuet,2026-08-06,1,True,Somewhat different,75-89%,3-6 hrs,Occasionally when necessary,About half,Less than 5 hrs,Often,1-5 hrs,Never,Mostly suitable,Very little support,Average,2,3,1,0,2,0,3,1,0,3,1,2,C1,C2
KUET,ME,7.0,kuet,2026-08-06,1,True,Close to what I wanted,90% or more,Less than 3 hrs,Occasionally when necessary,A little,6-7 hrs,Never,None,Often,Somewhat distracting,Good support,Very healthy and balanced,3,4,0,0,1,2,0,0,3,1,3,4,C1,C0
KUET,ECE,7.0,kuet,2026-08-06,1,True,"Yes, exactly what I wanted",90% or more,More than 15 hrs,Regularly but not every day,A little,6-7 hrs,Often,None,Sometimes,Somewhat distracting,Some support,Difficult to manage,4,4,4,2,1,2,3,0,2,1,2,1,C0,C1
KUET,EEE,7.0,kuet,2026-08-06,0,True,Close to what I wanted,60-74%,More than 15 hrs,Mostly just before exams,Almost nothing,7-8 hrs,Almost always,None,Rarely,Very distracting,Strong support,Difficult to manage,3,2,4,1,0,3,4,0,1,0,4,1,C1,C1
KUET,MSE,7.0,kuet,2026-08-06,0,True,"Yes, exactly what I wanted",60-74%,3-6 hrs,Mostly consistent routine,Almost nothing,7-8 hrs,Almost always,1-5 hrs,Often,Neither good nor bad,Good support,Average,4,2,1,3,0,3,4,1,3,2,3,2,C1,C1
KUET,BECM,7.0,kuet,2026-08-06,0,True,Mostly different,90% or more,More than 15 hrs,Consistent throughout the semester,A little,7-8 hrs,Sometimes,6-10 hrs,Often,Somewhat distracting,Some support,Difficult to manage,1,4,4,4,1,3,2,2,3,1,2,1,C3,C3
KUET,ECE,7.0,kuet,2026-08-06,1,True,"Yes, exactly what I wanted",75-89%,Less than 3 hrs,Occasionally when necessary,Most of it,Less than 5 hrs,Often,11-15 hrs,Almost every day,Neither good nor bad,Good support,Difficult to manage,4,3,0,0,3,0,3,3,4,2,3,1,C0,C1
KUET,ECE,7.0,kuet,2026-08-06,1,True,Somewhat different,75-89%,3-6 hrs,Mostly just before exams,A little,5-6 hrs,Sometimes,1-5 hrs,Often,Mostly suitable,Some support,Very healthy and balanced,2,3,1,1,1,1,2,1,3,3,2,4,C3,C2
KUET,MSE,7.0,kuet,2026-08-06,0,True,Mostly different,60-74%,3-6 hrs,Mostly just before exams,Most of it,5-6 hrs,Almost always,None,Sometimes,Mostly suitable,Strong support,Average,1,2,1,1,3,1,4,0,2,3,4,2,C0,C0
KUET,MSE,7.0,kuet,2026-08-06,0,True,Close to what I wanted,90% or more,3-6 hrs,Occasionally when necessary,About half,More than 8 hrs,Often,6-10 hrs,Often,Mostly suitable,Some support,Average,3,4,1,0,2,4,3,2,3,3,2,2,C2,C2
KUET,EEE,7.0,kuet,2026-08-06,0,True,Not at all what I wanted,75-89%,7-10 hrs,Regularly but not every day,Most of it,5-6 hrs,Often,1-5 hrs,Sometimes,Somewhat distracting,No support,Difficult to manage,0,3,2,2,3,1,3,1,2,1,0,1,C1,C1
KUET,ECE,7.0,kuet,2026-08-06,1,True,Somewhat different,75-89%,Less than 3 hrs,Mostly just before exams,A little,7-8 hrs,Almost always,More than 15 hrs,Sometimes,Excellent for focused study,Some support,Average,2,3,0,1,1,3,4,4,2,4,2,2,C2,C1
KUET,CE,7.0,kuet,2026-08-06,0,True,Close to what I wanted,75-89%,Less than 3 hrs,Mostly consistent routine,A little,5-6 hrs,Sometimes,None,Rarely,Mostly suitable,Good support,Mostly manageable,3,3,0,3,1,1,2,0,1,3,3,3,C1,C1
KUET,ME,7.0,kuet,2026-08-06,1,True,Close to what I wanted,90% or more,More than 15 hrs,Occasionally when necessary,Almost nothing,7-8 hrs,Sometimes,More than 15 hrs,Almost every day,Mostly suitable,Some support,Very healthy and balanced,3,4,4,0,0,3,2,4,4,3,2,4,C2,C1
KUET,MSE,7.0,kuet,2026-08-06,0,True,Somewhat different,60-74%,3-6 hrs,Regularly but not every day,About half,Less than 5 hrs,Often,None,Often,Very distracting,Some support,Average,2,2,1,2,2,0,3,0,3,0,2,2,C0,C0
KUET,MSE,7.0,kuet,2026-08-06,0,True,Somewhat different,90% or more,7-10 hrs,Regularly but not every day,Almost nothing,6-7 hrs,Sometimes,11-15 hrs,Often,Neither good nor bad,Strong support,Mostly manageable,2,4,2,2,0,2,2,3,3,2,4,3,C1,C1
KUET,CE,7.0,kuet,2026-08-06,1,True,"Yes, exactly what I wanted",75-89%,3-6 hrs,Occasionally when necessary,Almost everything,Less than 5 hrs,Sometimes,1-5 hrs,Often,Excellent for focused study,Strong support,Very healthy and balanced,4,3,1,0,4,0,2,1,3,4,4,4,C0,C1
KUET,ME,7.0,kuet,2026-08-06,1,True,Not at all what I wanted,90% or more,3-6 hrs,Consistent throughout the semester,A little,5-6 hrs,Never,11-15 hrs,Never,Mostly suitable,Very little support,Average,0,4,1,4,1,1,0,3,0,3,1,2,C1,C0
KUET,ECE,7.0,kuet,2026-08-06,0,True,Close to what I wanted,60-74%,3-6 hrs,Mostly just before exams,A little,5-6 hrs,Often,None,Sometimes,Neither good nor bad,Very little support,Mostly manageable,3,2,1,1,1,1,3,0,2,2,1,3,C2,C2
KUET,EEE,7.0,kuet,2026-08-06,1,True,Not at all what I wanted,60-74%,Less than 3 hrs,Occasionally when necessary,Most of it,More than 8 hrs,Sometimes,6-10 hrs,Often,Very distracting,Some support,Very healthy and balanced,0,2,0,0,3,4,2,2,3,0,2,4,C1,C0
KUET,ECE,7.0,kuet,2026-08-06,0,True,"Yes, exactly what I wanted",60-74%,3-6 hrs,Consistent throughout the semester,Most of it,6-7 hrs,Sometimes,1-5 hrs,Rarely,Neither good nor bad,Good support,Average,4,2,1,4,3,2,2,1,1,2,3,2,C2,C2
KUET,ME,7.0,kuet,2026-08-06,0,True,"Yes, exactly what I wanted",60-74%,3-6 hrs,Regularly but not every day,Almost nothing,Less than 5 hrs,Never,6-10 hrs,Sometimes,Mostly suitable,Very little support,Average,4,2,1,2,0,0,0,2,2,3,1,2,C2,C2
KUET,CE,7.0,kuet,2026-08-06,1,True,Close to what I wanted,60-74%,7-10 hrs,Regularly but not every day,Most of it,6-7 hrs,Never,1-5 hrs,Never,Somewhat distracting,Strong support,Difficult to manage,3,2,2,2,3,2,0,1,0,1,4,1,C2,C1
KUET,CSE,7.0,kuet,2026-08-06,0,True,"Yes, exactly what I wanted",90% or more,7-10 hrs,Mostly just before exams,A little,Less than 5 hrs,Often,More than 15 hrs,Never,Very distracting,Good support,Average,4,4,2,1,1,0,3,4,0,0,3,2,C3,C3
KUET,EEE,7.0,kuet,2026-08-06,0,True,Not at all what I wanted,75-89%,7-10 hrs,Occasionally when necessary,About half,More than 8 hrs,Never,11-15 hrs,Sometimes,Neither good nor bad,Strong support,Difficult to manage,0,3,2,0,2,4,0,3,2,2,4,1,C2,C2
KUET,IEM,7.0,kuet,2026-08-06,0,True,"Yes, exactly what I wanted",60-74%,Less than 3 hrs,Mostly just before exams,About half,6-7 hrs,Often,None,Never,Excellent for focused study,Strong support,Very healthy and balanced,4,2,0,1,2,2,3,0,0,4,4,4,C2,C2
KUET,EEE,7.0,kuet,2026-08-06,1,True,Close to what I wanted,75-89%,7-10 hrs,Consistent throughout the semester,About half,5-6 hrs,Almost always,6-10 hrs,Almost every day,Mostly suitable,Good support,Very healthy and balanced,3,3,2,4,2,1,4,2,4,3,3,4,C1,C0
KUET,BECM,7.0,kuet,2026-08-06,1,True,Mostly different,60-74%,7-10 hrs,Mostly just before exams,About half,5-6 hrs,Sometimes,1-5 hrs,Often,Mostly suitable,Very little support,Completely unmanageable,1,2,2,1,2,1,2,1,3,3,1,0,C3,C2
KUET,ME,7.0,kuet,2026-08-06,0,True,Close to what I wanted,60-74%,3-6 hrs,Occasionally when necessary,About half,7-8 hrs,Almost always,6-10 hrs,Sometimes,Very distracting,No support,Difficult to manage,3,2,1,0,2,3,4,2,2,0,0,1,C3,C3
KUET,EEE,7.0,kuet,2026-08-06,0,True,Mostly different,75-89%,11-15 hrs,Mostly just before exams,Almost everything,5-6 hrs,Sometimes,More than 15 hrs,Sometimes,Neither good nor bad,Some support,Mostly manageable,1,3,3,1,4,1,2,4,2,2,2,3,C3,C3
KUET,CE,7.0,kuet,2026-08-06,0,True,Somewhat different,75-89%,11-15 hrs,Occasionally when necessary,Almost nothing,Less than 5 hrs,Almost always,More than 15 hrs,Never,Excellent for focused study,No support,Average,2,3,3,0,0,0,4,4,0,4,0,2,C0,C0
KUET,URP,7.0,kuet,2026-08-06,0,True,Not at all what I wanted,90% or more,11-15 hrs,Mostly consistent routine,Almost nothing,6-7 hrs,Never,None,Sometimes,Neither good nor bad,No support,Mostly manageable,0,4,3,3,0,2,0,0,2,2,0,3,C0,C0
KUET,IEM,7.0,kuet,2026-08-06,1,True,Not at all what I wanted,75-89%,3-6 hrs,Mostly just before exams,About half,6-7 hrs,Rarely,11-15 hrs,Almost every day,Excellent for focused study,No support,Very healthy and balanced,0,3,1,1,2,2,1,3,4,4,0,4,C2,C3
KUET,MSE,7.0,kuet,2026-08-06,0,True,Not at all what I wanted,75-89%,7-10 hrs,Occasionally when necessary,About half,More than 8 hrs,Almost always,More than 15 hrs,Almost every day,Mostly suitable,No support,Very healthy and balanced,0,3,2,0,2,4,4,4,4,3,0,4,C0,C0
KUET,CE,7.0,kuet,2026-08-06,1,True,Close to what I wanted,75-89%,7-10 hrs,Mostly consistent routine,Almost nothing,7-8 hrs,Rarely,1-5 hrs,Almost every day,Neither good nor bad,Very little support,Difficult to manage,3,3,2,3,0,3,1,1,4,2,1,1,C2,C3
KUET,ME,7.0,kuet,2026-08-06,1,True,Close to what I wanted,60-74%,3-6 hrs,Occasionally when necessary,Almost nothing,More than 8 hrs,Rarely,None,Often,Excellent for focused study,No support,Average,3,2,1,0,0,4,1,0,3,4,0,2,C0,C1
KUET,MTE,7.0,kuet,2026-08-06,1,True,Not at all what I wanted,60-74%,3-6 hrs,Regularly but not every day,About half,6-7 hrs,Never,1-5 hrs,Sometimes,Excellent for focused study,Strong support,Completely unmanageable,0,2,1,2,2,2,0,1,2,4,4,0,C1,C0
KUET,CE,7.0,kuet,2026-08-06,0,True,"Yes, exactly what I wanted",75-89%,3-6 hrs,Regularly but not every day,A little,Less than 5 hrs,Rarely,None,Often,Very distracting,Some support,Difficult to manage,4,3,1,2,1,0,1,0,3,0,2,1,C1,C1
KUET,CSE,7.0,kuet,2026-08-06,1,True,Not at all what I wanted,60-74%,Less than 3 hrs,Regularly but not every day,Most of it,7-8 hrs,Sometimes,11-15 hrs,Rarely,Mostly suitable,Good support,Average,0,2,0,2,3,3,2,3,1,3,3,2,C3,C2
KUET,BECM,7.0,kuet,2026-08-06,1,True,Close to what I wanted,60-74%,Less than 3 hrs,Regularly but not every day,Almost everything,More than 8 hrs,Rarely,11-15 hrs,Often,Somewhat distracting,Strong support,Mostly manageable,3,2,0,2,4,4,1,3,3,1,4,3,C0,C1
KUET,LE,7.0,kuet,2026-08-06,0,True,Not at all what I wanted,75-89%,11-15 hrs,Mostly just before exams,Almost everything,7-8 hrs,Never,6-10 hrs,Never,Somewhat distracting,Very little support,Difficult to manage,0,3,3,1,4,3,0,2,0,1,1,1,C3,C3
KUET,BME,7.0,kuet,2026-08-06,0,True,Somewhat different,75-89%,7-10 hrs,Consistent throughout the semester,A little,5-6 hrs,Sometimes,6-10 hrs,Rarely,Mostly suitable,Good support,Difficult to manage,2,3,2,4,1,1,2,2,1,3,3,1,C2,C2
KUET,LE,7.0,kuet,2026-08-06,1,True,Mostly different,90% or more,3-6 hrs,Consistent throughout the semester,Almost everything,7-8 hrs,Never,1-5 hrs,Never,Very distracting,No support,Difficult to manage,1,4,1,4,4,3,0,1,0,0,0,1,C0,C1
KUET,ESE,7.0,kuet,2026-08-06,0,True,Mostly different,60-74%,7-10 hrs,Occasionally when necessary,A little,7-8 hrs,Often,1-5 hrs,Often,Somewhat distracting,Some support,Difficult to manage,1,2,2,0,1,3,3,1,3,1,2,1,C2,C2
KUET,BECM,7.0,kuet,2026-08-06,1,True,"Yes, exactly what I wanted",60-74%,Less than 3 hrs,Mostly consistent routine,About half,More than 8 hrs,Almost always,11-15 hrs,Often,Neither good nor bad,Strong support,Average,4,2,0,3,2,4,4,3,3,2,4,2,C3,C2
KUET,MSE,7.0,kuet,2026-08-06,0,True,Not at all what I wanted,75-89%,11-15 hrs,Consistent throughout the semester,A little,More than 8 hrs,Often,1-5 hrs,Rarely,Somewhat distracting,No support,Difficult to manage,0,3,3,4,1,4,3,1,1,1,0,1,C3,C3
KUET,EEE,7.0,kuet,2026-08-06,0,True,"Yes, exactly what I wanted",90% or more,More than 15 hrs,Mostly consistent routine,Most of it,5-6 hrs,Never,6-10 hrs,Often,Neither good nor bad,Very little support,Mostly manageable,4,4,4,3,3,1,0,2,3,2,1,3,C1,C1
KUET,TE,7.0,kuet,2026-08-06,0,True,Close to what I wanted,90% or more,11-15 hrs,Regularly but not every day,About half,5-6 hrs,Rarely,1-5 hrs,Almost every day,Somewhat distracting,Some support,Very healthy and balanced,3,4,3,2,2,1,1,1,4,1,2,4,C0,C0
KUET,ME,7.0,kuet,2026-08-06,1,True,Somewhat different,75-89%,More than 15 hrs,Occasionally when necessary,About half,More than 8 hrs,Often,None,Often,Excellent for focused study,Good support,Average,2,3,4,0,2,4,3,0,3,4,3,2,C1,C2
KUET,ARCH,7.0,kuet,2026-08-06,1,True,Not at all what I wanted,60-74%,More than 15 hrs,Regularly but not every day,About half,More than 8 hrs,Often,None,Rarely,Very distracting,No support,Very healthy and balanced,0,2,4,2,2,4,3,0,1,0,0,4,C1,C2
KUET,ME,7.0,kuet,2026-08-06,0,True,Mostly different,75-89%,11-15 hrs,Mostly consistent routine,Most of it,7-8 hrs,Sometimes,6-10 hrs,Often,Somewhat distracting,No support,Very healthy and balanced,1,3,3,3,3,3,2,2,3,1,0,4,C3,C3
KUET,ME,7.0,kuet,2026-08-06,0,True,Mostly different,75-89%,7-10 hrs,Occasionally when necessary,Almost everything,6-7 hrs,Almost always,11-15 hrs,Sometimes,Mostly suitable,Good support,Completely unmanageable,1,3,2,0,4,2,4,3,2,3,3,0,C0,C0
KUET,MTE,7.0,kuet,2026-08-06,1,True,Somewhat different,60-74%,11-15 hrs,Regularly but not every day,A little,7-8 hrs,Rarely,More than 15 hrs,Almost every day,Excellent for focused study,Good support,Average,2,2,3,2,1,3,1,4,4,4,3,2,C2,C3
KUET,URP,7.0,kuet,2026-08-06,1,True,Close to what I wanted,60-74%,3-6 hrs,Mostly just before exams,A little,More than 8 hrs,Rarely,1-5 hrs,Almost every day,Neither good nor bad,Some support,Mostly manageable,3,2,1,1,1,4,1,1,4,2,2,3,C3,C2
KUET,EEE,7.0,kuet,2026-08-06,1,True,Close to what I wanted,75-89%,7-10 hrs,Occasionally when necessary,Almost nothing,6-7 hrs,Sometimes,6-10 hrs,Never,Mostly suitable,Very little support,Very healthy and balanced,3,3,2,0,0,2,2,2,0,3,1,4,C3,C2
KUET,LE,7.0,kuet,2026-08-06,1,True,Somewhat different,75-89%,3-6 hrs,Mostly consistent routine,Almost nothing,5-6 hrs,Never,6-10 hrs,Almost every day,Excellent for focused study,Some support,Mostly manageable,2,3,1,3,0,1,0,2,4,4,2,3,C2,C1
KUET,ARCH,7.0,kuet,2026-08-06,0,True,Mostly different,75-89%,3-6 hrs,Consistent throughout the semester,Most of it,5-6 hrs,Sometimes,More than 15 hrs,Often,Neither good nor bad,Some support,Difficult to manage,1,3,1,4,3,1,2,4,3,2,2,1,C1,C1
KUET,LE,7.0,kuet,2026-08-06,0,True,Not at all what I wanted,60-74%,More than 15 hrs,Occasionally when necessary,Almost everything,7-8 hrs,Often,1-5 hrs,Almost every day,Excellent for focused study,Strong support,Mostly manageable,0,2,4,0,4,3,3,1,4,4,4,3,C1,C1
KUET,EEE,7.0,kuet,2026-08-06,1,True,"Yes, exactly what I wanted",90% or more,3-6 hrs,Consistent throughout the semester,Almost everything,6-7 hrs,Never,11-15 hrs,Almost every day,Very distracting,Some support,Very healthy and balanced,4,4,1,4,4,2,0,3,4,0,2,4,C1,C2
KUET,BECM,7.0,kuet,2026-08-06,0,True,"Yes, exactly what I wanted",60-74%,3-6 hrs,Occasionally when necessary,About half,7-8 hrs,Almost always,None,Often,Very distracting,Strong support,Very healthy and balanced,4,2,1,0,2,3,4,0,3,0,4,4,C1,C1
KUET,IEM,7.0,kuet,2026-08-06,1,True,Close to what I wanted,75-89%,11-15 hrs,Mostly consistent routine,Almost everything,5-6 hrs,Never,More than 15 hrs,Often,Neither good nor bad,Strong support,Very healthy and balanced,3,3,3,3,4,1,0,4,3,2,4,4,C0,C1
KUET,BME,7.0,kuet,2026-08-06,1,True,Not at all what I wanted,60-74%,Less than 3 hrs,Occasionally when necessary,Most of it,More than 8 hrs,Never,More than 15 hrs,Rarely,Excellent for focused study,Very little support,Completely unmanageable,0,2,0,0,3,4,0,4,1,4,1,0,C1,C0
KUET,EEE,7.0,kuet,2026-08-06,0,True,Not at all what I wanted,90% or more,11-15 hrs,Consistent throughout the semester,About half,6-7 hrs,Never,More than 15 hrs,Almost every day,Somewhat distracting,Very little support,Mostly manageable,0,4,3,4,2,2,0,4,4,1,1,3,C0,C0
KUET,MSE,7.0,kuet,2026-08-06,1,True,Somewhat different,60-74%,7-10 hrs,Mostly just before exams,Almost nothing,7-8 hrs,Rarely,More than 15 hrs,Never,Very distracting,Very little support,Difficult to manage,2,2,2,1,0,3,1,4,0,0,1,1,C2,C3
KUET,BECM,7.0,kuet,2026-08-06,1,True,Mostly different,75-89%,3-6 hrs,Occasionally when necessary,About half,Less than 5 hrs,Almost always,More than 15 hrs,Never,Somewhat distracting,Strong support,Difficult to manage,1,3,1,0,2,0,4,4,0,1,4,1,C3,C2
KUET,URP,7.0,kuet,2026-08-06,0,True,Mostly different,60-74%,More than 15 hrs,Occasionally when necessary,Almost everything,7-8 hrs,Never,6-10 hrs,Almost every day,Excellent for focused study,No support,Difficult to manage,1,2,4,0,4,3,0,2,4,4,0,1,C3,C3
KUET,MSE,7.0,kuet,2026-08-06,0,True,"Yes, exactly what I wanted",90% or more,11-15 hrs,Mostly consistent routine,Most of it,7-8 hrs,Rarely,None,Never,Excellent for focused study,Very little support,Average,4,4,3,3,3,3,1,0,0,4,1,2,C0,C0
KUET,URP,7.0,kuet,2026-08-06,0,True,Mostly different,75-89%,Less than 3 hrs,Occasionally when necessary,A little,5-6 hrs,Sometimes,11-15 hrs,Often,Very distracting,Very little support,Very healthy and balanced,1,3,0,0,1,1,2,3,3,0,1,4,C0,C0
KUET,ME,7.0,kuet,2026-08-06,1,True,Not at all what I wanted,90% or more,Less than 3 hrs,Occasionally when necessary,A little,More than 8 hrs,Rarely,1-5 hrs,Never,Somewhat distracting,Some support,Average,0,4,0,0,1,4,1,1,0,1,2,2,C2,C1
KUET,ChE,7.0,kuet,2026-08-06,0,True,Somewhat different,75-89%,Less than 3 hrs,Occasionally when necessary,Almost everything,6-7 hrs,Often,6-10 hrs,Often,Somewhat distracting,No support,Average,2,3,0,0,4,2,3,2,3,1,0,2,C0,C0
KUET,CE,7.0,kuet,2026-08-06,1,True,Mostly different,90% or more,11-15 hrs,Consistent throughout the semester,Most of it,6-7 hrs,Never,11-15 hrs,Sometimes,Very distracting,Very little support,Completely unmanageable,1,4,3,4,3,2,0,3,2,0,1,0,C1,C0
KUET,CSE,7.0,kuet,2026-08-06,0,True,Not at all what I wanted,75-89%,11-15 hrs,Mostly just before exams,A little,7-8 hrs,Almost always,11-15 hrs,Never,Excellent for focused study,Good support,Mostly manageable,0,3,3,1,1,3,4,3,0,4,3,3,C1,C1
KUET,MTE,7.0,kuet,2026-08-06,1,True,Not at all what I wanted,60-74%,7-10 hrs,Consistent throughout the semester,A little,6-7 hrs,Often,11-15 hrs,Often,Very distracting,Strong support,Difficult to manage,0,2,2,4,1,2,3,3,3,0,4,1,C2,C3
KUET,ARCH,7.0,kuet,2026-08-06,0,True,Mostly different,75-89%,More than 15 hrs,Mostly just before exams,A little,6-7 hrs,Rarely,1-5 hrs,Almost every day,Somewhat distracting,No support,Average,1,3,4,1,1,2,1,1,4,1,0,2,C0,C0
KUET,LE,7.0,kuet,2026-08-06,0,True,Close to what I wanted,75-89%,11-15 hrs,Mostly consistent routine,A little,5-6 hrs,Rarely,More than 15 hrs,Rarely,Somewhat distracting,Strong support,Average,3,3,3,3,1,1,1,4,1,1,4,2,C1,C1
KUET,ME,7.0,kuet,2026-08-06,0,True,"Yes, exactly what I wanted",60-74%,Less than 3 hrs,Mostly just before exams,Most of it,Less than 5 hrs,Sometimes,None,Rarely,Neither good nor bad,Very little support,Mostly manageable,4,2,0,1,3,0,2,0,1,2,1,3,C0,C0
KUET,BME,7.0,kuet,2026-08-07,0,True,Close to what I wanted,75-89%,11-15 hrs,Mostly consistent routine,Almost everything,Less than 5 hrs,Sometimes,6-10 hrs,Sometimes,Very distracting,No support,Completely unmanageable,3,3,3,3,4,0,2,2,2,0,0,0,C1,C1
KUET,ECE,7.0,kuet,2026-08-07,1,True,Close to what I wanted,75-89%,3-6 hrs,Mostly consistent routine,About half,5-6 hrs,Rarely,None,Never,Mostly suitable,No support,Completely unmanageable,3,3,1,3,2,1,1,0,0,3,0,0,C2,C3
KUET,CE,7.0,kuet,2026-08-07,1,True,Mostly different,75-89%,More than 15 hrs,Mostly just before exams,Almost everything,5-6 hrs,Never,6-10 hrs,Never,Excellent for focused study,No support,Mostly manageable,1,3,4,1,4,1,0,2,0,4,0,3,C1,C0
KUET,IEM,7.0,kuet,2026-08-07,1,True,Not at all what I wanted,90% or more,3-6 hrs,Mostly just before exams,Almost nothing,7-8 hrs,Never,1-5 hrs,Rarely,Very distracting,No support,Very healthy and balanced,0,4,1,1,0,3,0,1,1,0,0,4,C1,C2
KUET,CE,7.0,kuet,2026-08-07,0,True,Mostly different,90% or more,11-15 hrs,Occasionally when necessary,About half,More than 8 hrs,Rarely,6-10 hrs,Often,Mostly suitable,Some support,Completely unmanageable,1,4,3,0,2,4,1,2,3,3,2,0,C3,C3
KUET,LE,7.0,kuet,2026-08-07,1,True,Close to what I wanted,75-89%,11-15 hrs,Occasionally when necessary,A little,5-6 hrs,Almost always,6-10 hrs,Sometimes,Somewhat distracting,Good support,Difficult to manage,3,3,3,0,1,1,4,2,2,1,3,1,C2,C3
KUET,TE,7.0,kuet,2026-08-07,1,True,"Yes, exactly what I wanted",90% or more,11-15 hrs,Mostly consistent routine,About half,6-7 hrs,Often,6-10 hrs,Often,Neither good nor bad,Very little support,Mostly manageable,4,4,3,3,2,2,3,2,3,2,1,3,C2,C1
KUET,EEE,7.0,kuet,2026-08-07,0,True,Not at all what I wanted,90% or more,Less than 3 hrs,Occasionally when necessary,About half,7-8 hrs,Never,More than 15 hrs,Never,Neither good nor bad,Good support,Very healthy and balanced,0,4,0,0,2,3,0,4,0,2,3,4,C2,C2
KUET,IEM,7.0,kuet,2026-08-07,0,True,Not at all what I wanted,75-89%,More than 15 hrs,Regularly but not every day,Almost nothing,Less than 5 hrs,Sometimes,None,Often,Somewhat distracting,Very little support,Mostly manageable,0,3,4,2,0,0,2,0,3,1,1,3,C1,C1
KUET,ChE,7.0,kuet,2026-08-07,0,True,Not at all what I wanted,75-89%,11-15 hrs,Mostly consistent routine,Almost nothing,6-7 hrs,Never,6-10 hrs,Often,Somewhat distracting,Some support,Difficult to manage,0,3,3,3,0,2,0,2,3,1,2,1,C3,C3
KUET,CE,7.0,kuet,2026-08-07,0,True,Somewhat different,60-74%,11-15 hrs,Occasionally when necessary,Almost nothing,Less than 5 hrs,Often,More than 15 hrs,Sometimes,Mostly suitable,Strong support,Difficult to manage,2,2,3,0,0,0,3,4,2,3,4,1,C0,C0
KUET,ME,7.0,kuet,2026-08-07,0,True,Somewhat different,75-89%,Less than 3 hrs,Mostly consistent routine,Almost everything,More than 8 hrs,Never,1-5 hrs,Almost every day,Excellent for focused study,Some support,Completely unmanageable,2,3,0,3,4,4,0,1,4,4,2,0,C1,C1
KUET,EEE,7.0,kuet,2026-08-07,1,True,Somewhat different,60-74%,More than 15 hrs,Consistent throughout the semester,Almost everything,More than 8 hrs,Often,None,Rarely,Excellent for focused study,No support,Difficult to manage,2,2,4,4,4,4,3,0,1,4,0,1,C2,C1
KUET,CE,7.0,kuet,2026-08-07,1,True,Somewhat different,75-89%,11-15 hrs,Regularly but not every day,Most of it,Less than 5 hrs,Rarely,More than 15 hrs,Almost every day,Neither good nor bad,Some support,Difficult to manage,2,3,3,2,3,0,1,4,4,2,2,1,C2,C1
KUET,BECM,7.0,kuet,2026-08-07,0,True,"Yes, exactly what I wanted",90% or more,Less than 3 hrs,Mostly consistent routine,About half,More than 8 hrs,Never,11-15 hrs,Often,Excellent for focused study,No support,Difficult to manage,4,4,0,3,2,4,0,3,3,4,0,1,C2,C2
KUET,TE,7.0,kuet,2026-08-07,0,True,Somewhat different,90% or more,More than 15 hrs,Regularly but not every day,Almost everything,Less than 5 hrs,Never,More than 15 hrs,Often,Excellent for focused study,No support,Completely unmanageable,2,4,4,2,4,0,0,4,3,4,0,0,C1,C1
KUET,ME,7.0,kuet,2026-08-07,1,True,Close to what I wanted,75-89%,More than 15 hrs,Regularly but not every day,A little,7-8 hrs,Sometimes,None,Rarely,Somewhat distracting,Strong support,Mostly manageable,3,3,4,2,1,3,2,0,1,1,4,3,C2,C1
KUET,URP,7.0,kuet,2026-08-07,0,True,"Yes, exactly what I wanted",90% or more,3-6 hrs,Occasionally when necessary,Almost everything,6-7 hrs,Sometimes,11-15 hrs,Rarely,Mostly suitable,Some support,Completely unmanageable,4,4,1,0,4,2,2,3,1,3,2,0,C1,C1
KUET,CE,7.0,kuet,2026-08-07,0,True,"Yes, exactly what I wanted",75-89%,More than 15 hrs,Consistent throughout the semester,Most of it,More than 8 hrs,Never,11-15 hrs,Rarely,Excellent for focused study,Very little support,Completely unmanageable,4,3,4,4,3,4,0,3,1,4,1,0,C1,C1
KUET,BECM,7.0,kuet,2026-08-07,1,True,Not at all what I wanted,60-74%,Less than 3 hrs,Regularly but not every day,About half,More than 8 hrs,Never,None,Never,Somewhat distracting,Good support,Completely unmanageable,0,2,0,2,2,4,0,0,0,1,3,0,C1,C0
KUET,MSE,7.0,kuet,2026-08-07,0,True,Somewhat different,60-74%,7-10 hrs,Regularly but not every day,About half,6-7 hrs,Never,1-5 hrs,Often,Mostly suitable,Some support,Difficult to manage,2,2,2,2,2,2,0,1,3,3,2,1,C0,C0
KUET,URP,7.0,kuet,2026-08-07,0,True,Somewhat different,75-89%,7-10 hrs,Mostly consistent routine,A little,6-7 hrs,Never,6-10 hrs,Never,Somewhat distracting,No support,Average,2,3,2,3,1,2,0,2,0,1,0,2,C3,C3
KUET,CE,7.0,kuet,2026-08-07,0,True,Mostly different,90% or more,More than 15 hrs,Mostly consistent routine,A little,More than 8 hrs,Never,None,Sometimes,Somewhat distracting,Very little support,Difficult to manage,1,4,4,3,1,4,0,0,2,1,1,1,C0,C0
KUET,ChE,7.0,kuet,2026-08-07,1,True,"Yes, exactly what I wanted",75-89%,7-10 hrs,Mostly just before exams,Almost everything,Less than 5 hrs,Never,None,Never,Excellent for focused study,Good support,Mostly manageable,4,3,2,1,4,0,0,0,0,4,3,3,C2,C3
KUET,IEM,7.0,kuet,2026-08-07,1,True,Not at all what I wanted,75-89%,Less than 3 hrs,Regularly but not every day,Almost nothing,7-8 hrs,Never,11-15 hrs,Almost every day,Very distracting,Strong support,Completely unmanageable,0,3,0,2,0,3,0,3,4,0,4,0,C0,C1
KUET,LE,7.0,kuet,2026-08-07,1,True,Close to what I wanted,75-89%,3-6 hrs,Mostly consistent routine,Almost nothing,6-7 hrs,Often,None,Often,Very distracting,Good support,Average,3,3,1,3,0,2,3,0,3,0,3,2,C2,C3
KUET,ME,7.0,kuet,2026-08-07,1,True,Somewhat different,90% or more,11-15 hrs,Mostly just before exams,A little,Less than 5 hrs,Almost always,1-5 hrs,Never,Excellent for focused study,Very little support,Mostly manageable,2,4,3,1,1,0,4,1,0,4,1,3,C3,C2
KUET,CE,7.0,kuet,2026-08-07,1,True,Close to what I wanted,60-74%,More than 15 hrs,Mostly consistent routine,About half,Less than 5 hrs,Often,More than 15 hrs,Sometimes,Very distracting,Very little support,Very healthy and balanced,3,2,4,3,2,0,3,4,2,0,1,4,C0,C1
KUET,LE,7.0,kuet,2026-08-07,1,True,Somewhat different,90% or more,Less than 3 hrs,Occasionally when necessary,Almost everything,Less than 5 hrs,Sometimes,None,Often,Somewhat distracting,No support,Mostly manageable,2,4,0,0,4,0,2,0,3,1,0,3,C2,C3
KUET,URP,7.0,kuet,2026-08-07,1,True,Somewhat different,60-74%,3-6 hrs,Regularly but not every day,About half,More than 8 hrs,Never,6-10 hrs,Often,Somewhat distracting,No support,Average,2,2,1,2,2,4,0,2,3,1,0,2,C2,C1
KUET,ME,7.0,kuet,2026-08-07,1,True,Somewhat different,60-74%,7-10 hrs,Mostly just before exams,About half,More than 8 hrs,Almost always,6-10 hrs,Rarely,Neither good nor bad,Some support,Mostly manageable,2,2,2,1,2,4,4,2,1,2,2,3,C1,C2
KUET,CSE,7.0,kuet,2026-08-07,1,True,Somewhat different,60-74%,3-6 hrs,Regularly but not every day,Almost nothing,7-8 hrs,Sometimes,11-15 hrs,Never,Mostly suitable,Strong support,Average,2,2,1,2,0,3,2,3,0,3,4,2,C0,C1
KUET,MTE,7.0,kuet,2026-08-07,1,True,"Yes, exactly what I wanted",60-74%,Less than 3 hrs,Occasionally when necessary,Most of it,6-7 hrs,Often,None,Sometimes,Mostly suitable,Some support,Completely unmanageable,4,2,0,0,3,2,3,0,2,3,2,0,C0,C1
KUET,BECM,7.0,kuet,2026-08-07,1,True,"Yes, exactly what I wanted",90% or more,Less than 3 hrs,Mostly just before exams,A little,Less than 5 hrs,Sometimes,1-5 hrs,Never,Somewhat distracting,Strong support,Completely unmanageable,4,4,0,1,1,0,2,1,0,1,4,0,C2,C1
KUET,ESE,7.0,kuet,2026-08-07,0,True,"Yes, exactly what I wanted",90% or more,More than 15 hrs,Occasionally when necessary,About half,More than 8 hrs,Often,None,Sometimes,Very distracting,No support,Completely unmanageable,4,4,4,0,2,4,3,0,2,0,0,0,C0,C0
KUET,BME,7.0,kuet,2026-08-07,0,True,"Yes, exactly what I wanted",90% or more,More than 15 hrs,Consistent throughout the semester,A little,Less than 5 hrs,Never,6-10 hrs,Almost every day,Very distracting,Good support,Completely unmanageable,4,4,4,4,1,0,0,2,4,0,3,0,C1,C1
KUET,BECM,7.0,kuet,2026-08-07,1,True,Somewhat different,60-74%,3-6 hrs,Consistent throughout the semester,About half,5-6 hrs,Rarely,None,Almost every day,Mostly suitable,Some support,Average,2,2,1,4,2,1,1,0,4,3,2,2,C1,C2
KUET,CE,7.0,kuet,2026-08-07,1,True,Mostly different,75-89%,11-15 hrs,Regularly but not every day,Almost nothing,Less than 5 hrs,Rarely,None,Sometimes,Very distracting,Very little support,Average,1,3,3,2,0,0,1,0,2,0,1,2,C0,C1
KUET,ECE,7.0,kuet,2026-08-07,0,True,Somewhat different,90% or more,Less than 3 hrs,Mostly consistent routine,About half,5-6 hrs,Rarely,1-5 hrs,Rarely,Excellent for focused study,Good support,Completely unmanageable,2,4,0,3,2,1,1,1,1,4,3,0,C0,C0
KUET,MSE,7.0,kuet,2026-08-07,1,True,Somewhat different,90% or more,7-10 hrs,Mostly just before exams,About half,6-7 hrs,Almost always,11-15 hrs,Sometimes,Mostly suitable,No support,Mostly manageable,2,4,2,1,2,2,4,3,2,3,0,3,C3,C2
KUET,ME,7.0,kuet,2026-08-07,1,True,Somewhat different,60-74%,Less than 3 hrs,Mostly just before exams,Almost nothing,Less than 5 hrs,Rarely,11-15 hrs,Often,Somewhat distracting,Some support,Completely unmanageable,2,2,0,1,0,0,1,3,3,1,2,0,C1,C2
KUET,IEM,7.0,kuet,2026-08-07,1,True,Mostly different,60-74%,Less than 3 hrs,Occasionally when necessary,About half,7-8 hrs,Rarely,None,Never,Excellent for focused study,Some support,Mostly manageable,1,2,0,0,2,3,1,0,0,4,2,3,C1,C2
KUET,ECE,7.0,kuet,2026-08-07,1,True,Close to what I wanted,90% or more,Less than 3 hrs,Consistent throughout the semester,Most of it,More than 8 hrs,Never,6-10 hrs,Never,Somewhat distracting,Strong support,Mostly manageable,3,4,0,4,3,4,0,2,0,1,4,3,C2,C1
KUET,ME,7.0,kuet,2026-08-07,1,True,"Yes, exactly what I wanted",60-74%,7-10 hrs,Occasionally when necessary,Almost nothing,5-6 hrs,Almost always,1-5 hrs,Almost every day,Somewhat distracting,Some support,Very healthy and balanced,4,2,2,0,0,1,4,1,4,1,2,4,C2,C1
KUET,LE,7.0,kuet,2026-08-07,1,True,Mostly different,60-74%,Less than 3 hrs,Regularly but not every day,Almost nothing,Less than 5 hrs,Almost always,11-15 hrs,Never,Somewhat distracting,Some support,Very healthy and balanced,1,2,0,2,0,0,4,3,0,1,2,4,C3,C2
KUET,MSE,7.0,kuet,2026-08-07,1,True,Close to what I wanted,75-89%,More than 15 hrs,Mostly consistent routine,Almost everything,6-7 hrs,Never,1-5 hrs,Often,Excellent for focused study,Strong support,Mostly manageable,3,3,4,3,4,2,0,1,3,4,4,3,C1,C0
KUET,TE,7.0,kuet,2026-08-07,1,True,Close to what I wanted,90% or more,More than 15 hrs,Mostly just before exams,Almost everything,5-6 hrs,Almost always,6-10 hrs,Often,Mostly suitable,Strong support,Very healthy and balanced,3,4,4,1,4,1,4,2,3,3,4,4,C0,C1
KUET,TE,7.0,kuet,2026-08-07,0,True,Close to what I wanted,90% or more,3-6 hrs,Regularly but not every day,A little,More than 8 hrs,Rarely,11-15 hrs,Sometimes,Excellent for focused study,Strong support,Mostly manageable,3,4,1,2,1,4,1,3,2,4,4,3,C3,C3
KUET,ESE,7.0,kuet,2026-08-07,0,True,"Yes, exactly what I wanted",75-89%,11-15 hrs,Consistent throughout the semester,About half,Less than 5 hrs,Never,1-5 hrs,Rarely,Mostly suitable,Some support,Average,4,3,3,4,2,0,0,1,1,3,2,2,C3,C3
KUET,ChE,7.0,kuet,2026-08-07,0,True,Not at all what I wanted,75-89%,3-6 hrs,Regularly but not every day,Most of it,5-6 hrs,Often,11-15 hrs,Almost every day,Very distracting,Strong support,Mostly manageable,0,3,1,2,3,1,3,3,4,0,4,3,C0,C0
KUET,ARCH,7.0,kuet,2026-08-07,0,True,"Yes, exactly what I wanted",60-74%,7-10 hrs,Occasionally when necessary,About half,7-8 hrs,Never,6-10 hrs,Almost every day,Very distracting,Some support,Average,4,2,2,0,2,3,0,2,4,0,2,2,C0,C0
KUET,CE,7.0,kuet,2026-08-07,1,True,Mostly different,90% or more,7-10 hrs,Occasionally when necessary,A little,7-8 hrs,Sometimes,1-5 hrs,Rarely,Neither good nor bad,Strong support,Very healthy and balanced,1,4,2,0,1,3,2,1,1,2,4,4,C1,C2
KUET,URP,7.0,kuet,2026-08-07,0,True,Close to what I wanted,90% or more,More than 15 hrs,Occasionally when necessary,Almost nothing,6-7 hrs,Sometimes,1-5 hrs,Sometimes,Somewhat distracting,No support,Very healthy and balanced,3,4,4,0,0,2,2,1,2,1,0,4,C3,C3
KUET,ME,7.0,kuet,2026-08-07,0,True,Close to what I wanted,60-74%,11-15 hrs,Mostly just before exams,A little,More than 8 hrs,Rarely,6-10 hrs,Rarely,Excellent for focused study,Strong support,Completely unmanageable,3,2,3,1,1,4,1,2,1,4,4,0,C0,C0
KUET,LE,7.0,kuet,2026-08-07,1,True,Somewhat different,60-74%,11-15 hrs,Mostly consistent routine,Almost everything,7-8 hrs,Rarely,11-15 hrs,Rarely,Somewhat distracting,Good support,Completely unmanageable,2,2,3,3,4,3,1,3,1,1,3,0,C0,C1
KUET,ME,7.0,kuet,2026-08-07,1,True,Somewhat different,75-89%,Less than 3 hrs,Mostly consistent routine,Almost nothing,5-6 hrs,Sometimes,1-5 hrs,Almost every day,Somewhat distracting,No support,Very healthy and balanced,2,3,0,3,0,1,2,1,4,1,0,4,C1,C2
KUET,CSE,7.0,kuet,2026-08-07,1,True,Mostly different,90% or more,3-6 hrs,Consistent throughout the semester,Almost everything,6-7 hrs,Rarely,More than 15 hrs,Never,Mostly suitable,Strong support,Completely unmanageable,1,4,1,4,4,2,1,4,0,3,4,0,C3,C2
KUET,ECE,7.0,kuet,2026-08-07,0,True,"Yes, exactly what I wanted",75-89%,7-10 hrs,Occasionally when necessary,Almost everything,6-7 hrs,Rarely,More than 15 hrs,Never,Very distracting,Strong support,Mostly manageable,4,3,2,0,4,2,1,4,0,0,4,3,C2,C2
KUET,CE,7.0,kuet,2026-08-07,1,True,Not at all what I wanted,90% or more,Less than 3 hrs,Consistent throughout the semester,Almost everything,5-6 hrs,Rarely,None,Almost every day,Excellent for focused study,No support,Completely unmanageable,0,4,0,4,4,1,1,0,4,4,0,0,C1,C0
KUET,EEE,7.0,kuet,2026-08-07,0,True,Close to what I wanted,90% or more,3-6 hrs,Consistent throughout the semester,About half,5-6 hrs,Never,1-5 hrs,Often,Neither good nor bad,No support,Average,3,4,1,4,2,1,0,1,3,2,0,2,C2,C2
KUET,EEE,7.0,kuet,2026-08-07,0,True,Close to what I wanted,90% or more,Less than 3 hrs,Regularly but not every day,About half,5-6 hrs,Almost always,None,Rarely,Neither good nor bad,Very little support,Average,3,4,0,2,2,1,4,0,1,2,1,2,C3,C3
KUET,MTE,7.0,kuet,2026-08-07,1,True,Somewhat different,75-89%,More than 15 hrs,Occasionally when necessary,About half,More than 8 hrs,Rarely,More than 15 hrs,Never,Mostly suitable,No support,Very healthy and balanced,2,3,4,0,2,4,1,4,0,3,0,4,C2,C1
KUET,ME,7.0,kuet,2026-08-07,1,True,Close to what I wanted,60-74%,3-6 hrs,Mostly just before exams,Almost nothing,7-8 hrs,Almost always,6-10 hrs,Rarely,Mostly suitable,Strong support,Average,3,2,1,1,0,3,4,2,1,3,4,2,C1,C2
KUET,ChE,7.0,kuet,2026-08-07,1,True,Somewhat different,60-74%,More than 15 hrs,Regularly but not every day,A little,Less than 5 hrs,Sometimes,6-10 hrs,Almost every day,Mostly suitable,Very little support,Difficult to manage,2,2,4,2,1,0,2,2,4,3,1,1,C2,C3
KUET,TE,7.0,kuet,2026-08-07,0,True,Close to what I wanted,90% or more,7-10 hrs,Mostly just before exams,A little,6-7 hrs,Rarely,11-15 hrs,Often,Mostly suitable,No support,Completely unmanageable,3,4,2,1,1,2,1,3,3,3,0,0,C2,C2
KUET,ARCH,7.0,kuet,2026-08-07,1,True,Close to what I wanted,75-89%,7-10 hrs,Mostly consistent routine,About half,7-8 hrs,Almost always,None,Almost every day,Excellent for focused study,No support,Completely unmanageable,3,3,2,3,2,3,4,0,4,4,0,0,C2,C1
KUET,ME,7.0,kuet,2026-08-07,0,True,Somewhat different,90% or more,11-15 hrs,Mostly just before exams,Almost nothing,Less than 5 hrs,Often,More than 15 hrs,Rarely,Very distracting,Strong support,Completely unmanageable,2,4,3,1,0,0,3,4,1,0,4,0,C1,C1
KUET,BECM,7.0,kuet,2026-08-07,0,True,Mostly different,60-74%,Less than 3 hrs,Occasionally when necessary,Almost everything,5-6 hrs,Rarely,None,Sometimes,Very distracting,Some support,Completely unmanageable,1,2,0,0,4,1,1,0,2,0,2,0,C2,C2
KUET,MSE,7.0,kuet,2026-08-07,1,True,Mostly different,90% or more,More than 15 hrs,Mostly just before exams,Almost nothing,6-7 hrs,Sometimes,6-10 hrs,Never,Mostly suitable,Some support,Completely unmanageable,1,4,4,1,0,2,2,2,0,3,2,0,C2,C1
KUET,CE,7.0,kuet,2026-08-07,1,True,Mostly different,60-74%,3-6 hrs,Occasionally when necessary,Almost everything,6-7 hrs,Often,None,Rarely,Neither good nor bad,Good support,Difficult to manage,1,2,1,0,4,2,3,0,1,2,3,1,C2,C3
KUET,ECE,7.0,kuet,2026-08-07,0,True,Close to what I wanted,60-74%,11-15 hrs,Consistent throughout the semester,Most of it,5-6 hrs,Sometimes,1-5 hrs,Never,Neither good nor bad,Good support,Difficult to manage,3,2,3,4,3,1,2,1,0,2,3,1,C2,C2
KUET,MSE,7.0,kuet,2026-08-07,0,True,Close to what I wanted,75-89%,7-10 hrs,Occasionally when necessary,Most of it,More than 8 hrs,Sometimes,6-10 hrs,Sometimes,Very distracting,Good support,Difficult to manage,3,3,2,0,3,4,2,2,2,0,3,1,C3,C3
KUET,ME,7.0,kuet,2026-08-07,0,True,Not at all what I wanted,90% or more,11-15 hrs,Occasionally when necessary,Almost nothing,More than 8 hrs,Almost always,None,Never,Very distracting,Some support,Difficult to manage,0,4,3,0,0,4,4,0,0,0,2,1,C3,C3
KUET,CSE,7.0,kuet,2026-08-07,1,True,Close to what I wanted,75-89%,7-10 hrs,Consistent throughout the semester,A little,More than 8 hrs,Almost always,More than 15 hrs,Never,Mostly suitable,Very little support,Very healthy and balanced,3,3,2,4,1,4,4,4,0,3,1,4,C1,C0
KUET,EEE,7.0,kuet,2026-08-07,1,True,Close to what I wanted,75-89%,Less than 3 hrs,Mostly just before exams,A little,6-7 hrs,Never,More than 15 hrs,Rarely,Mostly suitable,Some support,Completely unmanageable,3,3,0,1,1,2,0,4,1,3,2,0,C2,C1
KUET,EEE,7.0,kuet,2026-08-07,1,True,"Yes, exactly what I wanted",75-89%,Less than 3 hrs,Mostly consistent routine,About half,7-8 hrs,Rarely,6-10 hrs,Never,Very distracting,Strong support,Difficult to manage,4,3,0,3,2,3,1,2,0,0,4,1,C0,C1
KUET,IEM,7.0,kuet,2026-08-07,1,True,Mostly different,60-74%,More than 15 hrs,Regularly but not every day,Almost nothing,Less than 5 hrs,Almost always,More than 15 hrs,Sometimes,Excellent for focused study,No support,Mostly manageable,1,2,4,2,0,0,4,4,2,4,0,3,C1,C0
KUET,CE,7.0,kuet,2026-08-07,1,True,Not at all what I wanted,75-89%,Less than 3 hrs,Consistent throughout the semester,Almost nothing,5-6 hrs,Almost always,11-15 hrs,Never,Neither good nor bad,Good support,Completely unmanageable,0,3,0,4,0,1,4,3,0,2,3,0,C3,C2
KUET,EEE,7.0,kuet,2026-08-07,1,True,Somewhat different,75-89%,11-15 hrs,Consistent throughout the semester,Almost nothing,More than 8 hrs,Never,1-5 hrs,Often,Very distracting,Strong support,Completely unmanageable,2,3,3,4,0,4,0,1,3,0,4,0,C1,C2
KUET,ME,7.0,kuet,2026-08-07,0,True,Close to what I wanted,90% or more,7-10 hrs,Mostly just before exams,Most of it,Less than 5 hrs,Sometimes,More than 15 hrs,Never,Very distracting,Strong support,Completely unmanageable,3,4,2,1,3,0,2,4,0,0,4,0,C1,C1
KUET,CSE,4.0,kuet,2026-08-07,1,False,Close to what I wanted,90% or more,Less than 3 hrs,Occasionally when necessary,About half,6-7 hrs,Rarely,1-5 hrs,Often,Excellent for focused study,Strong support,Average,3,4,0,0,2,2,1,1,3,4,4,2,C3,C2
KUET,CSE,7.0,kuet,2026-08-09,1,False,Close to what I wanted,60-74%,Less than 3 hrs,Mostly just before exams,Almost nothing,7-8 hrs,Rarely,More than 15 hrs,Sometimes,Neither good nor bad,Some support,Difficult to manage,3,2,0,1,0,3,1,4,2,2,2,1,C0,C1
KUET,CSE,7.0,kuet,2026-08-09,1,False,"Yes, exactly what I wanted",75-89%,7-10 hrs,Occasionally when necessary,About half,6-7 hrs,Often,11-15 hrs,Rarely,Mostly suitable,Strong support,Average,4,3,2,0,2,2,3,3,1,3,4,2,C1,C2
KUET,CSE,7.0,kuet,2026-08-09,1,False,Close to what I wanted,75-89%,7-10 hrs,Occasionally when necessary,About half,7-8 hrs,Never,None,Rarely,Somewhat distracting,Good support,Mostly manageable,3,3,2,0,2,3,0,0,1,1,3,3,C1,C2
KUET,CSE,4.0,kuet,2026-08-09,0,False,"Yes, exactly what I wanted",90% or more,7-10 hrs,Regularly but not every day,Most of it,7-8 hrs,Rarely,None,Never,Mostly suitable,Strong support,Average,4,4,2,2,3,3,1,0,0,3,4,2,C2,C2
KUET,MSE,7.0,kuet,2026-08-09,0,False,Somewhat different,90% or more,7-10 hrs,Occasionally when necessary,A little,Less than 5 hrs,Often,None,Almost every day,Mostly suitable,Good support,Mostly manageable,2,4,2,0,1,0,3,0,4,3,3,3,C3,C3
KUET,MSE,7.0,kuet,2026-08-09,0,False,Not at all what I wanted,40-59%,3-6 hrs,Mostly just before exams,A little,Less than 5 hrs,Often,1-5 hrs,Almost every day,Neither good nor bad,Good support,Average,0,1,1,1,1,0,3,1,4,2,3,2,C2,C2
KUET,MSE,7.0,kuet,2026-08-09,0,False,Mostly different,90% or more,7-10 hrs,Mostly consistent routine,Most of it,6-7 hrs,Often,6-10 hrs,Sometimes,Somewhat distracting,Very little support,Average,1,4,2,3,3,2,3,2,2,1,1,2,C1,C1
KUET,MSE,7.0,kuet,2026-08-09,0,False,Close to what I wanted,60-74%,7-10 hrs,Mostly just before exams,Almost nothing,Less than 5 hrs,Almost always,1-5 hrs,Almost every day,Excellent for focused study,No support,Average,3,2,2,1,0,0,4,1,4,4,0,2,C2,C2
KUET,CSE,3.0,kuet,2026-08-09,0,False,"Yes, exactly what I wanted",75-89%,Less than 3 hrs,Occasionally when necessary,Most of it,5-6 hrs,Sometimes,6-10 hrs,Sometimes,Excellent for focused study,Some support,Completely unmanageable,4,3,0,0,3,1,2,2,2,4,2,0,C1,C1
KUET,CSE,3.0,kuet,2026-08-09,0,False,"Yes, exactly what I wanted",90% or more,7-10 hrs,Regularly but not every day,A little,6-7 hrs,Sometimes,None,Sometimes,Neither good nor bad,No support,Average,4,4,2,2,1,2,2,0,2,2,0,2,C0,C0
KUET,CSE,3.0,kuet,2026-08-09,0,False,"Yes, exactly what I wanted",75-89%,Less than 3 hrs,Occasionally when necessary,About half,5-6 hrs,Rarely,6-10 hrs,Almost every day,Somewhat distracting,Good support,Average,4,3,0,0,2,1,1,2,4,1,3,2,C1,C1
KUET,CSE,3.0,kuet,2026-08-09,0,False,Not at all what I wanted,90% or more,Less than 3 hrs,Mostly just before exams,Almost nothing,6-7 hrs,Never,1-5 hrs,Almost every day,Mostly suitable,Very little support,Average,0,4,0,1,0,2,0,1,4,3,1,2,C1,C1
KUET,CSE,3.0,kuet,2026-08-09,0,False,"Yes, exactly what I wanted",75-89%,7-10 hrs,Mostly consistent routine,A little,5-6 hrs,Sometimes,6-10 hrs,Sometimes,Somewhat distracting,No support,Difficult to manage,4,3,2,3,1,1,2,2,2,1,0,1,C0,C0
KUET,CSE,3.0,kuet,2026-08-09,0,False,"Yes, exactly what I wanted",90% or more,11-15 hrs,Regularly but not every day,About half,5-6 hrs,Sometimes,11-15 hrs,Sometimes,Neither good nor bad,Strong support,Average,4,4,3,2,2,1,2,3,2,2,4,2,C1,C1
KUET,CSE,1.0,kuet,2026-08-09,0,False,"Yes, exactly what I wanted",90% or more,11-15 hrs,Regularly but not every day,Most of it,7-8 hrs,Sometimes,11-15 hrs,Rarely,Mostly suitable,Strong support,Mostly manageable,4,4,3,2,3,3,2,3,1,3,4,3,C2,C2
KUET,CSE,1.0,kuet,2026-08-09,0,False,"Yes, exactly what I wanted",90% or more,Less than 3 hrs,Occasionally when necessary,About half,6-7 hrs,Sometimes,More than 15 hrs,Sometimes,Mostly suitable,Good support,Average,4,4,0,0,2,2,2,4,2,3,3,2,C1,C1
KUET,CSE,1.0,kuet,2026-08-09,0,False,Close to what I wanted,75-89%,3-6 hrs,Mostly just before exams,A little,Less than 5 hrs,Rarely,1-5 hrs,Sometimes,Very distracting,Some support,Average,3,3,1,1,1,0,1,1,2,0,2,2,C0,C0
KUET,CSE,1.0,kuet,2026-08-09,0,False,"Yes, exactly what I wanted",90% or more,7-10 hrs,Mostly just before exams,A little,5-6 hrs,Sometimes,1-5 hrs,Often,Mostly suitable,Some support,Average,4,4,2,1,1,1,2,1,3,3,2,2,C3,C3
KUET,CSE,1.0,kuet,2026-08-09,0,False,Close to what I wanted,75-89%,3-6 hrs,Regularly but not every day,About half,6-7 hrs,Often,1-5 hrs,Sometimes,Somewhat distracting,Some support,Mostly manageable,3,3,1,2,2,2,3,1,2,1,2,3,C1,C1
KUET,CSE,1.0,kuet,2026-08-09,0,False,"Yes, exactly what I wanted",90% or more,3-6 hrs,Mostly consistent routine,A little,7-8 hrs,Often,11-15 hrs,Almost every day,Somewhat distracting,Good support,Average,4,4,1,3,1,3,3,3,4,1,3,2,C3,C3
KUET,CSE,3.0,kuet,2026-08-09,0,False,"Yes, exactly what I wanted",60-74%,3-6 hrs,Regularly but not every day,About half,5-6 hrs,Often,1-5 hrs,Sometimes,Mostly suitable,Strong support,Mostly manageable,4,2,1,2,2,1,3,1,2,3,4,3,C0,C0
KUET,CSE,3.0,kuet,2026-08-09,0,False,"Yes, exactly what I wanted",60-74%,7-10 hrs,Occasionally when necessary,A little,6-7 hrs,Often,6-10 hrs,Often,Excellent for focused study,No support,Completely unmanageable,4,2,2,0,1,2,3,2,3,4,0,0,C0,C0
KUET,CSE,7.0,kuet,2026-08-09,0,False,"Yes, exactly what I wanted",90% or more,3-6 hrs,Mostly just before exams,Most of it,5-6 hrs,Often,1-5 hrs,Sometimes,Mostly suitable,Good support,Difficult to manage,4,4,1,1,3,1,3,1,2,3,3,1,C2,C2
KUET,CSE,7.0,kuet,2026-08-09,0,False,Close to what I wanted,75-89%,3-6 hrs,Occasionally when necessary,About half,7-8 hrs,Often,None,Sometimes,Somewhat distracting,Some support,Difficult to manage,3,3,1,0,2,3,3,0,2,1,2,1,C0,C0
KUET,CSE,3.0,kuet,2026-08-09,0,False,"Yes, exactly what I wanted",75-89%,11-15 hrs,Mostly just before exams,A little,5-6 hrs,Rarely,6-10 hrs,Often,Neither good nor bad,Good support,Completely unmanageable,4,3,3,1,1,1,1,2,3,2,3,0,C1,C1
KUET,CSE,7.0,kuet,2026-08-09,0,False,Close to what I wanted,90% or more,3-6 hrs,Mostly just before exams,Almost nothing,7-8 hrs,Often,1-5 hrs,Sometimes,Mostly suitable,Good support,Completely unmanageable,3,4,1,1,0,3,3,1,2,3,3,0,C1,C1
KUET,CSE,3.0,kuet,2026-08-09,0,False,"Yes, exactly what I wanted",75-89%,3-6 hrs,Mostly just before exams,About half,5-6 hrs,Sometimes,1-5 hrs,Almost every day,Neither good nor bad,Good support,Average,4,3,1,1,2,1,2,1,4,2,3,2,C2,C2
KUET,CSE,3.0,kuet,2026-08-09,0,False,"Yes, exactly what I wanted",90% or more,3-6 hrs,Mostly just before exams,About half,6-7 hrs,Often,None,Often,Neither good nor bad,Good support,Mostly manageable,4,4,1,1,2,2,3,0,3,2,3,3,C2,C2
KUET,Unknown,1.0,kuet,2026-08-09,0,False,Not at all what I wanted,75-89%,7-10 hrs,Regularly but not every day,About half,6-7 hrs,Often,6-10 hrs,Sometimes,Mostly suitable,Some support,Average,0,3,2,2,2,2,3,2,2,3,2,2,C1,C1
KUET,CSE,1.0,kuet,2026-08-09,0,False,Close to what I wanted,60-74%,Less than 3 hrs,Mostly just before exams,Almost nothing,More than 8 hrs,Often,None,Almost every day,Mostly suitable,Very little support,Completely unmanageable,3,2,0,1,0,4,3,0,4,3,1,0,C0,C0
KUET,CSE,3.0,kuet,2026-08-09,0,False,Not at all what I wanted,40-59%,3-6 hrs,Occasionally when necessary,Almost nothing,7-8 hrs,Often,None,Often,Mostly suitable,No support,Completely unmanageable,0,1,1,0,0,3,3,0,3,3,0,0,C1,C1
KUET,CSE,1.0,kuet,2026-08-09,0,False,Somewhat different,90% or more,Less than 3 hrs,Mostly just before exams,A little,5-6 hrs,Almost always,None,Sometimes,Neither good nor bad,Very little support,Average,2,4,0,1,1,1,4,0,2,2,1,2,C2,C2
KUET,CSE,3.0,kuet,2026-08-09,0,False,Close to what I wanted,90% or more,7-10 hrs,Regularly but not every day,A little,5-6 hrs,Often,None,Often,Very distracting,Good support,Average,3,4,2,2,1,1,3,0,3,0,3,2,C3,C3
KUET,CSE,2.0,kuet,2026-08-09,0,False,"Yes, exactly what I wanted",90% or more,7-10 hrs,Regularly but not every day,About half,Less than 5 hrs,Sometimes,1-5 hrs,Often,Somewhat distracting,Good support,Average,4,4,2,2,2,0,2,1,3,1,3,2,C3,C3
KUET,CSE,1.0,kuet,2026-08-09,0,False,"Yes, exactly what I wanted",90% or more,More than 15 hrs,Mostly consistent routine,A little,Less than 5 hrs,Often,None,Sometimes,Excellent for focused study,Some support,Average,4,4,4,3,1,0,3,0,2,4,2,2,C3,C3
KUET,MSE,7.0,kuet,2026-08-09,0,False,Close to what I wanted,75-89%,7-10 hrs,Mostly just before exams,About half,5-6 hrs,Sometimes,1-5 hrs,Often,Neither good nor bad,Some support,Average,3,3,2,1,2,1,2,1,3,2,2,2,C1,C1
KUET,CSE,1.0,kuet,2026-08-09,0,False,"Yes, exactly what I wanted",90% or more,3-6 hrs,Regularly but not every day,A little,5-6 hrs,Often,1-5 hrs,Sometimes,Neither good nor bad,Good support,Average,4,4,1,2,1,1,3,1,2,2,3,2,C1,C1
KUET,CSE,1.0,kuet,2026-08-09,0,False,"Yes, exactly what I wanted",75-89%,7-10 hrs,Occasionally when necessary,About half,7-8 hrs,Often,1-5 hrs,Sometimes,Excellent for focused study,Strong support,Average,4,3,2,0,2,3,3,1,2,4,4,2,C1,C1
KUET,CSE,1.0,kuet,2026-08-09,0,False,Close to what I wanted,75-89%,11-15 hrs,Regularly but not every day,About half,7-8 hrs,Often,1-5 hrs,Often,Mostly suitable,Some support,Average,3,3,3,2,2,3,3,1,3,3,2,2,C2,C2
KUET,CSE,1.0,kuet,2026-08-09,0,False,Somewhat different,90% or more,3-6 hrs,Consistent throughout the semester,A little,5-6 hrs,Never,None,Often,Neither good nor bad,Very little support,Average,2,4,1,4,1,1,0,0,3,2,1,2,C0,C0
KUET,CSE,7.0,kuet,2026-08-09,0,False,Somewhat different,75-89%,3-6 hrs,Occasionally when necessary,About half,More than 8 hrs,Rarely,1-5 hrs,Sometimes,Mostly suitable,Good support,Completely unmanageable,2,3,1,0,2,4,1,1,2,3,3,0,C2,C2
KUET,CSE,1.0,kuet,2026-08-09,0,False,"Yes, exactly what I wanted",75-89%,More than 15 hrs,Regularly but not every day,About half,5-6 hrs,Often,1-5 hrs,Almost every day,Mostly suitable,Good support,Mostly manageable,4,3,4,2,2,1,3,1,4,3,3,3,C2,C2
KUET,CSE,1.0,kuet,2026-08-09,1,False,"Yes, exactly what I wanted",90% or more,11-15 hrs,Mostly consistent routine,About half,5-6 hrs,Often,1-5 hrs,Sometimes,Mostly suitable,Good support,Average,4,4,3,3,2,1,3,1,2,3,3,2,C2,C3
KUET,ME,7.0,kuet,2026-08-09,2,False,"Yes, exactly what I wanted",60-74%,7-10 hrs,Mostly consistent routine,Almost nothing,Less than 5 hrs,Rarely,More than 15 hrs,Often,Mostly suitable,Good support,Mostly manageable,4,2,2,3,0,0,1,4,3,3,3,3,C0,C2
KUET,CSE,1.0,kuet,2026-08-09,0,False,"Yes, exactly what I wanted",75-89%,11-15 hrs,Regularly but not every day,A little,Less than 5 hrs,Often,None,Almost every day,Neither good nor bad,Strong support,Completely unmanageable,4,3,3,2,1,0,3,0,4,2,4,0,C3,C3
KUET,CSE,1.0,kuet,2026-08-09,1,False,Close to what I wanted,90% or more,11-15 hrs,Occasionally when necessary,A little,6-7 hrs,Often,6-10 hrs,Sometimes,Mostly suitable,Good support,Average,3,4,3,0,1,2,3,2,2,3,3,2,C1,C2
KUET,CE,7.0,kuet,2026-08-09,1,False,"Yes, exactly what I wanted",60-74%,11-15 hrs,Mostly just before exams,Almost nothing,More than 8 hrs,Often,6-10 hrs,Never,Excellent for focused study,Strong support,Very healthy and balanced,4,2,3,1,0,4,3,2,0,4,4,4,C2,C3
KUET,CSE,1.0,kuet,2026-08-09,0,False,Somewhat different,90% or more,3-6 hrs,Regularly but not every day,Most of it,6-7 hrs,Almost always,1-5 hrs,Almost every day,Somewhat distracting,Good support,Completely unmanageable,2,4,1,2,3,2,4,1,4,1,3,0,C2,C2
KUET,TE,7.0,kuet,2026-08-09,1,False,Mostly different,60-74%,3-6 hrs,Occasionally when necessary,Almost nothing,More than 8 hrs,Almost always,11-15 hrs,Often,Excellent for focused study,Strong support,Average,1,2,1,0,0,4,4,3,3,4,4,2,C3,C2
KUET,CSE,7.0,kuet,2026-08-09,2,False,Somewhat different,75-89%,3-6 hrs,Mostly just before exams,Almost nothing,5-6 hrs,Rarely,1-5 hrs,Rarely,Somewhat distracting,No support,Completely unmanageable,2,3,1,1,0,1,1,1,1,1,0,0,C2,C0
KUET,CSE,1.0,kuet,2026-08-09,0,False,"Yes, exactly what I wanted",90% or more,7-10 hrs,Consistent throughout the semester,Most of it,5-6 hrs,Sometimes,None,Often,Excellent for focused study,Good support,Average,4,4,2,4,3,1,2,0,3,4,3,2,C2,C2
KUET,CSE,1.0,kuet,2026-08-09,0,False,"Yes, exactly what I wanted",90% or more,7-10 hrs,Occasionally when necessary,A little,5-6 hrs,Often,More than 15 hrs,Sometimes,Mostly suitable,No support,Difficult to manage,4,4,2,0,1,1,3,4,2,3,0,1,C3,C3
KUET,CSE,1.0,kuet,2026-08-09,0,False,"Yes, exactly what I wanted",60-74%,Less than 3 hrs,Occasionally when necessary,Almost nothing,6-7 hrs,Sometimes,None,Almost every day,Mostly suitable,Some support,Difficult to manage,4,2,0,0,0,2,2,0,4,3,2,1,C3,C3
KUET,IEM,7.0,kuet,2026-08-09,1,False,Somewhat different,90% or more,7-10 hrs,Consistent throughout the semester,Almost nothing,7-8 hrs,Sometimes,6-10 hrs,Almost every day,Somewhat distracting,Good support,Difficult to manage,2,4,2,4,0,3,2,2,4,1,3,1,C1,C2
KUET,ME,7.0,kuet,2026-08-09,2,False,"Yes, exactly what I wanted",90% or more,11-15 hrs,Mostly just before exams,Almost everything,More than 8 hrs,Rarely,6-10 hrs,Never,Excellent for focused study,Good support,Average,4,4,3,1,4,4,1,2,0,4,3,2,C2,C0
KUET,CSE,1.0,kuet,2026-08-09,0,False,"Yes, exactly what I wanted",90% or more,7-10 hrs,Occasionally when necessary,Most of it,5-6 hrs,Sometimes,1-5 hrs,Almost every day,Mostly suitable,Some support,Mostly manageable,4,4,2,0,3,1,2,1,4,3,2,3,C3,C3
KUET,IEM,7.0,kuet,2026-08-09,0,False,Not at all what I wanted,75-89%,3-6 hrs,Occasionally when necessary,About half,7-8 hrs,Sometimes,None,Never,Neither good nor bad,No support,Average,0,3,1,0,2,3,2,0,0,2,0,2,C1,C1
KUET,ChE,7.0,kuet,2026-08-09,1,False,Somewhat different,75-89%,11-15 hrs,Regularly but not every day,Almost nothing,6-7 hrs,Rarely,1-5 hrs,Sometimes,Somewhat distracting,Good support,Very healthy and balanced,2,3,3,2,0,2,1,1,2,1,3,4,C2,C3
KUET,ME,7.0,kuet,2026-08-09,0,False,Mostly different,75-89%,7-10 hrs,Mostly consistent routine,Most of it,5-6 hrs,Never,1-5 hrs,Never,Very distracting,No support,Difficult to manage,1,3,2,3,3,1,0,1,0,0,0,1,C2,C2
KUET,CSE,7.0,kuet,2026-08-09,1,False,Mostly different,60-74%,More than 15 hrs,Mostly just before exams,Almost nothing,More than 8 hrs,Never,6-10 hrs,Almost every day,Very distracting,No support,Average,1,2,4,1,0,4,0,2,4,0,0,2,C2,C1
KUET,TE,7.0,kuet,2026-08-09,1,False,Mostly different,90% or more,More than 15 hrs,Occasionally when necessary,Almost nothing,7-8 hrs,Rarely,1-5 hrs,Rarely,Very distracting,Strong support,Completely unmanageable,1,4,4,0,0,3,1,1,1,0,4,0,C1,C2
KUET,CE,7.0,kuet,2026-08-09,0,False,Not at all what I wanted,75-89%,7-10 hrs,Mostly consistent routine,About half,More than 8 hrs,Rarely,More than 15 hrs,Rarely,Mostly suitable,Very little support,Completely unmanageable,0,3,2,3,2,4,1,4,1,3,1,0,C0,C0
KUET,CSE,7.0,kuet,2026-08-09,2,False,Close to what I wanted,60-74%,Less than 3 hrs,Mostly just before exams,Almost everything,7-8 hrs,Sometimes,1-5 hrs,Sometimes,Excellent for focused study,Strong support,Average,3,2,0,1,4,3,2,1,2,4,4,2,C0,C2
KUET,CSE,1.0,kuet,2026-08-09,0,False,Close to what I wanted,75-89%,11-15 hrs,Consistent throughout the semester,About half,5-6 hrs,Sometimes,None,Sometimes,Mostly suitable,Some support,Average,3,3,3,4,2,1,2,0,2,3,2,2,C2,C2
KUET,BME,7.0,kuet,2026-08-09,2,False,Mostly different,60-74%,7-10 hrs,Occasionally when necessary,Almost nothing,5-6 hrs,Often,More than 15 hrs,Sometimes,Excellent for focused study,Good support,Average,1,2,2,0,0,1,3,4,2,4,3,2,C0,C2
KUET,CSE,7.0,kuet,2026-08-09,2,False,Not at all what I wanted,75-89%,Less than 3 hrs,Occasionally when necessary,Almost nothing,More than 8 hrs,Rarely,1-5 hrs,Often,Very distracting,Good support,Average,0,3,0,0,0,4,1,1,3,0,3,2,C2,C0
KUET,BME,7.0,kuet,2026-08-09,0,False,Mostly different,90% or more,7-10 hrs,Regularly but not every day,Most of it,5-6 hrs,Sometimes,More than 15 hrs,Sometimes,Somewhat distracting,Some support,Average,1,4,2,2,3,1,2,4,2,1,2,2,C1,C1
KUET,ChE,7.0,kuet,2026-08-09,1,False,Not at all what I wanted,90% or more,Less than 3 hrs,Occasionally when necessary,About half,5-6 hrs,Rarely,None,Rarely,Mostly suitable,Very little support,Very healthy and balanced,0,4,0,0,2,1,1,0,1,3,1,4,C3,C2
KUET,CSE,1.0,kuet,2026-08-09,0,False,"Yes, exactly what I wanted",60-74%,7-10 hrs,Mostly just before exams,Almost nothing,6-7 hrs,Sometimes,1-5 hrs,Almost every day,Mostly suitable,Strong support,Difficult to manage,4,2,2,1,0,2,2,1,4,3,4,1,C1,C1
KUET,CE,7.0,kuet,2026-08-09,1,False,Close to what I wanted,60-74%,Less than 3 hrs,Consistent throughout the semester,About half,More than 8 hrs,Almost always,More than 15 hrs,Almost every day,Very distracting,Good support,Completely unmanageable,3,2,0,4,2,4,4,4,4,0,3,0,C3,C2
KUET,IEM,7.0,kuet,2026-08-09,0,False,Not at all what I wanted,60-74%,11-15 hrs,Mostly consistent routine,Almost nothing,6-7 hrs,Often,6-10 hrs,Rarely,Somewhat distracting,Some support,Average,0,2,3,3,0,2,3,2,1,1,2,2,C1,C1
KUET,CSE,7.0,kuet,2026-08-09,3,False,Mostly different,75-89%,3-6 hrs,Occasionally when necessary,Almost nothing,7-8 hrs,Never,More than 15 hrs,Sometimes,Neither good nor bad,Strong support,Difficult to manage,1,3,1,0,0,3,0,4,2,2,4,1,C0,C3
KUET,ME,7.0,kuet,2026-08-09,1,False,Mostly different,90% or more,More than 15 hrs,Consistent throughout the semester,A little,5-6 hrs,Never,More than 15 hrs,Often,Neither good nor bad,Good support,Average,1,4,4,4,1,1,0,4,3,2,3,2,C2,C1
KUET,TE,7.0,kuet,2026-08-09,2,False,Close to what I wanted,60-74%,Less than 3 hrs,Occasionally when necessary,Almost everything,6-7 hrs,Rarely,6-10 hrs,Never,Very distracting,Strong support,Average,3,2,0,0,4,2,1,2,0,0,4,2,C2,C0
KUET,IEM,7.0,kuet,2026-08-09,3,False,"Yes, exactly what I wanted",60-74%,More than 15 hrs,Regularly but not every day,Almost nothing,6-7 hrs,Rarely,6-10 hrs,Rarely,Very distracting,Strong support,Very healthy and balanced,4,2,4,2,0,2,1,2,1,0,4,4,C3,C0
KUET,CSE,7.0,kuet,2026-08-09,1,False,Somewhat different,90% or more,11-15 hrs,Mostly just before exams,Almost nothing,6-7 hrs,Sometimes,11-15 hrs,Often,Mostly suitable,Some support,Average,2,4,3,1,0,2,2,3,3,3,2,2,C1,C0
KUET,CSE,3.0,kuet,2026-08-09,0,False,"Yes, exactly what I wanted",75-89%,3-6 hrs,Occasionally when necessary,About half,Less than 5 hrs,Often,None,Often,Excellent for focused study,Very little support,Difficult to manage,4,3,1,0,2,0,3,0,3,4,1,1,C0,C0
KUET,CSE,1.0,kuet,2026-08-09,0,False,"Yes, exactly what I wanted",90% or more,7-10 hrs,Regularly but not every day,Almost nothing,5-6 hrs,Often,1-5 hrs,Sometimes,Mostly suitable,Good support,Average,4,4,2,2,0,1,3,1,2,3,3,2,C1,C1
KUET,CSE,1.0,kuet,2026-08-09,0,False,"Yes, exactly what I wanted",75-89%,More than 15 hrs,Mostly just before exams,About half,Less than 5 hrs,Almost always,6-10 hrs,Almost every day,Mostly suitable,Very little support,Difficult to manage,4,3,4,1,2,0,4,2,4,3,1,1,C2,C2
KUET,CSE,1.0,kuet,2026-08-09,0,False,"Yes, exactly what I wanted",90% or more,Less than 3 hrs,Mostly just before exams,A little,Less than 5 hrs,Almost always,More than 15 hrs,Often,Mostly suitable,No support,Completely unmanageable,4,4,0,1,1,0,4,4,3,3,0,0,C3,C3
KUET,CSE,2.0,kuet,2026-08-09,0,False,"Yes, exactly what I wanted",75-89%,Less than 3 hrs,Mostly just before exams,Almost nothing,Less than 5 hrs,Almost always,11-15 hrs,Almost every day,Mostly suitable,No support,Completely unmanageable,4,3,0,1,0,0,4,3,4,3,0,0,C3,C3
KUET,CSE,1.0,kuet,2026-08-09,0,False,"Yes, exactly what I wanted",75-89%,3-6 hrs,Mostly consistent routine,Most of it,Less than 5 hrs,Sometimes,1-5 hrs,Sometimes,Excellent for focused study,Good support,Average,4,3,1,3,3,0,2,1,2,4,3,2,C0,C0
KUET,CSE,1.0,kuet,2026-08-09,0,False,Not at all what I wanted,75-89%,7-10 hrs,Regularly but not every day,Almost nothing,7-8 hrs,Sometimes,None,Almost every day,Mostly suitable,No support,Average,0,3,2,2,0,3,2,0,4,3,0,2,C1,C1
KUET,CSE,1.0,kuet,2026-08-09,0,False,"Yes, exactly what I wanted",60-74%,More than 15 hrs,Mostly just before exams,A little,5-6 hrs,Almost always,1-5 hrs,Sometimes,Mostly suitable,Very little support,Difficult to manage,4,2,4,1,1,1,4,1,2,3,1,1,C2,C2
KUET,CSE,1.0,kuet,2026-08-09,0,False,"Yes, exactly what I wanted",90% or more,7-10 hrs,Regularly but not every day,Most of it,6-7 hrs,Sometimes,None,Rarely,Excellent for focused study,Strong support,Mostly manageable,4,4,2,2,3,2,2,0,1,4,4,3,C1,C1
KUET,Unknown,7.0,kuet,2026-08-09,1,False,"Yes, exactly what I wanted",75-89%,7-10 hrs,Occasionally when necessary,About half,5-6 hrs,Rarely,11-15 hrs,Never,Excellent for focused study,No support,Mostly manageable,4,3,2,0,2,1,1,3,0,4,0,3,C3,C2
KUET,CSE,1.0,kuet,2026-08-09,0,False,"Yes, exactly what I wanted",90% or more,Less than 3 hrs,Regularly but not every day,About half,6-7 hrs,Rarely,1-5 hrs,Often,Somewhat distracting,Very little support,Difficult to manage,4,4,0,2,2,2,1,1,3,1,1,1,C1,C1
KUET,CSE,1.0,kuet,2026-08-09,0,False,Mostly different,75-89%,Less than 3 hrs,Mostly just before exams,About half,6-7 hrs,Sometimes,11-15 hrs,Almost every day,Mostly suitable,Strong support,Completely unmanageable,1,3,0,1,2,2,2,3,4,3,4,0,C0,C0
KUET,CSE,7.0,kuet,2026-08-09,1,False,"Yes, exactly what I wanted",75-89%,3-6 hrs,Occasionally when necessary,About half,5-6 hrs,Rarely,1-5 hrs,Often,Neither good nor bad,Good support,Difficult to manage,4,3,1,0,2,1,1,1,3,2,3,1,C2,C1
KUET,CSE,5.0,kuet,2026-08-09,1,False,"Yes, exactly what I wanted",90% or more,11-15 hrs,Regularly but not every day,Most of it,6-7 hrs,Rarely,6-10 hrs,Rarely,Neither good nor bad,Good support,Average,4,4,3,2,3,2,1,2,1,2,3,2,C3,C2
KUET,CSE,7.0,kuet,2026-08-09,0,False,"Yes, exactly what I wanted",60-74%,3-6 hrs,Mostly just before exams,About half,5-6 hrs,Sometimes,6-10 hrs,Often,Mostly suitable,Very little support,Difficult to manage,4,2,1,1,2,1,2,2,3,3,1,1,C0,C0
KUET,CSE,1.0,kuet,2026-08-10,0,False,"Yes, exactly what I wanted",90% or more,3-6 hrs,Regularly but not every day,Almost nothing,6-7 hrs,Sometimes,None,Often,Neither good nor bad,Some support,Average,4,4,1,2,0,2,2,0,3,2,2,2,C2,C2
KUET,EEE,3.0,kuet,2026-08-10,0,False,"Yes, exactly what I wanted",90% or more,More than 15 hrs,Mostly consistent routine,Most of it,7-8 hrs,Sometimes,1-5 hrs,Rarely,Mostly suitable,Good support,Mostly manageable,4,4,4,3,3,3,2,1,1,3,3,3,C3,C3
KUET,EEE,5.0,kuet,2026-08-10,1,False,Close to what I wanted,60-74%,3-6 hrs,Occasionally when necessary,Most of it,Less than 5 hrs,Never,6-10 hrs,Sometimes,Neither good nor bad,Some support,Average,3,2,1,0,3,0,0,2,2,2,2,2,C3,C2
KUET,CSE,2.0,kuet,2026-08-10,0,False,Somewhat different,90% or more,7-10 hrs,Regularly but not every day,About half,7-8 hrs,Never,None,Sometimes,Mostly suitable,Some support,Average,2,4,2,2,2,3,0,0,2,3,2,2,C1,C1
KUET,CSE,1.0,kuet,2026-08-10,0,False,"Yes, exactly what I wanted",75-89%,3-6 hrs,Consistent throughout the semester,About half,5-6 hrs,Sometimes,1-5 hrs,Sometimes,Mostly suitable,Some support,Average,4,3,1,4,2,1,2,1,2,3,2,2,C3,C3
KUET,CSE,1.0,kuet,2026-08-10,0,False,"Yes, exactly what I wanted",90% or more,11-15 hrs,Mostly consistent routine,Most of it,5-6 hrs,Sometimes,1-5 hrs,Rarely,Mostly suitable,Strong support,Mostly manageable,4,4,3,3,3,1,2,1,1,3,4,3,C3,C3
KUET,CSE,7.0,kuet,2026-08-10,0,False,Close to what I wanted,75-89%,Less than 3 hrs,Mostly just before exams,A little,5-6 hrs,Almost always,1-5 hrs,Almost every day,Mostly suitable,Good support,Completely unmanageable,3,3,0,1,1,1,4,1,4,3,3,0,C2,C2
KUET,CSE,4.0,kuet,2026-08-10,1,False,"Yes, exactly what I wanted",60-74%,3-6 hrs,Mostly just before exams,Most of it,6-7 hrs,Rarely,6-10 hrs,Rarely,Neither good nor bad,Strong support,Mostly manageable,4,2,1,1,3,2,1,2,1,2,4,3,C3,C2
KUET,CSE,5.0,kuet,2026-08-10,1,False,Somewhat different,60-74%,Less than 3 hrs,Mostly just before exams,About half,5-6 hrs,Often,None,Often,Somewhat distracting,Some support,Completely unmanageable,2,2,0,1,2,1,3,0,3,1,2,0,C1,C0
KUET,EEE,5.0,kuet,2026-08-10,0,False,Not at all what I wanted,60-74%,Less than 3 hrs,Mostly just before exams,About half,7-8 hrs,Rarely,11-15 hrs,Almost every day,Neither good nor bad,Very little support,Difficult to manage,0,2,0,1,2,3,1,3,4,2,1,1,C0,C0
KUET,BME,5.0,kuet,2026-08-10,0,False,Somewhat different,60-74%,7-10 hrs,Regularly but not every day,About half,6-7 hrs,Sometimes,6-10 hrs,Sometimes,Neither good nor bad,Some support,Average,2,2,2,2,2,2,2,2,2,2,2,2,C1,C1
KUET,EEE,3.0,kuet,2026-08-10,0,False,Somewhat different,60-74%,7-10 hrs,Regularly but not every day,About half,6-7 hrs,Sometimes,6-10 hrs,Sometimes,Neither good nor bad,Some support,Average,2,2,2,2,2,2,2,2,2,2,2,2,C1,C1
KUET,CE,5.0,kuet,2026-08-10,1,False,Close to what I wanted,75-89%,7-10 hrs,Mostly consistent routine,Most of it,7-8 hrs,Rarely,11-15 hrs,Sometimes,Somewhat distracting,Some support,Average,3,3,2,3,3,3,1,3,2,1,2,2,C2,C1
KUET,IEM,2.0,kuet,2026-08-10,0,False,Somewhat different,90% or more,Less than 3 hrs,Occasionally when necessary,About half,Less than 5 hrs,Never,None,Sometimes,Mostly suitable,Good support,Mostly manageable,2,4,0,0,2,0,0,0,2,3,3,3,C1,C1
KUET,TE,5.0,kuet,2026-08-10,0,False,Not at all what I wanted,75-89%,7-10 hrs,Regularly but not every day,About half,5-6 hrs,Often,6-10 hrs,Sometimes,Mostly suitable,Some support,Average,0,3,2,2,2,1,3,2,2,3,2,2,C1,C1
KUET,EEE,4.0,kuet,2026-08-10,0,False,"Yes, exactly what I wanted",90% or more,More than 15 hrs,Consistent throughout the semester,Almost everything,7-8 hrs,Rarely,None,Never,Excellent for focused study,Good support,Very healthy and balanced,4,4,4,4,4,3,1,0,0,4,3,4,C3,C3
KUET,MTE,3.0,kuet,2026-08-10,0,False,Close to what I wanted,60-74%,Less than 3 hrs,Mostly just before exams,Almost everything,6-7 hrs,Sometimes,6-10 hrs,Often,Neither good nor bad,Some support,Average,3,2,0,1,4,2,2,2,3,2,2,2,C1,C1
KUET,EEE,3.0,kuet,2026-08-10,0,False,Mostly different,90% or more,3-6 hrs,Mostly just before exams,Almost nothing,5-6 hrs,Often,None,Almost every day,Neither good nor bad,Good support,Completely unmanageable,1,4,1,1,0,1,3,0,4,2,3,0,C1,C1
KUET,EEE,3.0,kuet,2026-08-10,0,False,"Yes, exactly what I wanted",90% or more,Less than 3 hrs,Regularly but not every day,Almost nothing,5-6 hrs,Rarely,None,Almost every day,Neither good nor bad,Some support,Average,4,4,0,2,0,1,1,0,4,2,2,2,C2,C2
KUET,EEE,3.0,kuet,2026-08-10,0,False,"Yes, exactly what I wanted",75-89%,3-6 hrs,Mostly just before exams,About half,5-6 hrs,Sometimes,1-5 hrs,Almost every day,Mostly suitable,Some support,Average,4,3,1,1,2,1,2,1,4,3,2,2,C3,C3
KUET,EEE,2.0,kuet,2026-08-10,0,False,Not at all what I wanted,60-74%,Less than 3 hrs,Occasionally when necessary,A little,5-6 hrs,Sometimes,1-5 hrs,Sometimes,Somewhat distracting,Some support,Difficult to manage,0,2,0,0,1,1,2,1,2,1,2,1,C2,C2
KUET,EEE,3.0,kuet,2026-08-10,0,False,"Yes, exactly what I wanted",90% or more,More than 15 hrs,Occasionally when necessary,Almost nothing,7-8 hrs,Rarely,None,Almost every day,Mostly suitable,Some support,Average,4,4,4,0,0,3,1,0,4,3,2,2,C3,C3
KUET,EEE,3.0,kuet,2026-08-10,0,False,Close to what I wanted,90% or more,11-15 hrs,Consistent throughout the semester,Most of it,5-6 hrs,Rarely,6-10 hrs,Sometimes,Mostly suitable,Strong support,Mostly manageable,3,4,3,4,3,1,1,2,2,3,4,3,C3,C3
KUET,EEE,3.0,kuet,2026-08-10,0,False,"Yes, exactly what I wanted",40-59%,Less than 3 hrs,Mostly just before exams,Almost nothing,7-8 hrs,Sometimes,None,Almost every day,Mostly suitable,Good support,Completely unmanageable,4,1,0,1,0,3,2,0,4,3,3,0,C3,C3
KUET,EEE,3.0,kuet,2026-08-10,0,False,"Yes, exactly what I wanted",75-89%,11-15 hrs,Mostly just before exams,Almost nothing,6-7 hrs,Almost always,None,Almost every day,Neither good nor bad,Very little support,Difficult to manage,4,3,3,1,0,2,4,0,4,2,1,1,C3,C3
KUET,ChE,7.0,kuet,2026-08-10,0,False,Somewhat different,90% or more,11-15 hrs,Regularly but not every day,Almost everything,5-6 hrs,Rarely,6-10 hrs,Rarely,Mostly suitable,Good support,Average,2,4,3,2,4,1,1,2,1,3,3,2,C2,C2
KUET,EEE,3.0,kuet,2026-08-10,0,False,"Yes, exactly what I wanted",90% or more,3-6 hrs,Regularly but not every day,About half,6-7 hrs,Rarely,None,Often,Mostly suitable,Good support,Mostly manageable,4,4,1,2,2,2,1,0,3,3,3,3,C2,C2
KUET,EEE,3.0,kuet,2026-08-10,0,False,"Yes, exactly what I wanted",90% or more,3-6 hrs,Mostly just before exams,About half,6-7 hrs,Rarely,None,Often,Mostly suitable,Some support,Average,4,4,1,1,2,2,1,0,3,3,2,2,C2,C2
KUET,EEE,3.0,kuet,2026-08-10,0,False,"Yes, exactly what I wanted",90% or more,11-15 hrs,Regularly but not every day,A little,5-6 hrs,Sometimes,None,Almost every day,Excellent for focused study,Good support,Difficult to manage,4,4,3,2,1,1,2,0,4,4,3,1,C3,C3
KUET,ChE,7.0,kuet,2026-08-10,1,False,Close to what I wanted,75-89%,More than 15 hrs,Mostly consistent routine,About half,6-7 hrs,Rarely,6-10 hrs,Often,Mostly suitable,Some support,Mostly manageable,3,3,4,3,2,2,1,2,3,3,2,3,C1,C2
KUET,ME,7.0,kuet,2026-08-10,0,False,"Yes, exactly what I wanted",90% or more,More than 15 hrs,Consistent throughout the semester,About half,5-6 hrs,Rarely,6-10 hrs,Sometimes,Neither good nor bad,Good support,Average,4,4,4,4,2,1,1,2,2,2,3,2,C2,C2
KUET,CSE,4.0,kuet,2026-08-10,0,False,"Yes, exactly what I wanted",40-59%,Less than 3 hrs,Mostly just before exams,A little,More than 8 hrs,Often,1-5 hrs,Often,Neither good nor bad,Some support,Difficult to manage,4,1,0,1,1,4,3,1,3,2,2,1,C0,C0
KUET,ME,7.0,kuet,2026-08-10,1,False,"Yes, exactly what I wanted",90% or more,More than 15 hrs,Consistent throughout the semester,Most of it,6-7 hrs,Rarely,6-10 hrs,Sometimes,Mostly suitable,Some support,Mostly manageable,4,4,4,4,3,2,1,2,2,3,2,3,C3,C2
KUET,CSE,7.0,kuet,2026-08-10,1,False,"Yes, exactly what I wanted",90% or more,7-10 hrs,Mostly just before exams,Most of it,Less than 5 hrs,Often,1-5 hrs,Almost every day,Mostly suitable,Some support,Difficult to manage,4,4,2,1,3,0,3,1,4,3,2,1,C1,C0
KUET,ME,7.0,kuet,2026-08-10,1,False,"Yes, exactly what I wanted",90% or more,11-15 hrs,Occasionally when necessary,A little,6-7 hrs,Rarely,6-10 hrs,Sometimes,Mostly suitable,Good support,Average,4,4,3,0,1,2,1,2,2,3,3,2,C2,C1
KUET,EEE,3.0,kuet,2026-08-10,0,False,"Yes, exactly what I wanted",90% or more,Less than 3 hrs,Mostly just before exams,Almost nothing,6-7 hrs,Almost always,None,Almost every day,Excellent for focused study,No support,Completely unmanageable,4,4,0,1,0,2,4,0,4,4,0,0,C2,C2
KUET,EEE,3.0,kuet,2026-08-10,0,False,"Yes, exactly what I wanted",75-89%,Less than 3 hrs,Mostly just before exams,Almost nothing,5-6 hrs,Often,11-15 hrs,Often,Somewhat distracting,Very little support,Difficult to manage,4,3,0,1,0,1,3,3,3,1,1,1,C2,C2
KUET,EEE,3.0,kuet,2026-08-10,0,False,Not at all what I wanted,90% or more,More than 15 hrs,Regularly but not every day,A little,More than 8 hrs,Sometimes,1-5 hrs,Sometimes,Neither good nor bad,No support,Mostly manageable,0,4,4,2,1,4,2,1,2,2,0,3,C3,C3
KUET,IEM,7.0,kuet,2026-08-10,1,False,Close to what I wanted,75-89%,3-6 hrs,Mostly just before exams,Almost nothing,5-6 hrs,Sometimes,More than 15 hrs,Often,Neither good nor bad,Very little support,Average,3,3,1,1,0,1,2,4,3,2,1,2,C1,C2
KUET,IEM,7.0,kuet,2026-08-10,0,False,Close to what I wanted,75-89%,3-6 hrs,Mostly just before exams,A little,5-6 hrs,Sometimes,1-5 hrs,Rarely,Somewhat distracting,Good support,Mostly manageable,3,3,1,1,1,1,2,1,1,1,3,3,C1,C1
KUET,IEM,7.0,kuet,2026-08-10,1,False,Somewhat different,90% or more,Less than 3 hrs,Mostly just before exams,Almost nothing,5-6 hrs,Often,1-5 hrs,Almost every day,Somewhat distracting,Good support,Difficult to manage,2,4,0,1,0,1,3,1,4,1,3,1,C2,C1
KUET,IEM,4.0,kuet,2026-08-10,2,False,Close to what I wanted,90% or more,3-6 hrs,Occasionally when necessary,A little,5-6 hrs,Rarely,None,Sometimes,Neither good nor bad,Strong support,Average,3,4,1,0,1,1,1,0,2,2,4,2,C3,C1
KUET,CSE,5.0,kuet,2026-08-10,0,False,"Yes, exactly what I wanted",75-89%,11-15 hrs,Regularly but not every day,About half,Less than 5 hrs,Often,11-15 hrs,Sometimes,Neither good nor bad,Good support,Average,4,3,3,2,2,0,3,3,2,2,3,2,C1,C1
KUET,EEE,5.0,kuet,2026-08-10,0,False,"Yes, exactly what I wanted",75-89%,11-15 hrs,Regularly but not every day,About half,5-6 hrs,Sometimes,6-10 hrs,Sometimes,Neither good nor bad,Good support,Mostly manageable,4,3,3,2,2,1,2,2,2,2,3,3,C1,C1
KUET,CSE,6.0,kuet,2026-08-10,0,False,Close to what I wanted,60-74%,3-6 hrs,Occasionally when necessary,A little,Less than 5 hrs,Often,1-5 hrs,Often,Neither good nor bad,Some support,Average,3,2,1,0,1,0,3,1,3,2,2,2,C0,C0
KUET,ECE,4.0,kuet,2026-08-10,0,False,"Yes, exactly what I wanted",90% or more,11-15 hrs,Mostly consistent routine,Most of it,6-7 hrs,Sometimes,6-10 hrs,Rarely,Mostly suitable,Good support,Mostly manageable,4,4,3,3,3,2,2,2,1,3,3,3,C2,C2
KUET,MTE,5.0,kuet,2026-08-10,0,False,Close to what I wanted,90% or more,11-15 hrs,Mostly consistent routine,Most of it,6-7 hrs,Sometimes,6-10 hrs,Sometimes,Mostly suitable,Good support,Mostly manageable,3,4,3,3,3,2,2,2,2,3,3,3,C2,C2
KUET,IEM,7.0,kuet,2026-08-10,0,False,Mostly different,75-89%,Less than 3 hrs,Mostly just before exams,Almost nothing,Less than 5 hrs,Almost always,1-5 hrs,Sometimes,Very distracting,No support,Difficult to manage,1,3,0,1,0,0,4,1,2,0,0,1,C0,C0
KUET,ESE,6.0,kuet,2026-08-10,0,False,Somewhat different,75-89%,7-10 hrs,Regularly but not every day,About half,Less than 5 hrs,Often,6-10 hrs,Often,Neither good nor bad,Good support,Average,2,3,2,2,2,0,3,2,3,2,3,2,C1,C1
KUET,MTE,7.0,kuet,2026-08-10,0,False,Close to what I wanted,75-89%,11-15 hrs,Mostly consistent routine,Most of it,5-6 hrs,Sometimes,6-10 hrs,Sometimes,Neither good nor bad,Some support,Average,3,3,3,3,3,1,2,2,2,2,2,2,C1,C1
KUET,ARCH,4.0,kuet,2026-08-10,0,False,"Yes, exactly what I wanted",90% or more,More than 15 hrs,Mostly consistent routine,Most of it,7-8 hrs,Sometimes,1-5 hrs,Sometimes,Mostly suitable,Good support,Mostly manageable,4,4,4,3,3,3,2,1,2,3,3,3,C3,C3
KUET,CSE,4.0,kuet,2026-08-10,0,False,"Yes, exactly what I wanted",90% or more,7-10 hrs,Occasionally when necessary,A little,5-6 hrs,Often,1-5 hrs,Sometimes,Neither good nor bad,Good support,Difficult to manage,4,4,2,0,1,1,3,1,2,2,3,1,C0,C0
KUET,CSE,6.0,kuet,2026-08-10,0,False,"Yes, exactly what I wanted",75-89%,7-10 hrs,Regularly but not every day,About half,6-7 hrs,Sometimes,None,Sometimes,Mostly suitable,Some support,Very healthy and balanced,4,3,2,2,2,2,2,0,2,3,2,4,C1,C1
KUET,CSE,7.0,kuet,2026-08-10,1,False,Close to what I wanted,75-89%,7-10 hrs,Mostly consistent routine,Most of it,5-6 hrs,Sometimes,1-5 hrs,Sometimes,Neither good nor bad,Some support,Mostly manageable,3,3,2,3,3,1,2,1,2,2,2,3,C2,C1
KUET,EEE,3.0,kuet,2026-08-10,0,False,"Yes, exactly what I wanted",90% or more,7-10 hrs,Mostly just before exams,Most of it,5-6 hrs,Never,None,Almost every day,Neither good nor bad,Strong support,Difficult to manage,4,4,2,1,3,1,0,0,4,2,4,1,C3,C3
KUET,CSE,4.0,kuet,2026-08-10,0,False,Somewhat different,40-59%,Less than 3 hrs,Mostly just before exams,Almost nothing,5-6 hrs,Almost always,None,Almost every day,Neither good nor bad,Very little support,Difficult to manage,2,1,0,1,0,1,4,0,4,2,1,1,C0,C0
KUET,CSE,3.0,kuet,2026-08-10,1,False,"Yes, exactly what I wanted",90% or more,More than 15 hrs,Consistent throughout the semester,A little,7-8 hrs,Sometimes,None,Sometimes,Excellent for focused study,Strong support,Very healthy and balanced,4,4,4,4,1,3,2,0,2,4,4,4,C2,C3
KUET,EEE,5.0,kuet,2026-08-10,0,False,"Yes, exactly what I wanted",75-89%,7-10 hrs,Regularly but not every day,About half,6-7 hrs,Sometimes,None,Sometimes,Mostly suitable,Some support,Very healthy and balanced,4,3,2,2,2,2,2,0,2,3,2,4,C1,C1
KUET,ChE,7.0,kuet,2026-08-10,0,False,"Yes, exactly what I wanted",75-89%,7-10 hrs,Occasionally when necessary,About half,7-8 hrs,Often,1-5 hrs,Sometimes,Mostly suitable,Good support,Average,4,3,2,0,2,3,3,1,2,3,3,2,C1,C1
KUET,EEE,3.0,kuet,2026-08-10,0,False,Close to what I wanted,90% or more,Less than 3 hrs,Occasionally when necessary,Most of it,5-6 hrs,Sometimes,None,Often,Somewhat distracting,Strong support,Average,3,4,0,0,3,1,2,0,3,1,4,2,C3,C3
KUET,BME,7.0,kuet,2026-08-10,1,False,Mostly different,90% or more,7-10 hrs,Regularly but not every day,About half,6-7 hrs,Sometimes,None,Sometimes,Mostly suitable,Some support,Mostly manageable,1,4,2,2,2,2,2,0,2,3,2,3,C2,C1
KUET,ESE,7.0,kuet,2026-08-10,0,False,Somewhat different,60-74%,7-10 hrs,Regularly but not every day,About half,6-7 hrs,Often,11-15 hrs,Sometimes,Neither good nor bad,Some support,Average,2,2,2,2,2,2,3,3,2,2,2,2,C1,C1
KUET,CSE,4.0,kuet,2026-08-10,0,False,"Yes, exactly what I wanted",90% or more,3-6 hrs,Occasionally when necessary,About half,5-6 hrs,Often,1-5 hrs,Almost every day,Neither good nor bad,Some support,Difficult to manage,4,4,1,0,2,1,3,1,4,2,2,1,C3,C3
KUET,EEE,3.0,kuet,2026-08-10,1,False,"Yes, exactly what I wanted",90% or more,7-10 hrs,Mostly just before exams,About half,5-6 hrs,Rarely,None,Often,Somewhat distracting,Some support,Average,4,4,2,1,2,1,1,0,3,1,2,2,C0,C1
KUET,Unknown,7.0,kuet,2026-08-10,2,False,Close to what I wanted,90% or more,3-6 hrs,Mostly just before exams,A little,6-7 hrs,Sometimes,None,Sometimes,Mostly suitable,Strong support,Mostly manageable,3,4,1,1,1,2,2,0,2,3,4,3,C2,C0
KUET,ME,7.0,kuet,2026-08-10,2,False,"Yes, exactly what I wanted",75-89%,More than 15 hrs,Regularly but not every day,About half,6-7 hrs,Rarely,None,Sometimes,Neither good nor bad,Very little support,Mostly manageable,4,3,4,2,2,2,1,0,2,2,1,3,C3,C1
KUET,ME,7.0,kuet,2026-08-10,1,False,"Yes, exactly what I wanted",75-89%,7-10 hrs,Occasionally when necessary,A little,6-7 hrs,Sometimes,6-10 hrs,Sometimes,Mostly suitable,Good support,Average,4,3,2,0,1,2,2,2,2,3,3,2,C2,C1
KUET,EEE,3.0,kuet,2026-08-10,0,False,"Yes, exactly what I wanted",90% or more,Less than 3 hrs,Occasionally when necessary,A little,5-6 hrs,Sometimes,1-5 hrs,Almost every day,Neither good nor bad,Good support,Average,4,4,0,0,1,1,2,1,4,2,3,2,C3,C3
KUET,EEE,3.0,kuet,2026-08-10,0,False,"Yes, exactly what I wanted",90% or more,Less than 3 hrs,Mostly just before exams,A little,Less than 5 hrs,Almost always,None,Often,Neither good nor bad,Very little support,Completely unmanageable,4,4,0,1,1,0,4,0,3,2,1,0,C1,C1
KUET,CSE,7.0,kuet,2026-08-10,1,False,"Yes, exactly what I wanted",75-89%,Less than 3 hrs,Mostly just before exams,Almost nothing,6-7 hrs,Sometimes,None,Sometimes,Somewhat distracting,Strong support,Average,4,3,0,1,0,2,2,0,2,1,4,2,C1,C2
KUET,CSE,7.0,kuet,2026-08-10,0,False,"Yes, exactly what I wanted",75-89%,3-6 hrs,Mostly just before exams,About half,6-7 hrs,Often,None,Sometimes,Neither good nor bad,Some support,Mostly manageable,4,3,1,1,2,2,3,0,2,2,2,3,C2,C2
KUET,ME,7.0,kuet,2026-08-10,1,False,"Yes, exactly what I wanted",75-89%,11-15 hrs,Occasionally when necessary,Most of it,5-6 hrs,Often,6-10 hrs,Sometimes,Mostly suitable,Some support,Average,4,3,3,0,3,1,3,2,2,3,2,2,C2,C1
KUET,ME,7.0,kuet,2026-08-10,0,False,"Yes, exactly what I wanted",90% or more,More than 15 hrs,Consistent throughout the semester,About half,5-6 hrs,Never,None,Sometimes,Mostly suitable,Strong support,Mostly manageable,4,4,4,4,2,1,0,0,2,3,4,3,C3,C3
KUET,ME,7.0,kuet,2026-08-10,1,False,"Yes, exactly what I wanted",90% or more,More than 15 hrs,Regularly but not every day,Most of it,6-7 hrs,Rarely,6-10 hrs,Rarely,Neither good nor bad,Good support,Average,4,4,4,2,3,2,1,2,1,2,3,2,C1,C2
KUET,ME,7.0,kuet,2026-08-10,1,False,Somewhat different,75-89%,More than 15 hrs,Regularly but not every day,About half,5-6 hrs,Often,None,Sometimes,Mostly suitable,Good support,Average,2,3,4,2,2,1,3,0,2,3,3,2,C1,C0
KUET,CSE,4.0,kuet,2026-08-10,0,False,Close to what I wanted,90% or more,3-6 hrs,Occasionally when necessary,About half,Less than 5 hrs,Sometimes,None,Sometimes,Mostly suitable,Good support,Average,3,4,1,0,2,0,2,0,2,3,3,2,C2,C2
KUET,CSE,4.0,kuet,2026-08-10,0,False,Somewhat different,60-74%,3-6 hrs,Mostly just before exams,About half,5-6 hrs,Sometimes,More than 15 hrs,Often,Neither good nor bad,Very little support,Average,2,2,1,1,2,1,2,4,3,2,1,2,C0,C0
KUET,Unknown,4.0,kuet,2026-08-10,0,False,Somewhat different,90% or more,3-6 hrs,Regularly but not every day,A little,5-6 hrs,Often,1-5 hrs,Sometimes,Mostly suitable,Some support,Difficult to manage,2,4,1,2,1,1,3,1,2,3,2,1,C2,C2
KUET,CSE,4.0,kuet,2026-08-10,1,False,Close to what I wanted,75-89%,Less than 3 hrs,Mostly just before exams,A little,6-7 hrs,Rarely,None,Rarely,Neither good nor bad,Good support,Average,3,3,0,1,1,2,1,0,1,2,3,2,C3,C2
KUET,CSE,4.0,kuet,2026-08-10,1,False,"Yes, exactly what I wanted",90% or more,11-15 hrs,Regularly but not every day,About half,6-7 hrs,Sometimes,6-10 hrs,Often,Mostly suitable,Good support,Average,4,4,3,2,2,2,2,2,3,3,3,2,C2,C1
KUET,CSE,4.0,kuet,2026-08-10,0,False,"Yes, exactly what I wanted",90% or more,7-10 hrs,Occasionally when necessary,A little,5-6 hrs,Often,1-5 hrs,Sometimes,Mostly suitable,Strong support,Difficult to manage,4,4,2,0,1,1,3,1,2,3,4,1,C3,C3
KUET,CSE,4.0,kuet,2026-08-10,0,False,"Yes, exactly what I wanted",90% or more,3-6 hrs,Regularly but not every day,About half,7-8 hrs,Sometimes,1-5 hrs,Sometimes,Mostly suitable,Strong support,Average,4,4,1,2,2,3,2,1,2,3,4,2,C3,C3
KUET,CSE,4.0,kuet,2026-08-10,0,False,Mostly different,90% or more,7-10 hrs,Occasionally when necessary,A little,6-7 hrs,Sometimes,None,Sometimes,Somewhat distracting,Good support,Difficult to manage,1,4,2,0,1,2,2,0,2,1,3,1,C3,C3
KUET,CSE,4.0,kuet,2026-08-10,0,False,"Yes, exactly what I wanted",90% or more,More than 15 hrs,Regularly but not every day,Most of it,6-7 hrs,Often,1-5 hrs,Rarely,Excellent for focused study,Good support,Difficult to manage,4,4,4,2,3,2,3,1,1,4,3,1,C3,C3
KUET,CSE,4.0,kuet,2026-08-10,0,False,Close to what I wanted,75-89%,7-10 hrs,Mostly just before exams,Most of it,5-6 hrs,Almost always,None,Often,Mostly suitable,Good support,Average,3,3,2,1,3,1,4,0,3,3,3,2,C2,C2
KUET,CSE,4.0,kuet,2026-08-10,0,False,Close to what I wanted,60-74%,Less than 3 hrs,Occasionally when necessary,A little,5-6 hrs,Sometimes,None,Often,Mostly suitable,Some support,Difficult to manage,3,2,0,0,1,1,2,0,3,3,2,1,C1,C1
KUET,CSE,4.0,kuet,2026-08-10,0,False,Mostly different,90% or more,3-6 hrs,Regularly but not every day,A little,6-7 hrs,Almost always,None,Almost every day,Neither good nor bad,Good support,Completely unmanageable,1,4,1,2,1,2,4,0,4,2,3,0,C0,C0
KUET,CSE,4.0,kuet,2026-08-10,0,False,Somewhat different,75-89%,11-15 hrs,Regularly but not every day,About half,5-6 hrs,Often,1-5 hrs,Almost every day,Mostly suitable,Good support,Average,2,3,3,2,2,1,3,1,4,3,3,2,C3,C3
KUET,CSE,3.0,kuet,2026-08-10,0,False,Somewhat different,75-89%,11-15 hrs,Regularly but not every day,About half,Less than 5 hrs,Sometimes,None,Often,Neither good nor bad,Very little support,Difficult to manage,2,3,3,2,2,0,2,0,3,2,1,1,C1,C1
KUET,ME,7.0,kuet,2026-08-10,0,False,Not at all what I wanted,90% or more,11-15 hrs,Mostly consistent routine,About half,6-7 hrs,Almost always,None,Often,Neither good nor bad,Some support,Difficult to manage,0,4,3,3,2,2,4,0,3,2,2,1,C2,C2
KUET,CSE,4.0,kuet,2026-08-10,0,False,"Yes, exactly what I wanted",90% or more,3-6 hrs,Occasionally when necessary,A little,5-6 hrs,Sometimes,1-5 hrs,Sometimes,Excellent for focused study,Good support,Difficult to manage,4,4,1,0,1,1,2,1,2,4,3,1,C3,C3
KUET,EEE,3.0,kuet,2026-08-10,0,False,"Yes, exactly what I wanted",75-89%,3-6 hrs,Mostly just before exams,A little,Less than 5 hrs,Often,1-5 hrs,Often,Neither good nor bad,Very little support,Difficult to manage,4,3,1,1,1,0,3,1,3,2,1,1,C3,C3
KUET,ME,7.0,kuet,2026-08-10,1,False,"Yes, exactly what I wanted",75-89%,11-15 hrs,Regularly but not every day,Almost nothing,6-7 hrs,Rarely,None,Often,Mostly suitable,Very little support,Very healthy and balanced,4,3,3,2,0,2,1,0,3,3,1,4,C3,C2
KUET,CSE,2.0,kuet,2026-08-10,0,False,"Yes, exactly what I wanted",75-89%,Less than 3 hrs,Mostly just before exams,A little,6-7 hrs,Sometimes,None,Often,Neither good nor bad,No support,Difficult to manage,4,3,0,1,1,2,2,0,3,2,0,1,C0,C0
KUET,ME,7.0,kuet,2026-08-10,1,False,"Yes, exactly what I wanted",75-89%,3-6 hrs,Mostly just before exams,About half,5-6 hrs,Sometimes,None,Often,Mostly suitable,Strong support,Average,4,3,1,1,2,1,2,0,3,3,4,2,C3,C2
KUET,ME,7.0,kuet,2026-08-10,1,False,"Yes, exactly what I wanted",90% or more,11-15 hrs,Consistent throughout the semester,A little,6-7 hrs,Almost always,1-5 hrs,Sometimes,Mostly suitable,Strong support,Very healthy and balanced,4,4,3,4,1,2,4,1,2,3,4,4,C2,C1
KUET,ME,7.0,kuet,2026-08-10,0,False,Not at all what I wanted,75-89%,3-6 hrs,Mostly just before exams,Almost nothing,5-6 hrs,Often,6-10 hrs,Often,Neither good nor bad,Very little support,Difficult to manage,0,3,1,1,0,1,3,2,3,2,1,1,C0,C0
KUET,ME,7.0,kuet,2026-08-10,1,False,"Yes, exactly what I wanted",90% or more,7-10 hrs,Regularly but not every day,A little,5-6 hrs,Sometimes,1-5 hrs,Sometimes,Neither good nor bad,Very little support,Average,4,4,2,2,1,1,2,1,2,2,1,2,C2,C1
KUET,ME,7.0,kuet,2026-08-10,2,False,"Yes, exactly what I wanted",75-89%,3-6 hrs,Occasionally when necessary,Almost nothing,6-7 hrs,Sometimes,1-5 hrs,Sometimes,Mostly suitable,Strong support,Mostly manageable,4,3,1,0,0,2,2,1,2,3,4,3,C2,C0
KUET,ME,7.0,kuet,2026-08-10,0,False,"Yes, exactly what I wanted",90% or more,7-10 hrs,Regularly but not every day,A little,Less than 5 hrs,Rarely,None,Sometimes,Neither good nor bad,Good support,Average,4,4,2,2,1,0,1,0,2,2,3,2,C3,C3
KUET,CSE,4.0,kuet,2026-08-10,1,False,Somewhat different,75-89%,7-10 hrs,Regularly but not every day,Most of it,Less than 5 hrs,Sometimes,6-10 hrs,Sometimes,Mostly suitable,Good support,Average,2,3,2,2,3,0,2,2,2,3,3,2,C0,C1
KUET,CSE,4.0,kuet,2026-08-10,0,False,"Yes, exactly what I wanted",90% or more,7-10 hrs,Regularly but not every day,Most of it,7-8 hrs,Often,None,Sometimes,Neither good nor bad,Strong support,Completely unmanageable,4,4,2,2,3,3,3,0,2,2,4,0,C2,C2
KUET,ME,7.0,kuet,2026-08-10,2,False,Close to what I wanted,75-89%,7-10 hrs,Occasionally when necessary,Almost nothing,Less than 5 hrs,Almost always,11-15 hrs,Often,Very distracting,No support,Completely unmanageable,3,3,2,0,0,0,4,3,3,0,0,0,C3,C1
KUET,ME,7.0,kuet,2026-08-10,1,False,"Yes, exactly what I wanted",75-89%,More than 15 hrs,Mostly just before exams,Most of it,5-6 hrs,Almost always,None,Never,Somewhat distracting,No support,Difficult to manage,4,3,4,1,3,1,4,0,0,1,0,1,C3,C2
KUET,ME,7.0,kuet,2026-08-10,2,False,Close to what I wanted,60-74%,3-6 hrs,Occasionally when necessary,About half,Less than 5 hrs,Sometimes,6-10 hrs,Sometimes,Mostly suitable,Good support,Mostly manageable,3,2,1,0,2,0,2,2,2,3,3,3,C3,C1
KUET,CSE,4.0,kuet,2026-08-10,0,False,Close to what I wanted,90% or more,11-15 hrs,Regularly but not every day,Most of it,5-6 hrs,Sometimes,11-15 hrs,Sometimes,Neither good nor bad,Very little support,Average,3,4,3,2,3,1,2,3,2,2,1,2,C2,C2
KUET,ME,7.0,kuet,2026-08-10,1,False,"Yes, exactly what I wanted",90% or more,Less than 3 hrs,Mostly just before exams,A little,6-7 hrs,Almost always,6-10 hrs,Almost every day,Mostly suitable,Very little support,Difficult to manage,4,4,0,1,1,2,4,2,4,3,1,1,C0,C1
KUET,ME,7.0,kuet,2026-08-10,0,False,Close to what I wanted,90% or more,7-10 hrs,Mostly consistent routine,A little,7-8 hrs,Often,1-5 hrs,Never,Mostly suitable,Very little support,Average,3,4,2,3,1,3,3,1,0,3,1,2,C1,C1
KUET,CSE,4.0,kuet,2026-08-10,0,False,"Yes, exactly what I wanted",90% or more,3-6 hrs,Mostly just before exams,About half,5-6 hrs,Sometimes,11-15 hrs,Often,Mostly suitable,Some support,Average,4,4,1,1,2,1,2,3,3,3,2,2,C2,C2
KUET,Unknown,7.0,kuet,2026-08-10,1,False,Close to what I wanted,75-89%,11-15 hrs,Regularly but not every day,A little,Less than 5 hrs,Sometimes,None,Sometimes,Somewhat distracting,Good support,Average,3,3,3,2,1,0,2,0,2,1,3,2,C1,C0
KUET,ESE,7.0,kuet,2026-08-10,1,False,"Yes, exactly what I wanted",90% or more,7-10 hrs,Regularly but not every day,About half,6-7 hrs,Never,11-15 hrs,Often,Somewhat distracting,Good support,Mostly manageable,4,4,2,2,2,2,0,3,3,1,3,3,C2,C1
KUET,ME,7.0,kuet,2026-08-10,1,False,"Yes, exactly what I wanted",60-74%,More than 15 hrs,Regularly but not every day,About half,6-7 hrs,Sometimes,1-5 hrs,Sometimes,Mostly suitable,No support,Completely unmanageable,4,2,4,2,2,2,2,1,2,3,0,0,C3,C2
KUET,CSE,4.0,kuet,2026-08-10,1,False,"Yes, exactly what I wanted",60-74%,Less than 3 hrs,Mostly just before exams,A little,Less than 5 hrs,Sometimes,None,Almost every day,Mostly suitable,Some support,Completely unmanageable,4,2,0,1,1,0,2,0,4,3,2,0,C3,C2
KUET,IEM,7.0,kuet,2026-08-10,0,False,"Yes, exactly what I wanted",90% or more,More than 15 hrs,Consistent throughout the semester,Most of it,7-8 hrs,Sometimes,None,Sometimes,Mostly suitable,Good support,Mostly manageable,4,4,4,4,3,3,2,0,2,3,3,3,C3,C3
KUET,IEM,7.0,kuet,2026-08-10,1,False,"Yes, exactly what I wanted",75-89%,7-10 hrs,Regularly but not every day,About half,7-8 hrs,Often,1-5 hrs,Often,Neither good nor bad,Good support,Average,4,3,2,2,2,3,3,1,3,2,3,2,C2,C1
KUET,ME,7.0,kuet,2026-08-10,2,False,Somewhat different,90% or more,7-10 hrs,Regularly but not every day,Most of it,6-7 hrs,Sometimes,6-10 hrs,Often,Excellent for focused study,Strong support,Average,2,4,2,2,3,2,2,2,3,4,4,2,C3,C1
KUET,ME,7.0,kuet,2026-08-10,0,False,Close to what I wanted,90% or more,More than 15 hrs,Regularly but not every day,A little,5-6 hrs,Sometimes,1-5 hrs,Often,Neither good nor bad,Some support,Mostly manageable,3,4,4,2,1,1,2,1,3,2,2,3,C1,C1
KUET,IEM,6.0,kuet,2026-08-10,0,False,"Yes, exactly what I wanted",75-89%,7-10 hrs,Occasionally when necessary,About half,7-8 hrs,Rarely,1-5 hrs,Sometimes,Mostly suitable,Good support,Average,4,3,2,0,2,3,1,1,2,3,3,2,C1,C1
KUET,MSE,6.0,kuet,2026-08-10,1,False,Close to what I wanted,75-89%,3-6 hrs,Occasionally when necessary,About half,Less than 5 hrs,Often,More than 15 hrs,Sometimes,Mostly suitable,Very little support,Completely unmanageable,3,3,1,0,2,0,3,4,2,3,1,0,C1,C2
KUET,MSE,6.0,kuet,2026-08-10,0,False,Somewhat different,90% or more,More than 15 hrs,Mostly consistent routine,Most of it,6-7 hrs,Rarely,6-10 hrs,Sometimes,Excellent for focused study,Strong support,Mostly manageable,2,4,4,3,3,2,1,2,2,4,4,3,C3,C3
KUET,Unknown,7.0,kuet,2026-08-10,0,False,"Yes, exactly what I wanted",90% or more,3-6 hrs,Mostly just before exams,About half,7-8 hrs,Often,6-10 hrs,Often,Mostly suitable,Good support,Average,4,4,1,1,2,3,3,2,3,3,3,2,C1,C1
KUET,MSE,5.0,kuet,2026-08-10,1,False,Somewhat different,75-89%,Less than 3 hrs,Mostly just before exams,About half,7-8 hrs,Almost always,11-15 hrs,Rarely,Neither good nor bad,Some support,Difficult to manage,2,3,0,1,2,3,4,3,1,2,2,1,C1,C0
KUET,Unknown,6.0,kuet,2026-08-10,0,False,"Yes, exactly what I wanted",75-89%,3-6 hrs,Regularly but not every day,About half,More than 8 hrs,Rarely,1-5 hrs,Never,Somewhat distracting,Strong support,Difficult to manage,4,3,1,2,2,4,1,1,0,1,4,1,C2,C2
KUET,CSE,4.0,kuet,2026-08-10,0,False,Mostly different,75-89%,3-6 hrs,Mostly just before exams,A little,5-6 hrs,Almost always,None,Often,Very distracting,No support,Completely unmanageable,1,3,1,1,1,1,4,0,3,0,0,0,C0,C0
KUET,CSE,7.0,kuet,2026-08-10,1,False,"Yes, exactly what I wanted",75-89%,7-10 hrs,Mostly just before exams,About half,5-6 hrs,Often,6-10 hrs,Often,Neither good nor bad,Some support,Difficult to manage,4,3,2,1,2,1,3,2,3,2,2,1,C2,C1
KUET,CSE,4.0,kuet,2026-08-10,0,False,"Yes, exactly what I wanted",90% or more,7-10 hrs,Regularly but not every day,Most of it,5-6 hrs,Often,None,Almost every day,Mostly suitable,Good support,Difficult to manage,4,4,2,2,3,1,3,0,4,3,3,1,C3,C3
KUET,ME,7.0,kuet,2026-08-10,1,False,"Yes, exactly what I wanted",75-89%,11-15 hrs,Regularly but not every day,A little,5-6 hrs,Often,11-15 hrs,Sometimes,Somewhat distracting,Very little support,Mostly manageable,4,3,3,2,1,1,3,3,2,1,1,3,C1,C0
KUET,CSE,7.0,kuet,2026-08-10,0,False,"Yes, exactly what I wanted",60-74%,3-6 hrs,Mostly just before exams,A little,7-8 hrs,Sometimes,More than 15 hrs,Sometimes,Somewhat distracting,Good support,Difficult to manage,4,2,1,1,1,3,2,4,2,1,3,1,C1,C1
KUET,Unknown,7.0,kuet,2026-08-10,1,False,Not at all what I wanted,90% or more,More than 15 hrs,Regularly but not every day,A little,5-6 hrs,Never,More than 15 hrs,Rarely,Neither good nor bad,Strong support,Average,0,4,4,2,1,1,0,4,1,2,4,2,C2,C1
KUET,EEE,3.0,kuet,2026-08-10,0,False,"Yes, exactly what I wanted",75-89%,7-10 hrs,Regularly but not every day,Almost nothing,5-6 hrs,Almost always,11-15 hrs,Often,Mostly suitable,Some support,Mostly manageable,4,3,2,2,0,1,4,3,3,3,2,3,C2,C2
KUET,CSE,4.0,kuet,2026-08-10,0,False,"Yes, exactly what I wanted",60-74%,More than 15 hrs,Occasionally when necessary,A little,5-6 hrs,Often,6-10 hrs,Often,Neither good nor bad,No support,Difficult to manage,4,2,4,0,1,1,3,2,3,2,0,1,C0,C0
KUET,CSE,5.0,kuet,2026-08-10,1,False,"Yes, exactly what I wanted",75-89%,Less than 3 hrs,Mostly just before exams,About half,6-7 hrs,Often,6-10 hrs,Almost every day,Mostly suitable,Strong support,Average,4,3,0,1,2,2,3,2,4,3,4,2,C2,C1
KUET,CSE,5.0,kuet,2026-08-10,0,False,"Yes, exactly what I wanted",75-89%,7-10 hrs,Occasionally when necessary,About half,5-6 hrs,Sometimes,None,Almost every day,Mostly suitable,Good support,Average,4,3,2,0,2,1,2,0,4,3,3,2,C1,C1
KUET,CSE,5.0,kuet,2026-08-10,1,False,"Yes, exactly what I wanted",75-89%,3-6 hrs,Mostly consistent routine,Most of it,7-8 hrs,Sometimes,6-10 hrs,Almost every day,Mostly suitable,Some support,Mostly manageable,4,3,1,3,3,3,2,2,4,3,2,3,C2,C1
KUET,CSE,4.0,kuet,2026-08-10,1,False,Not at all what I wanted,60-74%,3-6 hrs,Occasionally when necessary,Almost nothing,5-6 hrs,Sometimes,1-5 hrs,Sometimes,Excellent for focused study,Strong support,Average,0,2,1,0,0,1,2,1,2,4,4,2,C3,C2
KUET,CSE,4.0,kuet,2026-08-10,0,False,"Yes, exactly what I wanted",75-89%,3-6 hrs,Occasionally when necessary,About half,6-7 hrs,Often,None,Almost every day,Mostly suitable,Strong support,Average,4,3,1,0,2,2,3,0,4,3,4,2,C0,C0
KUET,CSE,4.0,kuet,2026-08-10,2,False,Somewhat different,60-74%,Less than 3 hrs,Mostly just before exams,A little,7-8 hrs,Sometimes,None,Almost every day,Neither good nor bad,Strong support,Difficult to manage,2,2,0,1,1,3,2,0,4,2,4,1,C3,C1
KUET,CSE,5.0,kuet,2026-08-10,0,False,"Yes, exactly what I wanted",60-74%,3-6 hrs,Occasionally when necessary,About half,6-7 hrs,Sometimes,1-5 hrs,Often,Neither good nor bad,Strong support,Average,4,2,1,0,2,2,2,1,3,2,4,2,C2,C2
KUET,CSE,5.0,kuet,2026-08-10,0,False,Mostly different,90% or more,3-6 hrs,Regularly but not every day,Almost nothing,6-7 hrs,Almost always,None,Sometimes,Somewhat distracting,No support,Difficult to manage,1,4,1,2,0,2,4,0,2,1,0,1,C0,C0
KUET,ME,7.0,kuet,2026-08-10,1,False,"Yes, exactly what I wanted",60-74%,More than 15 hrs,Regularly but not every day,A little,5-6 hrs,Rarely,11-15 hrs,Sometimes,Mostly suitable,Good support,Mostly manageable,4,2,4,2,1,1,1,3,2,3,3,3,C2,C1
KUET,IEM,4.0,kuet,2026-08-10,0,False,Close to what I wanted,90% or more,Less than 3 hrs,Mostly just before exams,Almost nothing,6-7 hrs,Almost always,None,Almost every day,Mostly suitable,Very little support,Completely unmanageable,3,4,0,1,0,2,4,0,4,3,1,0,C1,C1
KUET,ME,7.0,kuet,2026-08-10,1,False,"Yes, exactly what I wanted",75-89%,11-15 hrs,Occasionally when necessary,About half,6-7 hrs,Often,None,Often,Neither good nor bad,Good support,Mostly manageable,4,3,3,0,2,2,3,0,3,2,3,3,C0,C1
KUET,IEM,4.0,kuet,2026-08-10,0,False,Somewhat different,90% or more,More than 15 hrs,Occasionally when necessary,Almost nothing,5-6 hrs,Rarely,None,Almost every day,Mostly suitable,Good support,Completely unmanageable,2,4,4,0,0,1,1,0,4,3,3,0,C0,C0
KUET,BECM,7.0,kuet,2026-08-10,1,False,Close to what I wanted,75-89%,11-15 hrs,Occasionally when necessary,About half,6-7 hrs,Sometimes,6-10 hrs,Rarely,Neither good nor bad,No support,Mostly manageable,3,3,3,0,2,2,2,2,1,2,0,3,C1,C2
KUET,BECM,7.0,kuet,2026-08-10,1,False,Mostly different,75-89%,More than 15 hrs,Regularly but not every day,Most of it,5-6 hrs,Rarely,None,Rarely,Mostly suitable,Good support,Mostly manageable,1,3,4,2,3,1,1,0,1,3,3,3,C2,C3
KUET,ME,7.0,kuet,2026-08-10,1,False,Not at all what I wanted,75-89%,3-6 hrs,Mostly just before exams,Almost nothing,Less than 5 hrs,Sometimes,6-10 hrs,Almost every day,Mostly suitable,Good support,Mostly manageable,0,3,1,1,0,0,2,2,4,3,3,3,C1,C0
KUET,CSE,4.0,kuet,2026-08-10,0,False,"Yes, exactly what I wanted",60-74%,Less than 3 hrs,Mostly just before exams,Almost nothing,Less than 5 hrs,Rarely,11-15 hrs,Never,Mostly suitable,Good support,Average,4,2,0,1,0,0,1,3,0,3,3,2,C2,C2
KUET,CSE,5.0,kuet,2026-08-10,1,False,"Yes, exactly what I wanted",60-74%,Less than 3 hrs,Mostly just before exams,A little,6-7 hrs,Almost always,6-10 hrs,Almost every day,Mostly suitable,Good support,Difficult to manage,4,2,0,1,1,2,4,2,4,3,3,1,C1,C0
KUET,ECE,4.0,kuet,2026-08-10,0,False,Close to what I wanted,75-89%,Less than 3 hrs,Mostly just before exams,A little,5-6 hrs,Sometimes,1-5 hrs,Almost every day,Somewhat distracting,Some support,Completely unmanageable,3,3,0,1,1,1,2,1,4,1,2,0,C0,C0
KUET,ECE,4.0,kuet,2026-08-10,0,False,Mostly different,75-89%,Less than 3 hrs,Occasionally when necessary,About half,7-8 hrs,Often,None,Almost every day,Mostly suitable,Good support,Average,1,3,0,0,2,3,3,0,4,3,3,2,C0,C0
KUET,ECE,4.0,kuet,2026-08-10,0,False,Close to what I wanted,90% or more,7-10 hrs,Consistent throughout the semester,About half,5-6 hrs,Often,11-15 hrs,Almost every day,Neither good nor bad,Strong support,Mostly manageable,3,4,2,4,2,1,3,3,4,2,4,3,C1,C1
KUET,ECE,4.0,kuet,2026-08-10,0,False,Close to what I wanted,60-74%,Less than 3 hrs,Regularly but not every day,A little,5-6 hrs,Sometimes,1-5 hrs,Sometimes,Excellent for focused study,Strong support,Average,3,2,0,2,1,1,2,1,2,4,4,2,C0,C0
KUET,Unknown,4.0,kuet,2026-08-10,0,False,Close to what I wanted,60-74%,Less than 3 hrs,Occasionally when necessary,A little,7-8 hrs,Often,6-10 hrs,Almost every day,Very distracting,Strong support,Difficult to manage,3,2,0,0,1,3,3,2,4,0,4,1,C0,C0
KUET,ECE,4.0,kuet,2026-08-10,0,False,Close to what I wanted,90% or more,3-6 hrs,Mostly just before exams,Most of it,6-7 hrs,Sometimes,None,Almost every day,Mostly suitable,Some support,Difficult to manage,3,4,1,1,3,2,2,0,4,3,2,1,C3,C3
KUET,ECE,4.0,kuet,2026-08-10,0,False,Somewhat different,75-89%,3-6 hrs,Mostly just before exams,A little,5-6 hrs,Often,1-5 hrs,Sometimes,Neither good nor bad,Good support,Average,2,3,1,1,1,1,3,1,2,2,3,2,C1,C1
KUET,ECE,4.0,kuet,2026-08-10,0,False,Close to what I wanted,90% or more,7-10 hrs,Mostly consistent routine,About half,6-7 hrs,Rarely,6-10 hrs,Rarely,Excellent for focused study,Strong support,Average,3,4,2,3,2,2,1,2,1,4,4,2,C3,C3
KUET,ECE,4.0,kuet,2026-08-10,0,False,Close to what I wanted,90% or more,7-10 hrs,Mostly just before exams,Almost nothing,6-7 hrs,Sometimes,1-5 hrs,Often,Neither good nor bad,Very little support,Completely unmanageable,3,4,2,1,0,2,2,1,3,2,1,0,C0,C0
KUET,CSE,1.0,kuet,2026-08-11,1,False,"Yes, exactly what I wanted",90% or more,3-6 hrs,Regularly but not every day,About half,Less than 5 hrs,Rarely,1-5 hrs,Often,Mostly suitable,Good support,Mostly manageable,4,4,1,2,2,0,1,1,3,3,3,3,C2,C1
KUET,ME,7.0,kuet,2026-08-11,1,False,Close to what I wanted,75-89%,Less than 3 hrs,Mostly just before exams,A little,6-7 hrs,Almost always,None,Almost every day,Somewhat distracting,Strong support,Difficult to manage,3,3,0,1,1,2,4,0,4,1,4,1,C1,C0
KUET,ECE,4.0,kuet,2026-08-11,0,False,"Yes, exactly what I wanted",90% or more,Less than 3 hrs,Mostly just before exams,Most of it,6-7 hrs,Sometimes,More than 15 hrs,Sometimes,Excellent for focused study,Good support,Average,4,4,0,1,3,2,2,4,2,4,3,2,C0,C0
KUET,EEE,4.0,kuet,2026-08-11,0,False,"Yes, exactly what I wanted",90% or more,7-10 hrs,Regularly but not every day,Almost everything,5-6 hrs,Rarely,More than 15 hrs,Never,Mostly suitable,Strong support,Mostly manageable,4,4,2,2,4,1,1,4,0,3,4,3,C3,C3
KUET,EEE,4.0,kuet,2026-08-11,0,False,Close to what I wanted,90% or more,3-6 hrs,Occasionally when necessary,Most of it,7-8 hrs,Often,1-5 hrs,Rarely,Mostly suitable,Good support,Mostly manageable,3,4,1,0,3,3,3,1,1,3,3,3,C2,C2
KUET,EEE,4.0,kuet,2026-08-11,2,False,"Yes, exactly what I wanted",90% or more,11-15 hrs,Regularly but not every day,About half,6-7 hrs,Never,1-5 hrs,Sometimes,Mostly suitable,Some support,Mostly manageable,4,4,3,2,2,2,0,1,2,3,2,3,C3,C1
KUET,ECE,7.0,kuet,2026-08-11,0,False,Close to what I wanted,60-74%,Less than 3 hrs,Mostly just before exams,Almost nothing,5-6 hrs,Almost always,11-15 hrs,Sometimes,Neither good nor bad,Some support,Average,3,2,0,1,0,1,4,3,2,2,2,2,C0,C0
KUET,ECE,4.0,kuet,2026-08-11,0,False,Close to what I wanted,90% or more,Less than 3 hrs,Mostly just before exams,Most of it,More than 8 hrs,Often,1-5 hrs,Often,Neither good nor bad,No support,Average,3,4,0,1,3,4,3,1,3,2,0,2,C2,C2
KUET,ME,7.0,kuet,2026-08-11,1,False,"Yes, exactly what I wanted",90% or more,3-6 hrs,Regularly but not every day,Almost nothing,Less than 5 hrs,Almost always,11-15 hrs,Sometimes,Neither good nor bad,Some support,Completely unmanageable,4,4,1,2,0,0,4,3,2,2,2,0,C0,C1
KUET,ME,7.0,kuet,2026-08-11,0,False,"Yes, exactly what I wanted",90% or more,7-10 hrs,Regularly but not every day,Almost nothing,Less than 5 hrs,Sometimes,More than 15 hrs,Almost every day,Somewhat distracting,Some support,Difficult to manage,4,4,2,2,0,0,2,4,4,1,2,1,C0,C0
KUET,URP,4.0,kuet,2026-08-11,0,False,Mostly different,75-89%,Less than 3 hrs,Occasionally when necessary,Almost nothing,Less than 5 hrs,Often,None,Often,Neither good nor bad,No support,Completely unmanageable,1,3,0,0,0,0,3,0,3,2,0,0,C3,C3
KUET,URP,1.0,kuet,2026-08-11,0,False,Not at all what I wanted,90% or more,7-10 hrs,Mostly just before exams,A little,Less than 5 hrs,Often,6-10 hrs,Often,Somewhat distracting,Some support,Completely unmanageable,0,4,2,1,1,0,3,2,3,1,2,0,C1,C1
KUET,URP,1.0,kuet,2026-08-11,0,False,Close to what I wanted,75-89%,Less than 3 hrs,Mostly just before exams,A little,5-6 hrs,Often,1-5 hrs,Often,Very distracting,Very little support,Completely unmanageable,3,3,0,1,1,1,3,1,3,0,1,0,C0,C0
KUET,URP,5.0,kuet,2026-08-11,2,False,Not at all what I wanted,90% or more,7-10 hrs,Regularly but not every day,A little,7-8 hrs,Almost always,11-15 hrs,Almost every day,Mostly suitable,Very little support,Difficult to manage,0,4,2,2,1,3,4,3,4,3,1,1,C3,C1
KUET,URP,3.0,kuet,2026-08-11,0,False,Close to what I wanted,90% or more,11-15 hrs,Mostly just before exams,Most of it,Less than 5 hrs,Never,1-5 hrs,Sometimes,Excellent for focused study,Strong support,Average,3,4,3,1,3,0,0,1,2,4,4,2,C2,C2
KUET,CSE,1.0,kuet,2026-08-11,0,False,"Yes, exactly what I wanted",60-74%,More than 15 hrs,Regularly but not every day,About half,6-7 hrs,Sometimes,1-5 hrs,Often,Neither good nor bad,Good support,Average,4,2,4,2,2,2,2,1,3,2,3,2,C3,C3
KUET,URP,7.0,kuet,2026-08-11,0,False,Not at all what I wanted,90% or more,Less than 3 hrs,Mostly just before exams,Almost nothing,Less than 5 hrs,Almost always,None,Rarely,Neither good nor bad,Some support,Completely unmanageable,0,4,0,1,0,0,4,0,1,2,2,0,C1,C1
KUET,CSE,4.0,kuet,2026-08-12,0,False,Somewhat different,60-74%,7-10 hrs,Mostly just before exams,About half,6-7 hrs,Almost always,6-10 hrs,Often,Mostly suitable,Some support,Average,2,2,2,1,2,2,4,2,3,3,2,2,C0,C0
KUET,URP,5.0,kuet,2026-08-12,2,False,Not at all what I wanted,75-89%,Less than 3 hrs,Mostly just before exams,Most of it,6-7 hrs,Often,None,Often,Neither good nor bad,Some support,Average,0,3,0,1,3,2,3,0,3,2,2,2,C3,C1
KUET,URP,5.0,kuet,2026-08-12,2,False,Close to what I wanted,75-89%,Less than 3 hrs,Mostly just before exams,Almost nothing,6-7 hrs,Sometimes,More than 15 hrs,Rarely,Excellent for focused study,Strong support,Mostly manageable,3,3,0,1,0,2,2,4,1,4,4,3,C3,C1
KUET,ME,7.0,kuet,2026-08-12,0,False,Not at all what I wanted,75-89%,More than 15 hrs,Regularly but not every day,About half,Less than 5 hrs,Almost always,None,Often,Somewhat distracting,Some support,Completely unmanageable,0,3,4,2,2,0,4,0,3,1,2,0,C1,C1
KUET,EEE,3.0,kuet,2026-08-13,0,False,"Yes, exactly what I wanted",90% or more,7-10 hrs,Mostly just before exams,About half,5-6 hrs,Sometimes,11-15 hrs,Often,Mostly suitable,Some support,Average,4,4,2,1,2,1,2,3,3,3,2,2,C3,C3
